collected_at,location_name,congestion_status_raw,congestion_level_3class,label_num,hour,day_of_week,month,is_weekend,is_peak_hour,lag_1,lag_2,lag_3,rolling_mean_3,rolling_std_3,target_1h,target_1h_num
2026-03-21 02:42:03,Children's Grand Park,여유,Low,0,2,Saturday,3,1,0,0.0,0.0,0.0,0.0,0.0,Low,0.0
2026-03-21 02:48:56,Children's Grand Park,여유,Low,0,2,Saturday,3,1,0,0.0,0.0,0.0,0.0,0.0,Low,0.0
2026-03-21 21:49:02,Children's Grand Park,여유,Low,0,21,Saturday,3,1,0,0.0,0.0,0.0,0.0,0.0,Low,0.0
2026-03-21 22:49:04,Children's Grand Park,여유,Low,0,22,Saturday,3,1,0,0.0,0.0,0.0,0.0,0.0,Low,0.0
2026-03-21 23:48:57,Children's Grand Park,여유,Low,0,23,Saturday,3,1,0,0.0,0.0,0.0,0.0,0.0,Medium,1.0
2026-03-23 03:28:51,Children's Grand Park,보통,Medium,1,3,Monday,3,0,0,0.0,0.0,0.0,0.0,0.0,Medium,1.0
2026-03-23 04:20:06,Children's Grand Park,보통,Medium,1,4,Monday,3,0,0,1.0,0.0,0.0,0.3333333333333333,0.5773502691896258,Low,0.0
2026-03-23 11:17:14,Children's Grand Park,여유,Low,0,11,Monday,3,0,0,1.0,1.0,0.0,0.6666666666666666,0.5773502691896258,Medium,1.0
2026-03-23 13:38:25,Children's Grand Park,보통,Medium,1,13,Monday,3,0,0,0.0,1.0,1.0,0.6666666666666666,0.5773502691896258,Medium,1.0
2026-03-23 19:38:56,Children's Grand Park,보통,Medium,1,19,Monday,3,0,1,1.0,0.0,1.0,0.6666666666666666,0.5773502691896258,Medium,1.0
2026-03-23 23:46:41,Children's Grand Park,보통,Medium,1,23,Monday,3,0,0,1.0,1.0,0.0,0.6666666666666666,0.5773502691896258,Medium,1.0
2026-03-24 03:08:05,Children's Grand Park,보통,Medium,1,3,Tuesday,3,0,0,1.0,1.0,1.0,1.0,0.0,Medium,1.0
2026-03-24 05:08:48,Children's Grand Park,보통,Medium,1,5,Tuesday,3,0,0,1.0,1.0,1.0,1.0,0.0,Medium,1.0
2026-03-24 06:59:46,Children's Grand Park,보통,Medium,1,6,Tuesday,3,0,0,1.0,1.0,1.0,1.0,0.0,Medium,1.0
2026-03-24 08:57:15,Children's Grand Park,보통,Medium,1,8,Tuesday,3,0,1,1.0,1.0,1.0,1.0,0.0,Medium,1.0
2026-03-24 14:39:45,Children's Grand Park,보통,Medium,1,14,Tuesday,3,0,1,1.0,1.0,1.0,1.0,0.0,Low,0.0
2026-03-24 18:41:54,Children's Grand Park,여유,Low,0,18,Tuesday,3,0,1,1.0,1.0,1.0,1.0,0.0,Low,0.0
2026-03-24 21:08:56,Children's Grand Park,여유,Low,0,21,Tuesday,3,0,0,0.0,1.0,1.0,0.6666666666666666,0.5773502691896258,Low,0.0
2026-03-25 02:25:16,Children's Grand Park,여유,Low,0,2,Wednesday,3,0,0,0.0,0.0,1.0,0.3333333333333333,0.5773502691896258,Low,0.0
2026-03-25 04:43:31,Children's Grand Park,여유,Low,0,4,Wednesday,3,0,0,0.0,0.0,0.0,0.0,0.0,Low,0.0
2026-03-25 06:55:33,Children's Grand Park,여유,Low,0,6,Wednesday,3,0,0,0.0,0.0,0.0,0.0,0.0,Low,0.0
2026-03-25 08:05:29,Children's Grand Park,여유,Low,0,8,Wednesday,3,0,1,0.0,0.0,0.0,0.0,0.0,Low,0.0
2026-03-25 09:01:31,Children's Grand Park,여유,Low,0,9,Wednesday,3,0,0,0.0,0.0,0.0,0.0,0.0,Medium,1.0
2026-03-25 14:23:14,Children's Grand Park,보통,Medium,1,14,Wednesday,3,0,1,0.0,0.0,0.0,0.0,0.0,Medium,1.0
2026-03-25 17:03:40,Children's Grand Park,보통,Medium,1,17,Wednesday,3,0,1,1.0,0.0,0.0,0.3333333333333333,0.5773502691896258,Low,0.0
2026-03-25 19:35:57,Children's Grand Park,여유,Low,0,19,Wednesday,3,0,1,1.0,1.0,0.0,0.6666666666666666,0.5773502691896258,Low,0.0
2026-03-25 21:08:01,Children's Grand Park,여유,Low,0,21,Wednesday,3,0,0,0.0,1.0,1.0,0.6666666666666666,0.5773502691896258,Low,0.0
2026-03-25 23:23:08,Children's Grand Park,여유,Low,0,23,Wednesday,3,0,0,0.0,0.0,1.0,0.3333333333333333,0.5773502691896258,Low,0.0
2026-03-26 01:22:06,Children's Grand Park,여유,Low,0,1,Thursday,3,0,0,0.0,0.0,0.0,0.0,0.0,Low,0.0
2026-03-26 04:31:27,Children's Grand Park,여유,Low,0,4,Thursday,3,0,0,0.0,0.0,0.0,0.0,0.0,Low,0.0
2026-03-26 06:07:47,Children's Grand Park,여유,Low,0,6,Thursday,3,0,0,0.0,0.0,0.0,0.0,0.0,Low,0.0
2026-03-26 08:04:41,Children's Grand Park,여유,Low,0,8,Thursday,3,0,1,0.0,0.0,0.0,0.0,0.0,Low,0.0
2026-03-26 09:05:44,Children's Grand Park,여유,Low,0,9,Thursday,3,0,0,0.0,0.0,0.0,0.0,0.0,Low,0.0
2026-03-26 10:59:31,Children's Grand Park,여유,Low,0,10,Thursday,3,0,0,0.0,0.0,0.0,0.0,0.0,Medium,1.0
2026-03-26 14:54:27,Children's Grand Park,보통,Medium,1,14,Thursday,3,0,1,0.0,0.0,0.0,0.0,0.0,Low,0.0
2026-03-26 18:46:30,Children's Grand Park,여유,Low,0,18,Thursday,3,0,1,1.0,0.0,0.0,0.3333333333333333,0.5773502691896258,Low,0.0
2026-03-26 21:06:29,Children's Grand Park,여유,Low,0,21,Thursday,3,0,0,0.0,1.0,0.0,0.3333333333333333,0.5773502691896258,Low,0.0
2026-03-27 01:21:56,Children's Grand Park,여유,Low,0,1,Friday,3,0,0,0.0,0.0,1.0,0.3333333333333333,0.5773502691896258,Low,0.0
2026-03-27 04:46:55,Children's Grand Park,여유,Low,0,4,Friday,3,0,0,0.0,0.0,0.0,0.0,0.0,Low,0.0
2026-03-27 06:05:57,Children's Grand Park,여유,Low,0,6,Friday,3,0,0,0.0,0.0,0.0,0.0,0.0,Low,0.0
2026-03-27 08:01:41,Children's Grand Park,여유,Low,0,8,Friday,3,0,1,0.0,0.0,0.0,0.0,0.0,Low,0.0
2026-03-27 09:03:47,Children's Grand Park,여유,Low,0,9,Friday,3,0,0,0.0,0.0,0.0,0.0,0.0,Medium,1.0
2026-03-27 14:54:33,Children's Grand Park,보통,Medium,1,14,Friday,3,0,1,0.0,0.0,0.0,0.0,0.0,Medium,1.0
2026-03-27 17:10:50,Children's Grand Park,보통,Medium,1,17,Friday,3,0,1,1.0,0.0,0.0,0.3333333333333333,0.5773502691896258,Low,0.0
2026-03-27 20:10:37,Children's Grand Park,여유,Low,0,20,Friday,3,0,0,1.0,1.0,0.0,0.6666666666666666,0.5773502691896258,Low,0.0
2026-03-27 23:39:51,Children's Grand Park,여유,Low,0,23,Friday,3,0,0,0.0,1.0,1.0,0.6666666666666666,0.5773502691896258,Low,0.0
2026-03-28 02:40:01,Children's Grand Park,여유,Low,0,2,Saturday,3,1,0,0.0,0.0,1.0,0.3333333333333333,0.5773502691896258,Low,0.0
2026-03-28 04:54:17,Children's Grand Park,여유,Low,0,4,Saturday,3,1,0,0.0,0.0,0.0,0.0,0.0,Low,0.0
2026-03-28 06:54:29,Children's Grand Park,여유,Low,0,6,Saturday,3,1,0,0.0,0.0,0.0,0.0,0.0,Low,0.0
2026-03-28 08:47:58,Children's Grand Park,여유,Low,0,8,Saturday,3,1,1,0.0,0.0,0.0,0.0,0.0,High,2.0
2026-03-28 14:15:13,Children's Grand Park,약간 붐빔,High,2,14,Saturday,3,1,1,0.0,0.0,0.0,0.0,0.0,High,2.0
2026-03-28 16:52:08,Children's Grand Park,약간 붐빔,High,2,16,Saturday,3,1,1,2.0,0.0,0.0,0.6666666666666666,1.1547005383792517,Medium,1.0
2026-03-28 18:55:48,Children's Grand Park,보통,Medium,1,18,Saturday,3,1,1,2.0,2.0,0.0,1.3333333333333333,1.1547005383792517,Low,0.0
2026-03-28 20:04:52,Children's Grand Park,여유,Low,0,20,Saturday,3,1,0,1.0,2.0,2.0,1.6666666666666667,0.5773502691896258,Low,0.0
2026-03-28 23:05:14,Children's Grand Park,여유,Low,0,23,Saturday,3,1,0,0.0,1.0,2.0,1.0,1.0,Low,0.0
2026-03-29 00:05:47,Children's Grand Park,여유,Low,0,0,Sunday,3,1,0,0.0,0.0,1.0,0.3333333333333333,0.5773502691896258,Low,0.0
2026-03-29 01:03:31,Children's Grand Park,여유,Low,0,1,Sunday,3,1,0,0.0,0.0,0.0,0.0,0.0,Low,0.0
2026-03-29 02:51:00,Children's Grand Park,여유,Low,0,2,Sunday,3,1,0,0.0,0.0,0.0,0.0,0.0,Low,0.0
2026-03-29 04:27:15,Children's Grand Park,여유,Low,0,4,Sunday,3,1,0,0.0,0.0,0.0,0.0,0.0,Low,0.0
2026-03-29 05:03:35,Children's Grand Park,여유,Low,0,5,Sunday,3,1,0,0.0,0.0,0.0,0.0,0.0,Low,0.0
2026-03-29 06:04:01,Children's Grand Park,여유,Low,0,6,Sunday,3,1,0,0.0,0.0,0.0,0.0,0.0,Low,0.0
2026-03-29 08:04:04,Children's Grand Park,여유,Low,0,8,Sunday,3,1,1,0.0,0.0,0.0,0.0,0.0,Low,0.0
2026-03-29 09:02:36,Children's Grand Park,여유,Low,0,9,Sunday,3,1,0,0.0,0.0,0.0,0.0,0.0,High,2.0
2026-03-29 14:56:40,Children's Grand Park,약간 붐빔,High,2,14,Sunday,3,1,1,0.0,0.0,0.0,0.0,0.0,High,2.0
2026-03-29 17:04:19,Children's Grand Park,약간 붐빔,High,2,17,Sunday,3,1,1,2.0,0.0,0.0,0.6666666666666666,1.1547005383792517,Low,0.0
2026-03-29 19:00:18,Children's Grand Park,여유,Low,0,19,Sunday,3,1,1,2.0,2.0,0.0,1.3333333333333333,1.1547005383792517,Low,0.0
2026-03-29 20:44:53,Children's Grand Park,여유,Low,0,20,Sunday,3,1,0,0.0,2.0,2.0,1.3333333333333333,1.1547005383792517,Low,0.0
2026-03-29 23:04:31,Children's Grand Park,여유,Low,0,23,Sunday,3,1,0,0.0,0.0,2.0,0.6666666666666666,1.1547005383792517,Low,0.0
2026-03-30 00:49:55,Children's Grand Park,여유,Low,0,0,Monday,3,0,0,0.0,0.0,0.0,0.0,0.0,Low,0.0
2026-03-30 02:05:00,Children's Grand Park,여유,Low,0,2,Monday,3,0,0,0.0,0.0,0.0,0.0,0.0,Low,0.0
2026-03-30 03:03:49,Children's Grand Park,여유,Low,0,3,Monday,3,0,0,0.0,0.0,0.0,0.0,0.0,Low,0.0
2026-03-30 04:52:16,Children's Grand Park,여유,Low,0,4,Monday,3,0,0,0.0,0.0,0.0,0.0,0.0,Low,0.0
2026-03-30 06:03:05,Children's Grand Park,여유,Low,0,6,Monday,3,0,0,0.0,0.0,0.0,0.0,0.0,Low,0.0
2026-03-30 07:04:09,Children's Grand Park,여유,Low,0,7,Monday,3,0,0,0.0,0.0,0.0,0.0,0.0,Low,0.0
2026-03-30 08:51:02,Children's Grand Park,여유,Low,0,8,Monday,3,0,1,0.0,0.0,0.0,0.0,0.0,High,2.0
2026-03-30 15:18:00,Children's Grand Park,약간 붐빔,High,2,15,Monday,3,0,1,0.0,0.0,0.0,0.0,0.0,Low,0.0
2026-03-30 19:48:03,Children's Grand Park,여유,Low,0,19,Monday,3,0,1,2.0,0.0,0.0,0.6666666666666666,1.1547005383792517,Low,0.0
2026-03-30 23:53:58,Children's Grand Park,여유,Low,0,23,Monday,3,0,0,0.0,2.0,0.0,0.6666666666666666,1.1547005383792517,Low,0.0
2026-03-31 03:09:46,Children's Grand Park,여유,Low,0,3,Tuesday,3,0,0,0.0,0.0,2.0,0.6666666666666666,1.1547005383792517,Low,0.0
2026-03-31 05:08:48,Children's Grand Park,여유,Low,0,5,Tuesday,3,0,0,0.0,0.0,0.0,0.0,0.0,Low,0.0
2026-03-31 07:07:05,Children's Grand Park,여유,Low,0,7,Tuesday,3,0,0,0.0,0.0,0.0,0.0,0.0,Low,0.0
2026-03-31 08:55:35,Children's Grand Park,여유,Low,0,8,Tuesday,3,0,1,0.0,0.0,0.0,0.0,0.0,Medium,1.0
2026-03-31 15:00:00,Children's Grand Park,보통,Medium,1,15,Tuesday,3,0,1,0.0,0.0,0.0,0.0,0.0,Low,0.0
2026-03-31 18:48:48,Children's Grand Park,여유,Low,0,18,Tuesday,3,0,1,1.0,0.0,0.0,0.3333333333333333,0.5773502691896258,Low,0.0
2026-03-31 21:06:08,Children's Grand Park,여유,Low,0,21,Tuesday,3,0,0,0.0,1.0,0.0,0.3333333333333333,0.5773502691896258,Low,0.0
2026-04-01 00:55:27,Children's Grand Park,여유,Low,0,0,Wednesday,4,0,0,0.0,0.0,1.0,0.3333333333333333,0.5773502691896258,Low,0.0
2026-04-01 04:41:09,Children's Grand Park,여유,Low,0,4,Wednesday,4,0,0,0.0,0.0,0.0,0.0,0.0,Low,0.0
2026-04-01 06:58:27,Children's Grand Park,여유,Low,0,6,Wednesday,4,0,0,0.0,0.0,0.0,0.0,0.0,Low,0.0
2026-04-01 08:53:21,Children's Grand Park,여유,Low,0,8,Wednesday,4,0,1,0.0,0.0,0.0,0.0,0.0,High,2.0
2026-04-01 15:14:09,Children's Grand Park,약간 붐빔,High,2,15,Wednesday,4,0,1,0.0,0.0,0.0,0.0,0.0,High,2.0
2026-04-01 19:16:30,Children's Grand Park,약간 붐빔,High,2,19,Wednesday,4,0,1,2.0,0.0,0.0,0.6666666666666666,1.1547005383792517,Low,0.0
2026-04-01 23:52:37,Children's Grand Park,여유,Low,0,23,Wednesday,4,0,0,2.0,2.0,0.0,1.3333333333333333,1.1547005383792517,Low,0.0
2026-04-02 02:39:56,Children's Grand Park,여유,Low,0,2,Thursday,4,0,0,0.0,2.0,2.0,1.3333333333333333,1.1547005383792517,Low,0.0
2026-04-02 05:07:04,Children's Grand Park,여유,Low,0,5,Thursday,4,0,0,0.0,0.0,2.0,0.6666666666666666,1.1547005383792517,Low,0.0
2026-04-02 07:05:25,Children's Grand Park,여유,Low,0,7,Thursday,4,0,0,0.0,0.0,0.0,0.0,0.0,Low,0.0
2026-04-02 08:52:51,Children's Grand Park,여유,Low,0,8,Thursday,4,0,1,0.0,0.0,0.0,0.0,0.0,High,2.0
2026-04-02 14:51:21,Children's Grand Park,약간 붐빔,High,2,14,Thursday,4,0,1,0.0,0.0,0.0,0.0,0.0,Medium,1.0
2026-04-02 18:40:26,Children's Grand Park,보통,Medium,1,18,Thursday,4,0,1,2.0,0.0,0.0,0.6666666666666666,1.1547005383792517,Low,0.0
2026-04-02 21:04:06,Children's Grand Park,여유,Low,0,21,Thursday,4,0,0,1.0,2.0,0.0,1.0,1.0,Low,0.0
2026-04-03 00:40:38,Children's Grand Park,여유,Low,0,0,Friday,4,0,0,0.0,1.0,2.0,1.0,1.0,Low,0.0
2026-04-03 03:08:25,Children's Grand Park,여유,Low,0,3,Friday,4,0,0,0.0,0.0,1.0,0.3333333333333333,0.577350269189626,Low,0.0
2026-04-03 05:02:49,Children's Grand Park,여유,Low,0,5,Friday,4,0,0,0.0,0.0,0.0,0.0,0.0,Low,0.0
2026-04-03 06:56:47,Children's Grand Park,여유,Low,0,6,Friday,4,0,0,0.0,0.0,0.0,0.0,0.0,Low,0.0
2026-04-03 08:53:02,Children's Grand Park,여유,Low,0,8,Friday,4,0,1,0.0,0.0,0.0,0.0,0.0,High,2.0
2026-04-03 14:52:10,Children's Grand Park,약간 붐빔,High,2,14,Friday,4,0,1,0.0,0.0,0.0,0.0,0.0,High,2.0
2026-04-03 17:36:30,Children's Grand Park,약간 붐빔,High,2,17,Friday,4,0,1,2.0,0.0,0.0,0.6666666666666666,1.1547005383792517,Medium,1.0
2026-04-03 20:07:40,Children's Grand Park,보통,Medium,1,20,Friday,4,0,0,2.0,2.0,0.0,1.3333333333333333,1.1547005383792517,Low,0.0
2026-04-03 23:09:07,Children's Grand Park,여유,Low,0,23,Friday,4,0,0,1.0,2.0,2.0,1.6666666666666667,0.5773502691896258,Low,0.0
2026-04-04 01:04:43,Children's Grand Park,여유,Low,0,1,Saturday,4,1,0,0.0,1.0,2.0,1.0,1.0,Low,0.0
2026-04-04 02:56:22,Children's Grand Park,여유,Low,0,2,Saturday,4,1,0,0.0,0.0,1.0,0.3333333333333333,0.5773502691896258,Low,0.0
2026-04-04 04:57:15,Children's Grand Park,여유,Low,0,4,Saturday,4,1,0,0.0,0.0,0.0,0.0,0.0,Low,0.0
2026-04-04 06:53:06,Children's Grand Park,여유,Low,0,6,Saturday,4,1,0,0.0,0.0,0.0,0.0,0.0,Low,0.0
2026-04-04 08:06:03,Children's Grand Park,여유,Low,0,8,Saturday,4,1,1,0.0,0.0,0.0,0.0,0.0,Low,0.0
2026-04-04 09:04:06,Children's Grand Park,여유,Low,0,9,Saturday,4,1,0,0.0,0.0,0.0,0.0,0.0,High,2.0
2026-04-04 14:17:05,Children's Grand Park,약간 붐빔,High,2,14,Saturday,4,1,1,0.0,0.0,0.0,0.0,0.0,High,2.0
2026-04-04 16:55:46,Children's Grand Park,약간 붐빔,High,2,16,Saturday,4,1,1,2.0,0.0,0.0,0.6666666666666666,1.1547005383792517,High,2.0
2026-04-04 19:01:20,Children's Grand Park,약간 붐빔,High,2,19,Saturday,4,1,1,2.0,2.0,0.0,1.3333333333333333,1.1547005383792517,Low,0.0
2026-04-04 20:44:35,Children's Grand Park,여유,Low,0,20,Saturday,4,1,0,2.0,2.0,2.0,2.0,0.0,Low,0.0
2026-04-04 23:04:03,Children's Grand Park,여유,Low,0,23,Saturday,4,1,0,0.0,2.0,2.0,1.3333333333333333,1.1547005383792517,Low,0.0
2026-04-05 00:06:10,Children's Grand Park,여유,Low,0,0,Sunday,4,1,0,0.0,0.0,2.0,0.6666666666666666,1.1547005383792517,Low,0.0
2026-04-05 01:02:54,Children's Grand Park,여유,Low,0,1,Sunday,4,1,0,0.0,0.0,0.0,0.0,0.0,Low,0.0
2026-04-05 02:51:37,Children's Grand Park,여유,Low,0,2,Sunday,4,1,0,0.0,0.0,0.0,0.0,0.0,Low,0.0
2026-04-05 04:45:18,Children's Grand Park,여유,Low,0,4,Sunday,4,1,0,0.0,0.0,0.0,0.0,0.0,Low,0.0
2026-04-05 06:02:51,Children's Grand Park,여유,Low,0,6,Sunday,4,1,0,0.0,0.0,0.0,0.0,0.0,Low,0.0
2026-04-05 08:05:13,Children's Grand Park,여유,Low,0,8,Sunday,4,1,1,0.0,0.0,0.0,0.0,0.0,Low,0.0
2026-04-05 09:03:09,Children's Grand Park,여유,Low,0,9,Sunday,4,1,0,0.0,0.0,0.0,0.0,0.0,High,2.0
2026-04-05 14:58:16,Children's Grand Park,약간 붐빔,High,2,14,Sunday,4,1,1,0.0,0.0,0.0,0.0,0.0,High,2.0
2026-04-05 17:06:12,Children's Grand Park,약간 붐빔,High,2,17,Sunday,4,1,1,2.0,0.0,0.0,0.6666666666666666,1.1547005383792517,High,2.0
2026-04-05 19:04:06,Children's Grand Park,약간 붐빔,High,2,19,Sunday,4,1,1,2.0,2.0,0.0,1.3333333333333333,1.1547005383792517,Low,0.0
2026-04-05 20:47:02,Children's Grand Park,여유,Low,0,20,Sunday,4,1,0,2.0,2.0,2.0,2.0,0.0,Low,0.0
2026-04-05 23:04:40,Children's Grand Park,여유,Low,0,23,Sunday,4,1,0,0.0,2.0,2.0,1.3333333333333333,1.1547005383792517,Low,0.0
2026-04-06 00:50:36,Children's Grand Park,여유,Low,0,0,Monday,4,0,0,0.0,0.0,2.0,0.6666666666666666,1.1547005383792517,Low,0.0
2026-04-06 02:19:23,Children's Grand Park,여유,Low,0,2,Monday,4,0,0,0.0,0.0,0.0,0.0,0.0,Low,0.0
2026-04-06 04:25:12,Children's Grand Park,여유,Low,0,4,Monday,4,0,0,0.0,0.0,0.0,0.0,0.0,Low,0.0
2026-04-06 06:02:20,Children's Grand Park,여유,Low,0,6,Monday,4,0,0,0.0,0.0,0.0,0.0,0.0,Low,0.0
2026-04-06 07:01:14,Children's Grand Park,여유,Low,0,7,Monday,4,0,0,0.0,0.0,0.0,0.0,0.0,Low,0.0
2026-04-06 08:52:52,Children's Grand Park,여유,Low,0,8,Monday,4,0,1,0.0,0.0,0.0,0.0,0.0,Medium,1.0
2026-04-06 15:18:55,Children's Grand Park,보통,Medium,1,15,Monday,4,0,1,0.0,0.0,0.0,0.0,0.0,Low,0.0
2026-04-06 19:37:09,Children's Grand Park,여유,Low,0,19,Monday,4,0,1,1.0,0.0,0.0,0.3333333333333333,0.5773502691896258,Low,0.0
2026-04-06 23:16:09,Children's Grand Park,여유,Low,0,23,Monday,4,0,0,0.0,1.0,0.0,0.3333333333333333,0.5773502691896258,Low,0.0
2026-04-07 02:11:55,Children's Grand Park,여유,Low,0,2,Tuesday,4,0,0,0.0,0.0,1.0,0.3333333333333333,0.5773502691896258,Low,0.0
2026-04-07 04:58:22,Children's Grand Park,여유,Low,0,4,Tuesday,4,0,0,0.0,0.0,0.0,0.0,0.0,Low,0.0
2026-04-07 06:55:10,Children's Grand Park,여유,Low,0,6,Tuesday,4,0,0,0.0,0.0,0.0,0.0,0.0,Low,0.0
2026-04-07 08:54:58,Children's Grand Park,여유,Low,0,8,Tuesday,4,0,1,0.0,0.0,0.0,0.0,0.0,Medium,1.0
2026-04-07 15:06:59,Children's Grand Park,보통,Medium,1,15,Tuesday,4,0,1,0.0,0.0,0.0,0.0,0.0,Low,0.0
2026-04-07 18:55:19,Children's Grand Park,여유,Low,0,18,Tuesday,4,0,1,1.0,0.0,0.0,0.3333333333333333,0.5773502691896258,Low,0.0
2026-04-07 21:11:21,Children's Grand Park,여유,Low,0,21,Tuesday,4,0,0,0.0,1.0,0.0,0.3333333333333333,0.5773502691896258,Low,0.0
2026-04-08 01:18:54,Children's Grand Park,여유,Low,0,1,Wednesday,4,0,0,0.0,0.0,1.0,0.3333333333333333,0.5773502691896258,Low,0.0
2026-04-08 04:46:26,Children's Grand Park,여유,Low,0,4,Wednesday,4,0,0,0.0,0.0,0.0,0.0,0.0,Low,0.0
2026-04-08 07:02:11,Children's Grand Park,여유,Low,0,7,Wednesday,4,0,0,0.0,0.0,0.0,0.0,0.0,Low,0.0
2026-04-08 09:01:15,Children's Grand Park,여유,Low,0,9,Wednesday,4,0,0,0.0,0.0,0.0,0.0,0.0,High,2.0
2026-04-08 15:08:42,Children's Grand Park,약간 붐빔,High,2,15,Wednesday,4,0,1,0.0,0.0,0.0,0.0,0.0,Low,0.0
2026-04-08 18:55:22,Children's Grand Park,여유,Low,0,18,Wednesday,4,0,1,2.0,0.0,0.0,0.6666666666666666,1.1547005383792517,Low,0.0
2026-04-08 23:55:29,Children's Grand Park,여유,Low,0,23,Wednesday,4,0,0,0.0,2.0,0.0,0.6666666666666666,1.1547005383792517,Low,0.0
2026-04-09 04:48:28,Children's Grand Park,여유,Low,0,4,Thursday,4,0,0,0.0,0.0,2.0,0.6666666666666666,1.1547005383792517,Low,0.0
2026-04-09 07:05:49,Children's Grand Park,여유,Low,0,7,Thursday,4,0,0,0.0,0.0,0.0,0.0,0.0,Low,0.0
2026-04-09 08:56:15,Children's Grand Park,여유,Low,0,8,Thursday,4,0,1,0.0,0.0,0.0,0.0,0.0,Low,0.0
2026-04-09 15:09:11,Children's Grand Park,여유,Low,0,15,Thursday,4,0,1,0.0,0.0,0.0,0.0,0.0,Low,0.0
2026-04-09 19:42:29,Children's Grand Park,여유,Low,0,19,Thursday,4,0,1,0.0,0.0,0.0,0.0,0.0,Low,0.0
2026-04-10 01:07:14,Children's Grand Park,여유,Low,0,1,Friday,4,0,0,0.0,0.0,0.0,0.0,0.0,Low,0.0
2026-04-10 04:55:16,Children's Grand Park,여유,Low,0,4,Friday,4,0,0,0.0,0.0,0.0,0.0,0.0,Low,0.0
2026-04-10 07:09:03,Children's Grand Park,여유,Low,0,7,Friday,4,0,0,0.0,0.0,0.0,0.0,0.0,Low,0.0
2026-04-10 09:05:30,Children's Grand Park,여유,Low,0,9,Friday,4,0,0,0.0,0.0,0.0,0.0,0.0,Low,0.0
2026-04-10 15:22:13,Children's Grand Park,여유,Low,0,15,Friday,4,0,1,0.0,0.0,0.0,0.0,0.0,Low,0.0
2026-04-10 19:17:47,Children's Grand Park,여유,Low,0,19,Friday,4,0,1,0.0,0.0,0.0,0.0,0.0,Low,0.0
2026-04-10 23:32:56,Children's Grand Park,여유,Low,0,23,Friday,4,0,0,0.0,0.0,0.0,0.0,0.0,Low,0.0
2026-04-11 02:36:09,Children's Grand Park,여유,Low,0,2,Saturday,4,1,0,0.0,0.0,0.0,0.0,0.0,Low,0.0
2026-04-11 04:56:19,Children's Grand Park,여유,Low,0,4,Saturday,4,1,0,0.0,0.0,0.0,0.0,0.0,Low,0.0
2026-04-11 07:03:20,Children's Grand Park,여유,Low,0,7,Saturday,4,1,0,0.0,0.0,0.0,0.0,0.0,Low,0.0
2026-04-11 08:55:33,Children's Grand Park,여유,Low,0,8,Saturday,4,1,1,0.0,0.0,0.0,0.0,0.0,Low,0.0
2026-04-11 11:22:49,Children's Grand Park,여유,Low,0,11,Saturday,4,1,0,0.0,0.0,0.0,0.0,0.0,High,2.0
2026-04-11 13:38:51,Children's Grand Park,약간 붐빔,High,2,13,Saturday,4,1,0,0.0,0.0,0.0,0.0,0.0,High,2.0
2026-04-11 14:39:35,Children's Grand Park,약간 붐빔,High,2,14,Saturday,4,1,1,2.0,0.0,0.0,0.6666666666666666,1.1547005383792517,High,2.0
2026-04-11 17:01:44,Children's Grand Park,약간 붐빔,High,2,17,Saturday,4,1,1,2.0,2.0,0.0,1.3333333333333333,1.1547005383792517,Low,0.0
2026-04-11 19:05:28,Children's Grand Park,여유,Low,0,19,Saturday,4,1,1,2.0,2.0,2.0,2.0,0.0,Low,0.0
2026-04-11 20:46:56,Children's Grand Park,여유,Low,0,20,Saturday,4,1,0,0.0,2.0,2.0,1.3333333333333333,1.1547005383792517,Low,0.0
2026-04-11 23:06:12,Children's Grand Park,여유,Low,0,23,Saturday,4,1,0,0.0,0.0,2.0,0.6666666666666666,1.1547005383792517,Low,0.0
2026-04-12 00:50:47,Children's Grand Park,여유,Low,0,0,Sunday,4,1,0,0.0,0.0,0.0,0.0,0.0,Low,0.0
2026-04-12 02:21:08,Children's Grand Park,여유,Low,0,2,Sunday,4,1,0,0.0,0.0,0.0,0.0,0.0,Low,0.0
2026-04-12 04:26:15,Children's Grand Park,여유,Low,0,4,Sunday,4,1,0,0.0,0.0,0.0,0.0,0.0,Low,0.0
2026-04-12 06:03:00,Children's Grand Park,여유,Low,0,6,Sunday,4,1,0,0.0,0.0,0.0,0.0,0.0,Low,0.0
2026-04-12 07:02:09,Children's Grand Park,여유,Low,0,7,Sunday,4,1,0,0.0,0.0,0.0,0.0,0.0,Low,0.0
2026-04-12 08:54:30,Children's Grand Park,여유,Low,0,8,Sunday,4,1,1,0.0,0.0,0.0,0.0,0.0,High,2.0
2026-04-12 15:13:19,Children's Grand Park,약간 붐빔,High,2,15,Sunday,4,1,1,0.0,0.0,0.0,0.0,0.0,Medium,1.0
2026-04-12 18:08:57,Children's Grand Park,보통,Medium,1,18,Sunday,4,1,1,2.0,0.0,0.0,0.6666666666666666,1.1547005383792517,Low,0.0
2026-04-12 20:22:25,Children's Grand Park,여유,Low,0,20,Sunday,4,1,0,1.0,2.0,0.0,1.0,1.0,Low,0.0
2026-04-12 23:06:39,Children's Grand Park,여유,Low,0,23,Sunday,4,1,0,0.0,1.0,2.0,1.0,1.0,Low,0.0
2026-04-13 00:55:39,Children's Grand Park,여유,Low,0,0,Monday,4,0,0,0.0,0.0,1.0,0.3333333333333333,0.577350269189626,Low,0.0
2026-04-13 02:55:57,Children's Grand Park,여유,Low,0,2,Monday,4,0,0,0.0,0.0,0.0,0.0,0.0,Low,0.0
2026-04-13 04:56:22,Children's Grand Park,여유,Low,0,4,Monday,4,0,0,0.0,0.0,0.0,0.0,0.0,Low,0.0
2026-04-13 06:54:29,Children's Grand Park,여유,Low,0,6,Monday,4,0,0,0.0,0.0,0.0,0.0,0.0,Low,0.0
2026-04-13 08:56:47,Children's Grand Park,여유,Low,0,8,Monday,4,0,1,0.0,0.0,0.0,0.0,0.0,Low,0.0
2026-04-13 16:29:03,Children's Grand Park,여유,Low,0,16,Monday,4,0,1,0.0,0.0,0.0,0.0,0.0,Low,0.0
2026-04-13 20:57:44,Children's Grand Park,여유,Low,0,20,Monday,4,0,0,0.0,0.0,0.0,0.0,0.0,Low,0.0
2026-04-14 01:42:19,Children's Grand Park,여유,Low,0,1,Tuesday,4,0,0,0.0,0.0,0.0,0.0,0.0,Low,0.0
2026-04-14 05:14:30,Children's Grand Park,여유,Low,0,5,Tuesday,4,0,0,0.0,0.0,0.0,0.0,0.0,Low,0.0
2026-04-14 08:06:35,Children's Grand Park,여유,Low,0,8,Tuesday,4,0,1,0.0,0.0,0.0,0.0,0.0,Medium,1.0
2026-04-14 15:14:03,Children's Grand Park,보통,Medium,1,15,Tuesday,4,0,1,0.0,0.0,0.0,0.0,0.0,Low,0.0
2026-04-14 19:48:57,Children's Grand Park,여유,Low,0,19,Tuesday,4,0,1,1.0,0.0,0.0,0.3333333333333333,0.5773502691896258,Low,0.0
2026-04-15 00:51:14,Children's Grand Park,여유,Low,0,0,Wednesday,4,0,0,0.0,1.0,0.0,0.3333333333333333,0.5773502691896258,Low,0.0
2026-04-15 04:54:58,Children's Grand Park,여유,Low,0,4,Wednesday,4,0,0,0.0,0.0,1.0,0.3333333333333333,0.5773502691896258,Low,0.0
2026-04-15 07:34:10,Children's Grand Park,여유,Low,0,7,Wednesday,4,0,0,0.0,0.0,0.0,0.0,0.0,Medium,1.0
2026-04-15 15:08:15,Children's Grand Park,보통,Medium,1,15,Wednesday,4,0,1,0.0,0.0,0.0,0.0,0.0,Low,0.0
2026-04-15 19:44:18,Children's Grand Park,여유,Low,0,19,Wednesday,4,0,1,1.0,0.0,0.0,0.3333333333333333,0.5773502691896258,Low,0.0
2026-04-15 23:57:44,Children's Grand Park,여유,Low,0,23,Wednesday,4,0,0,0.0,1.0,0.0,0.3333333333333333,0.5773502691896258,Low,0.0
2026-04-16 03:56:02,Children's Grand Park,여유,Low,0,3,Thursday,4,0,0,0.0,0.0,1.0,0.3333333333333333,0.5773502691896258,Low,0.0
2026-04-16 07:06:16,Children's Grand Park,여유,Low,0,7,Thursday,4,0,0,0.0,0.0,0.0,0.0,0.0,Low,0.0
2026-04-16 14:53:45,Children's Grand Park,여유,Low,0,14,Thursday,4,0,1,0.0,0.0,0.0,0.0,0.0,Low,0.0
2026-04-16 19:44:37,Children's Grand Park,여유,Low,0,19,Thursday,4,0,1,0.0,0.0,0.0,0.0,0.0,Low,0.0
2026-04-17 01:11:11,Children's Grand Park,여유,Low,0,1,Friday,4,0,0,0.0,0.0,0.0,0.0,0.0,Low,0.0
2026-04-17 05:03:39,Children's Grand Park,여유,Low,0,5,Friday,4,0,0,0.0,0.0,0.0,0.0,0.0,Low,0.0
2026-04-17 07:10:32,Children's Grand Park,여유,Low,0,7,Friday,4,0,0,0.0,0.0,0.0,0.0,0.0,Low,0.0
2026-04-17 09:09:56,Children's Grand Park,여유,Low,0,9,Friday,4,0,0,0.0,0.0,0.0,0.0,0.0,Low,0.0
2026-04-17 15:26:32,Children's Grand Park,여유,Low,0,15,Friday,4,0,1,0.0,0.0,0.0,0.0,0.0,Low,0.0
2026-04-17 17:15:32,Children's Grand Park,여유,Low,0,17,Friday,4,0,1,0.0,0.0,0.0,0.0,0.0,Low,0.0
2026-04-17 18:51:43,Children's Grand Park,여유,Low,0,18,Friday,4,0,1,0.0,0.0,0.0,0.0,0.0,Low,0.0
2026-04-17 19:47:44,Children's Grand Park,여유,Low,0,19,Friday,4,0,1,0.0,0.0,0.0,0.0,0.0,Low,0.0
2026-04-17 20:40:19,Children's Grand Park,여유,Low,0,20,Friday,4,0,0,0.0,0.0,0.0,0.0,0.0,Low,0.0
2026-04-17 21:46:28,Children's Grand Park,여유,Low,0,21,Friday,4,0,0,0.0,0.0,0.0,0.0,0.0,Low,0.0
2026-04-17 23:14:05,Children's Grand Park,여유,Low,0,23,Friday,4,0,0,0.0,0.0,0.0,0.0,0.0,Low,0.0
2026-04-18 00:33:20,Children's Grand Park,여유,Low,0,0,Saturday,4,1,0,0.0,0.0,0.0,0.0,0.0,Low,0.0
2026-04-18 01:32:07,Children's Grand Park,여유,Low,0,1,Saturday,4,1,0,0.0,0.0,0.0,0.0,0.0,Low,0.0
2026-04-18 02:30:17,Children's Grand Park,여유,Low,0,2,Saturday,4,1,0,0.0,0.0,0.0,0.0,0.0,Low,0.0
2026-04-18 03:32:32,Children's Grand Park,여유,Low,0,3,Saturday,4,1,0,0.0,0.0,0.0,0.0,0.0,Low,0.0
2026-04-18 04:42:56,Children's Grand Park,여유,Low,0,4,Saturday,4,1,0,0.0,0.0,0.0,0.0,0.0,Low,0.0
2026-04-18 05:32:13,Children's Grand Park,여유,Low,0,5,Saturday,4,1,0,0.0,0.0,0.0,0.0,0.0,Low,0.0
2026-04-18 06:25:21,Children's Grand Park,여유,Low,0,6,Saturday,4,1,0,0.0,0.0,0.0,0.0,0.0,Low,0.0
2026-04-18 07:21:10,Children's Grand Park,여유,Low,0,7,Saturday,4,1,0,0.0,0.0,0.0,0.0,0.0,Low,0.0
2026-04-18 08:06:39,Children's Grand Park,여유,Low,0,8,Saturday,4,1,1,0.0,0.0,0.0,0.0,0.0,Medium,1.0
2026-04-18 12:27:50,Children's Grand Park,보통,Medium,1,12,Saturday,4,1,0,0.0,0.0,0.0,0.0,0.0,High,2.0
2026-04-18 14:25:58,Children's Grand Park,약간 붐빔,High,2,14,Saturday,4,1,1,1.0,0.0,0.0,0.3333333333333333,0.5773502691896258,High,2.0
2026-04-18 15:49:20,Children's Grand Park,약간 붐빔,High,2,15,Saturday,4,1,1,2.0,1.0,0.0,1.0,1.0,High,2.0
2026-04-18 16:50:39,Children's Grand Park,약간 붐빔,High,2,16,Saturday,4,1,1,2.0,2.0,1.0,1.6666666666666667,0.5773502691896257,High,2.0
2026-04-18 17:35:52,Children's Grand Park,약간 붐빔,High,2,17,Saturday,4,1,1,2.0,2.0,2.0,2.0,0.0,Medium,1.0
2026-04-18 18:32:30,Children's Grand Park,보통,Medium,1,18,Saturday,4,1,1,2.0,2.0,2.0,2.0,0.0,Low,0.0
2026-04-18 19:24:37,Children's Grand Park,여유,Low,0,19,Saturday,4,1,1,1.0,2.0,2.0,1.6666666666666667,0.5773502691896258,Low,0.0
2026-04-18 20:20:31,Children's Grand Park,여유,Low,0,20,Saturday,4,1,0,0.0,1.0,2.0,1.0,1.0,Low,0.0
2026-04-18 22:24:33,Children's Grand Park,여유,Low,0,22,Saturday,4,1,0,0.0,0.0,1.0,0.3333333333333333,0.5773502691896258,Low,0.0
2026-04-18 23:23:15,Children's Grand Park,여유,Low,0,23,Saturday,4,1,0,0.0,0.0,0.0,0.0,0.0,Low,0.0
2026-04-19 00:04:51,Children's Grand Park,여유,Low,0,0,Sunday,4,1,0,0.0,0.0,0.0,0.0,0.0,Low,0.0
2026-04-19 01:30:03,Children's Grand Park,여유,Low,0,1,Sunday,4,1,0,0.0,0.0,0.0,0.0,0.0,Low,0.0
2026-04-19 02:19:41,Children's Grand Park,여유,Low,0,2,Sunday,4,1,0,0.0,0.0,0.0,0.0,0.0,Low,0.0
2026-04-19 04:07:25,Children's Grand Park,여유,Low,0,4,Sunday,4,1,0,0.0,0.0,0.0,0.0,0.0,Low,0.0
2026-04-19 05:28:07,Children's Grand Park,여유,Low,0,5,Sunday,4,1,0,0.0,0.0,0.0,0.0,0.0,Low,0.0
2026-04-19 06:05:56,Children's Grand Park,여유,Low,0,6,Sunday,4,1,0,0.0,0.0,0.0,0.0,0.0,Low,0.0
2026-04-19 07:20:05,Children's Grand Park,여유,Low,0,7,Sunday,4,1,0,0.0,0.0,0.0,0.0,0.0,Low,0.0
2026-04-19 08:50:02,Children's Grand Park,여유,Low,0,8,Sunday,4,1,1,0.0,0.0,0.0,0.0,0.0,Low,0.0
2026-04-19 10:14:19,Children's Grand Park,여유,Low,0,10,Sunday,4,1,0,0.0,0.0,0.0,0.0,0.0,Medium,1.0
2026-04-19 13:26:51,Children's Grand Park,보통,Medium,1,13,Sunday,4,1,0,0.0,0.0,0.0,0.0,0.0,High,2.0
2026-04-19 15:17:45,Children's Grand Park,약간 붐빔,High,2,15,Sunday,4,1,1,1.0,0.0,0.0,0.3333333333333333,0.5773502691896258,High,2.0
2026-04-19 16:51:18,Children's Grand Park,약간 붐빔,High,2,16,Sunday,4,1,1,2.0,1.0,0.0,1.0,1.0,Medium,1.0
2026-04-19 17:42:24,Children's Grand Park,보통,Medium,1,17,Sunday,4,1,1,2.0,2.0,1.0,1.6666666666666667,0.5773502691896257,Low,0.0
2026-04-19 18:35:49,Children's Grand Park,여유,Low,0,18,Sunday,4,1,1,1.0,2.0,2.0,1.6666666666666667,0.5773502691896258,Low,0.0
2026-04-19 19:23:18,Children's Grand Park,여유,Low,0,19,Sunday,4,1,1,0.0,1.0,2.0,1.0,1.0,Low,0.0
2026-04-19 20:06:28,Children's Grand Park,여유,Low,0,20,Sunday,4,1,0,0.0,0.0,1.0,0.3333333333333333,0.5773502691896258,Low,0.0
2026-04-19 21:30:04,Children's Grand Park,여유,Low,0,21,Sunday,4,1,0,0.0,0.0,0.0,0.0,0.0,Low,0.0
2026-04-19 22:45:09,Children's Grand Park,여유,Low,0,22,Sunday,4,1,0,0.0,0.0,0.0,0.0,0.0,Low,0.0
2026-04-19 23:31:03,Children's Grand Park,여유,Low,0,23,Sunday,4,1,0,0.0,0.0,0.0,0.0,0.0,Low,0.0
2026-04-20 00:22:24,Children's Grand Park,여유,Low,0,0,Monday,4,0,0,0.0,0.0,0.0,0.0,0.0,Low,0.0
2026-04-20 01:56:38,Children's Grand Park,여유,Low,0,1,Monday,4,0,0,0.0,0.0,0.0,0.0,0.0,Low,0.0
2026-04-20 02:51:11,Children's Grand Park,여유,Low,0,2,Monday,4,0,0,0.0,0.0,0.0,0.0,0.0,Low,0.0
2026-04-20 03:33:14,Children's Grand Park,여유,Low,0,3,Monday,4,0,0,0.0,0.0,0.0,0.0,0.0,Low,0.0
2026-04-20 04:28:36,Children's Grand Park,여유,Low,0,4,Monday,4,0,0,0.0,0.0,0.0,0.0,0.0,Low,0.0
2026-04-20 05:05:08,Children's Grand Park,여유,Low,0,5,Monday,4,0,0,0.0,0.0,0.0,0.0,0.0,Low,0.0
2026-04-20 06:28:46,Children's Grand Park,여유,Low,0,6,Monday,4,0,0,0.0,0.0,0.0,0.0,0.0,Low,0.0
2026-04-20 07:04:07,Children's Grand Park,여유,Low,0,7,Monday,4,0,0,0.0,0.0,0.0,0.0,0.0,Low,0.0
2026-04-20 08:32:58,Children's Grand Park,여유,Low,0,8,Monday,4,0,1,0.0,0.0,0.0,0.0,0.0,Low,0.0
2026-04-20 09:06:19,Children's Grand Park,여유,Low,0,9,Monday,4,0,0,0.0,0.0,0.0,0.0,0.0,Low,0.0
2026-04-20 12:50:42,Children's Grand Park,여유,Low,0,12,Monday,4,0,0,0.0,0.0,0.0,0.0,0.0,Low,0.0
2026-04-20 15:07:58,Children's Grand Park,여유,Low,0,15,Monday,4,0,1,0.0,0.0,0.0,0.0,0.0,Low,0.0
2026-04-20 17:27:20,Children's Grand Park,여유,Low,0,17,Monday,4,0,1,0.0,0.0,0.0,0.0,0.0,Low,0.0
2026-04-20 19:21:48,Children's Grand Park,여유,Low,0,19,Monday,4,0,1,0.0,0.0,0.0,0.0,0.0,Low,0.0
2026-04-20 20:49:48,Children's Grand Park,여유,Low,0,20,Monday,4,0,0,0.0,0.0,0.0,0.0,0.0,Low,0.0
2026-04-20 21:57:03,Children's Grand Park,여유,Low,0,21,Monday,4,0,0,0.0,0.0,0.0,0.0,0.0,Low,0.0
2026-04-20 23:57:51,Children's Grand Park,여유,Low,0,23,Monday,4,0,0,0.0,0.0,0.0,0.0,0.0,Low,0.0
2026-04-21 01:20:35,Children's Grand Park,여유,Low,0,1,Tuesday,4,0,0,0.0,0.0,0.0,0.0,0.0,Low,0.0
2026-04-21 02:33:52,Children's Grand Park,여유,Low,0,2,Tuesday,4,0,0,0.0,0.0,0.0,0.0,0.0,Low,0.0
2026-04-21 03:39:38,Children's Grand Park,여유,Low,0,3,Tuesday,4,0,0,0.0,0.0,0.0,0.0,0.0,Low,0.0
2026-04-21 04:50:53,Children's Grand Park,여유,Low,0,4,Tuesday,4,0,0,0.0,0.0,0.0,0.0,0.0,Low,0.0
2026-04-21 05:35:20,Children's Grand Park,여유,Low,0,5,Tuesday,4,0,0,0.0,0.0,0.0,0.0,0.0,Low,0.0
2026-04-21 06:30:34,Children's Grand Park,여유,Low,0,6,Tuesday,4,0,0,0.0,0.0,0.0,0.0,0.0,Low,0.0
2026-04-21 07:27:26,Children's Grand Park,여유,Low,0,7,Tuesday,4,0,0,0.0,0.0,0.0,0.0,0.0,Low,0.0
2026-04-21 08:25:55,Children's Grand Park,여유,Low,0,8,Tuesday,4,0,1,0.0,0.0,0.0,0.0,0.0,Low,0.0
2026-04-21 10:08:53,Children's Grand Park,여유,Low,0,10,Tuesday,4,0,0,0.0,0.0,0.0,0.0,0.0,Low,0.0
2026-04-21 13:23:33,Children's Grand Park,여유,Low,0,13,Tuesday,4,0,0,0.0,0.0,0.0,0.0,0.0,Low,0.0
2026-04-21 15:19:38,Children's Grand Park,여유,Low,0,15,Tuesday,4,0,1,0.0,0.0,0.0,0.0,0.0,Low,0.0
2026-04-21 17:13:44,Children's Grand Park,여유,Low,0,17,Tuesday,4,0,1,0.0,0.0,0.0,0.0,0.0,Low,0.0
2026-04-21 18:55:36,Children's Grand Park,여유,Low,0,18,Tuesday,4,0,1,0.0,0.0,0.0,0.0,0.0,Low,0.0
2026-04-21 20:21:58,Children's Grand Park,여유,Low,0,20,Tuesday,4,0,0,0.0,0.0,0.0,0.0,0.0,Low,0.0
2026-04-21 21:12:53,Children's Grand Park,여유,Low,0,21,Tuesday,4,0,0,0.0,0.0,0.0,0.0,0.0,Low,0.0
2026-04-21 23:12:51,Children's Grand Park,여유,Low,0,23,Tuesday,4,0,0,0.0,0.0,0.0,0.0,0.0,Low,0.0
2026-04-22 00:48:04,Children's Grand Park,여유,Low,0,0,Wednesday,4,0,0,0.0,0.0,0.0,0.0,0.0,Low,0.0
2026-04-22 01:45:14,Children's Grand Park,여유,Low,0,1,Wednesday,4,0,0,0.0,0.0,0.0,0.0,0.0,Low,0.0
2026-04-22 02:47:21,Children's Grand Park,여유,Low,0,2,Wednesday,4,0,0,0.0,0.0,0.0,0.0,0.0,Low,0.0
2026-04-22 03:51:05,Children's Grand Park,여유,Low,0,3,Wednesday,4,0,0,0.0,0.0,0.0,0.0,0.0,Low,0.0
2026-04-22 04:59:13,Children's Grand Park,여유,Low,0,4,Wednesday,4,0,0,0.0,0.0,0.0,0.0,0.0,Low,0.0
2026-04-22 06:03:04,Children's Grand Park,여유,Low,0,6,Wednesday,4,0,0,0.0,0.0,0.0,0.0,0.0,Low,0.0
2026-04-22 07:56:30,Children's Grand Park,여유,Low,0,7,Wednesday,4,0,0,0.0,0.0,0.0,0.0,0.0,Low,0.0
2026-04-22 08:50:09,Children's Grand Park,여유,Low,0,8,Wednesday,4,0,1,0.0,0.0,0.0,0.0,0.0,Low,0.0
2026-04-22 10:10:24,Children's Grand Park,여유,Low,0,10,Wednesday,4,0,0,0.0,0.0,0.0,0.0,0.0,Low,0.0
2026-04-22 13:22:00,Children's Grand Park,여유,Low,0,13,Wednesday,4,0,0,0.0,0.0,0.0,0.0,0.0,Low,0.0
2026-04-22 15:18:02,Children's Grand Park,여유,Low,0,15,Wednesday,4,0,1,0.0,0.0,0.0,0.0,0.0,Low,0.0
2026-04-22 17:12:41,Children's Grand Park,여유,Low,0,17,Wednesday,4,0,1,0.0,0.0,0.0,0.0,0.0,Low,0.0
2026-04-22 18:57:14,Children's Grand Park,여유,Low,0,18,Wednesday,4,0,1,0.0,0.0,0.0,0.0,0.0,Low,0.0
2026-04-22 20:20:01,Children's Grand Park,여유,Low,0,20,Wednesday,4,0,0,0.0,0.0,0.0,0.0,0.0,Low,0.0
2026-04-22 21:12:10,Children's Grand Park,여유,Low,0,21,Wednesday,4,0,0,0.0,0.0,0.0,0.0,0.0,Low,0.0
2026-04-22 23:13:53,Children's Grand Park,여유,Low,0,23,Wednesday,4,0,0,0.0,0.0,0.0,0.0,0.0,Low,0.0
2026-04-23 00:46:24,Children's Grand Park,여유,Low,0,0,Thursday,4,0,0,0.0,0.0,0.0,0.0,0.0,Low,0.0
2026-04-23 01:46:22,Children's Grand Park,여유,Low,0,1,Thursday,4,0,0,0.0,0.0,0.0,0.0,0.0,Low,0.0
2026-04-23 02:47:45,Children's Grand Park,여유,Low,0,2,Thursday,4,0,0,0.0,0.0,0.0,0.0,0.0,Low,0.0
2026-04-23 03:53:23,Children's Grand Park,여유,Low,0,3,Thursday,4,0,0,0.0,0.0,0.0,0.0,0.0,Low,0.0
2026-04-23 05:03:03,Children's Grand Park,여유,Low,0,5,Thursday,4,0,0,0.0,0.0,0.0,0.0,0.0,Low,0.0
2026-04-23 06:08:30,Children's Grand Park,여유,Low,0,6,Thursday,4,0,0,0.0,0.0,0.0,0.0,0.0,Low,0.0
2026-04-23 07:04:21,Children's Grand Park,여유,Low,0,7,Thursday,4,0,0,0.0,0.0,0.0,0.0,0.0,Low,0.0
2026-04-23 08:02:53,Children's Grand Park,여유,Low,0,8,Thursday,4,0,1,0.0,0.0,0.0,0.0,0.0,Low,0.0
2026-04-23 12:43:34,Children's Grand Park,여유,Low,0,12,Thursday,4,0,0,0.0,0.0,0.0,0.0,0.0,Low,0.0
2026-04-23 14:57:42,Children's Grand Park,여유,Low,0,14,Thursday,4,0,1,0.0,0.0,0.0,0.0,0.0,Low,0.0
2026-04-23 17:09:12,Children's Grand Park,여유,Low,0,17,Thursday,4,0,1,0.0,0.0,0.0,0.0,0.0,Low,0.0
2026-04-23 19:00:48,Children's Grand Park,여유,Low,0,19,Thursday,4,0,1,0.0,0.0,0.0,0.0,0.0,Low,0.0
2026-04-23 20:21:41,Children's Grand Park,여유,Low,0,20,Thursday,4,0,0,0.0,0.0,0.0,0.0,0.0,Low,0.0
2026-04-23 21:13:28,Children's Grand Park,여유,Low,0,21,Thursday,4,0,0,0.0,0.0,0.0,0.0,0.0,Low,0.0
2026-04-23 23:17:06,Children's Grand Park,여유,Low,0,23,Thursday,4,0,0,0.0,0.0,0.0,0.0,0.0,Low,0.0
2026-04-24 02:51:53,Children's Grand Park,여유,Low,0,2,Friday,4,0,0,0.0,0.0,0.0,0.0,0.0,Low,0.0
2026-04-24 03:57:05,Children's Grand Park,여유,Low,0,3,Friday,4,0,0,0.0,0.0,0.0,0.0,0.0,Low,0.0
2026-04-24 05:11:46,Children's Grand Park,여유,Low,0,5,Friday,4,0,0,0.0,0.0,0.0,0.0,0.0,Low,0.0
2026-04-24 06:11:44,Children's Grand Park,여유,Low,0,6,Friday,4,0,0,0.0,0.0,0.0,0.0,0.0,Low,0.0
2026-04-24 07:05:32,Children's Grand Park,여유,Low,0,7,Friday,4,0,0,0.0,0.0,0.0,0.0,0.0,Low,0.0
2026-04-24 08:04:05,Children's Grand Park,여유,Low,0,8,Friday,4,0,1,0.0,0.0,0.0,0.0,0.0,Medium,1.0
2026-04-24 12:46:59,Children's Grand Park,보통,Medium,1,12,Friday,4,0,0,0.0,0.0,0.0,0.0,0.0,Medium,1.0
2026-04-24 15:01:02,Children's Grand Park,보통,Medium,1,15,Friday,4,0,1,1.0,0.0,0.0,0.3333333333333333,0.5773502691896258,Low,0.0
2026-04-24 17:20:37,Children's Grand Park,여유,Low,0,17,Friday,4,0,1,1.0,1.0,0.0,0.6666666666666666,0.5773502691896258,Low,0.0
2026-04-24 18:59:01,Children's Grand Park,여유,Low,0,18,Friday,4,0,1,0.0,1.0,1.0,0.6666666666666666,0.5773502691896258,Low,0.0
2026-04-24 20:20:52,Children's Grand Park,여유,Low,0,20,Friday,4,0,0,0.0,0.0,1.0,0.3333333333333333,0.5773502691896258,Low,0.0
2026-04-24 21:12:04,Children's Grand Park,여유,Low,0,21,Friday,4,0,0,0.0,0.0,0.0,0.0,0.0,Low,0.0
2026-04-24 23:12:17,Children's Grand Park,여유,Low,0,23,Friday,4,0,0,0.0,0.0,0.0,0.0,0.0,Low,0.0
2026-04-25 00:43:14,Children's Grand Park,여유,Low,0,0,Saturday,4,1,0,0.0,0.0,0.0,0.0,0.0,Low,0.0
2026-04-25 01:42:31,Children's Grand Park,여유,Low,0,1,Saturday,4,1,0,0.0,0.0,0.0,0.0,0.0,Low,0.0
2026-04-25 02:41:19,Children's Grand Park,여유,Low,0,2,Saturday,4,1,0,0.0,0.0,0.0,0.0,0.0,Low,0.0
2026-04-25 03:33:18,Children's Grand Park,여유,Low,0,3,Saturday,4,1,0,0.0,0.0,0.0,0.0,0.0,Low,0.0
2026-04-25 04:36:23,Children's Grand Park,여유,Low,0,4,Saturday,4,1,0,0.0,0.0,0.0,0.0,0.0,Low,0.0
2026-04-25 05:28:13,Children's Grand Park,여유,Low,0,5,Saturday,4,1,0,0.0,0.0,0.0,0.0,0.0,Low,0.0
2026-04-25 06:30:49,Children's Grand Park,여유,Low,0,6,Saturday,4,1,0,0.0,0.0,0.0,0.0,0.0,Low,0.0
2026-04-25 07:26:15,Children's Grand Park,여유,Low,0,7,Saturday,4,1,0,0.0,0.0,0.0,0.0,0.0,Low,0.0
2026-04-25 08:23:24,Children's Grand Park,여유,Low,0,8,Saturday,4,1,1,0.0,0.0,0.0,0.0,0.0,Low,0.0
2026-04-25 09:02:58,Children's Grand Park,여유,Low,0,9,Saturday,4,1,0,0.0,0.0,0.0,0.0,0.0,Medium,1.0
2026-04-25 12:30:01,Children's Grand Park,보통,Medium,1,12,Saturday,4,1,0,0.0,0.0,0.0,0.0,0.0,High,2.0
2026-04-25 14:31:13,Children's Grand Park,약간 붐빔,High,2,14,Saturday,4,1,1,1.0,0.0,0.0,0.3333333333333333,0.5773502691896258,High,2.0
2026-04-25 15:55:15,Children's Grand Park,약간 붐빔,High,2,15,Saturday,4,1,1,2.0,1.0,0.0,1.0,1.0,High,2.0
2026-04-25 17:10:54,Children's Grand Park,약간 붐빔,High,2,17,Saturday,4,1,1,2.0,2.0,1.0,1.6666666666666667,0.5773502691896257,Medium,1.0
2026-04-25 18:14:21,Children's Grand Park,보통,Medium,1,18,Saturday,4,1,1,2.0,2.0,2.0,2.0,0.0,Low,0.0
2026-04-25 19:10:29,Children's Grand Park,여유,Low,0,19,Saturday,4,1,1,1.0,2.0,2.0,1.6666666666666667,0.5773502691896258,Low,0.0
2026-04-25 20:08:13,Children's Grand Park,여유,Low,0,20,Saturday,4,1,0,0.0,1.0,2.0,1.0,1.0,Low,0.0
2026-04-25 22:37:43,Children's Grand Park,여유,Low,0,22,Saturday,4,1,0,0.0,0.0,1.0,0.3333333333333333,0.5773502691896258,Low,0.0
2026-04-25 23:27:40,Children's Grand Park,여유,Low,0,23,Saturday,4,1,0,0.0,0.0,0.0,0.0,0.0,Low,0.0
2026-04-26 00:24:30,Children's Grand Park,여유,Low,0,0,Sunday,4,1,0,0.0,0.0,0.0,0.0,0.0,Low,0.0
2026-04-26 01:09:03,Children's Grand Park,여유,Low,0,1,Sunday,4,1,0,0.0,0.0,0.0,0.0,0.0,Low,0.0
2026-04-26 02:05:10,Children's Grand Park,여유,Low,0,2,Sunday,4,1,0,0.0,0.0,0.0,0.0,0.0,Low,0.0
2026-04-26 04:09:01,Children's Grand Park,여유,Low,0,4,Sunday,4,1,0,0.0,0.0,0.0,0.0,0.0,Low,0.0
2026-04-26 05:54:08,Children's Grand Park,여유,Low,0,5,Sunday,4,1,0,0.0,0.0,0.0,0.0,0.0,Low,0.0
2026-04-26 06:50:57,Children's Grand Park,여유,Low,0,6,Sunday,4,1,0,0.0,0.0,0.0,0.0,0.0,Low,0.0
2026-04-26 07:24:41,Children's Grand Park,여유,Low,0,7,Sunday,4,1,0,0.0,0.0,0.0,0.0,0.0,Low,0.0
2026-04-26 08:21:01,Children's Grand Park,여유,Low,0,8,Sunday,4,1,1,0.0,0.0,0.0,0.0,0.0,Medium,1.0
2026-04-26 12:52:59,Children's Grand Park,보통,Medium,1,12,Sunday,4,1,0,0.0,0.0,0.0,0.0,0.0,High,2.0
2026-04-26 15:03:51,Children's Grand Park,약간 붐빔,High,2,15,Sunday,4,1,1,1.0,0.0,0.0,0.3333333333333333,0.5773502691896258,High,2.0
2026-04-26 16:53:08,Children's Grand Park,약간 붐빔,High,2,16,Sunday,4,1,1,2.0,1.0,0.0,1.0,1.0,Medium,1.0
2026-04-26 17:55:01,Children's Grand Park,보통,Medium,1,17,Sunday,4,1,1,2.0,2.0,1.0,1.6666666666666667,0.5773502691896257,Low,0.0
2026-04-26 19:04:38,Children's Grand Park,여유,Low,0,19,Sunday,4,1,1,1.0,2.0,2.0,1.6666666666666667,0.5773502691896258,Low,0.0
2026-04-26 20:00:39,Children's Grand Park,여유,Low,0,20,Sunday,4,1,0,0.0,1.0,2.0,1.0,1.0,Low,0.0
2026-04-26 21:48:43,Children's Grand Park,여유,Low,0,21,Sunday,4,1,0,0.0,0.0,1.0,0.3333333333333333,0.5773502691896258,Low,0.0
2026-04-26 22:56:52,Children's Grand Park,여유,Low,0,22,Sunday,4,1,0,0.0,0.0,0.0,0.0,0.0,Low,0.0
2026-04-26 23:59:21,Children's Grand Park,여유,Low,0,23,Sunday,4,1,0,0.0,0.0,0.0,0.0,0.0,Low,0.0
2026-04-27 00:54:46,Children's Grand Park,여유,Low,0,0,Monday,4,0,0,0.0,0.0,0.0,0.0,0.0,Low,0.0
2026-04-27 01:59:44,Children's Grand Park,여유,Low,0,1,Monday,4,0,0,0.0,0.0,0.0,0.0,0.0,Low,0.0
2026-04-27 02:55:32,Children's Grand Park,여유,Low,0,2,Monday,4,0,0,0.0,0.0,0.0,0.0,0.0,Low,0.0
2026-04-27 04:11:31,Children's Grand Park,여유,Low,0,4,Monday,4,0,0,0.0,0.0,0.0,0.0,0.0,Low,0.0
2026-04-27 05:00:08,Children's Grand Park,여유,Low,0,5,Monday,4,0,0,0.0,0.0,0.0,0.0,0.0,Low,0.0
2026-04-27 06:52:32,Children's Grand Park,여유,Low,0,6,Monday,4,0,0,0.0,0.0,0.0,0.0,0.0,Low,0.0
2026-04-27 07:31:26,Children's Grand Park,여유,Low,0,7,Monday,4,0,0,0.0,0.0,0.0,0.0,0.0,Low,0.0
2026-04-27 08:22:54,Children's Grand Park,여유,Low,0,8,Monday,4,0,1,0.0,0.0,0.0,0.0,0.0,Low,0.0
2026-04-27 09:02:52,Children's Grand Park,여유,Low,0,9,Monday,4,0,0,0.0,0.0,0.0,0.0,0.0,Low,0.0
2026-04-27 12:57:08,Children's Grand Park,여유,Low,0,12,Monday,4,0,0,0.0,0.0,0.0,0.0,0.0,Low,0.0
2026-04-27 15:40:11,Children's Grand Park,여유,Low,0,15,Monday,4,0,1,0.0,0.0,0.0,0.0,0.0,Low,0.0
2026-04-27 18:11:23,Children's Grand Park,여유,Low,0,18,Monday,4,0,1,0.0,0.0,0.0,0.0,0.0,Low,0.0
2026-04-27 20:20:45,Children's Grand Park,여유,Low,0,20,Monday,4,0,0,0.0,0.0,0.0,0.0,0.0,Low,0.0
2026-04-27 21:57:58,Children's Grand Park,여유,Low,0,21,Monday,4,0,0,0.0,0.0,0.0,0.0,0.0,Low,0.0
2026-04-28 00:17:00,Children's Grand Park,여유,Low,0,0,Tuesday,4,0,0,0.0,0.0,0.0,0.0,0.0,Low,0.0
2026-04-28 02:00:06,Children's Grand Park,여유,Low,0,2,Tuesday,4,0,0,0.0,0.0,0.0,0.0,0.0,Low,0.0
2026-04-28 03:18:12,Children's Grand Park,여유,Low,0,3,Tuesday,4,0,0,0.0,0.0,0.0,0.0,0.0,Low,0.0
2026-04-28 04:52:12,Children's Grand Park,여유,Low,0,4,Tuesday,4,0,0,0.0,0.0,0.0,0.0,0.0,Low,0.0
2026-04-28 05:54:38,Children's Grand Park,여유,Low,0,5,Tuesday,4,0,0,0.0,0.0,0.0,0.0,0.0,Low,0.0
2026-04-28 07:05:06,Children's Grand Park,여유,Low,0,7,Tuesday,4,0,0,0.0,0.0,0.0,0.0,0.0,Low,0.0
2026-04-28 08:08:18,Children's Grand Park,여유,Low,0,8,Tuesday,4,0,1,0.0,0.0,0.0,0.0,0.0,Low,0.0
2026-04-28 09:05:48,Children's Grand Park,여유,Low,0,9,Tuesday,4,0,0,0.0,0.0,0.0,0.0,0.0,Low,0.0
2026-04-28 13:03:21,Children's Grand Park,여유,Low,0,13,Tuesday,4,0,0,0.0,0.0,0.0,0.0,0.0,Low,0.0
2026-04-28 15:41:42,Children's Grand Park,여유,Low,0,15,Tuesday,4,0,1,0.0,0.0,0.0,0.0,0.0,Low,0.0
2026-04-28 18:12:53,Children's Grand Park,여유,Low,0,18,Tuesday,4,0,1,0.0,0.0,0.0,0.0,0.0,Low,0.0
2026-04-28 20:20:25,Children's Grand Park,여유,Low,0,20,Tuesday,4,0,0,0.0,0.0,0.0,0.0,0.0,Low,0.0
2026-04-28 22:04:33,Children's Grand Park,여유,Low,0,22,Tuesday,4,0,0,0.0,0.0,0.0,0.0,0.0,Low,0.0
2026-04-29 00:35:42,Children's Grand Park,여유,Low,0,0,Wednesday,4,0,0,0.0,0.0,0.0,0.0,0.0,Low,0.0
2026-04-29 02:16:31,Children's Grand Park,여유,Low,0,2,Wednesday,4,0,0,0.0,0.0,0.0,0.0,0.0,Low,0.0
2026-04-29 03:58:03,Children's Grand Park,여유,Low,0,3,Wednesday,4,0,0,0.0,0.0,0.0,0.0,0.0,Low,0.0
2026-04-29 05:38:25,Children's Grand Park,여유,Low,0,5,Wednesday,4,0,0,0.0,0.0,0.0,0.0,0.0,Low,0.0
2026-04-29 06:42:35,Children's Grand Park,여유,Low,0,6,Wednesday,4,0,0,0.0,0.0,0.0,0.0,0.0,Low,0.0
2026-04-29 07:43:03,Children's Grand Park,여유,Low,0,7,Wednesday,4,0,0,0.0,0.0,0.0,0.0,0.0,Low,0.0
2026-04-29 08:42:06,Children's Grand Park,여유,Low,0,8,Wednesday,4,0,1,0.0,0.0,0.0,0.0,0.0,Low,0.0
2026-04-29 10:27:44,Children's Grand Park,여유,Low,0,10,Wednesday,4,0,0,0.0,0.0,0.0,0.0,0.0,Medium,1.0
2026-04-29 13:59:49,Children's Grand Park,보통,Medium,1,13,Wednesday,4,0,0,0.0,0.0,0.0,0.0,0.0,Low,0.0
2026-04-29 16:33:58,Children's Grand Park,여유,Low,0,16,Wednesday,4,0,1,1.0,0.0,0.0,0.3333333333333333,0.5773502691896258,Low,0.0
2026-04-29 18:37:02,Children's Grand Park,여유,Low,0,18,Wednesday,4,0,1,0.0,1.0,0.0,0.3333333333333333,0.5773502691896258,Low,0.0
2026-04-29 20:18:31,Children's Grand Park,여유,Low,0,20,Wednesday,4,0,0,0.0,0.0,1.0,0.3333333333333333,0.5773502691896258,Low,0.0
2026-04-29 22:00:29,Children's Grand Park,여유,Low,0,22,Wednesday,4,0,0,0.0,0.0,0.0,0.0,0.0,Low,0.0
2026-04-30 00:25:25,Children's Grand Park,여유,Low,0,0,Thursday,4,0,0,0.0,0.0,0.0,0.0,0.0,Low,0.0
2026-04-30 02:09:30,Children's Grand Park,여유,Low,0,2,Thursday,4,0,0,0.0,0.0,0.0,0.0,0.0,Low,0.0
2026-04-30 03:53:01,Children's Grand Park,여유,Low,0,3,Thursday,4,0,0,0.0,0.0,0.0,0.0,0.0,Low,0.0
2026-04-30 05:08:21,Children's Grand Park,여유,Low,0,5,Thursday,4,0,0,0.0,0.0,0.0,0.0,0.0,Low,0.0
2026-04-30 06:18:20,Children's Grand Park,여유,Low,0,6,Thursday,4,0,0,0.0,0.0,0.0,0.0,0.0,Low,0.0
2026-04-30 07:15:23,Children's Grand Park,여유,Low,0,7,Thursday,4,0,0,0.0,0.0,0.0,0.0,0.0,Low,0.0
2026-04-30 08:15:25,Children's Grand Park,여유,Low,0,8,Thursday,4,0,1,0.0,0.0,0.0,0.0,0.0,Low,0.0
2026-04-30 09:12:31,Children's Grand Park,여유,Low,0,9,Thursday,4,0,0,0.0,0.0,0.0,0.0,0.0,Medium,1.0
2026-04-30 13:09:22,Children's Grand Park,보통,Medium,1,13,Thursday,4,0,0,0.0,0.0,0.0,0.0,0.0,Medium,1.0
2026-04-30 15:44:44,Children's Grand Park,보통,Medium,1,15,Thursday,4,0,1,1.0,0.0,0.0,0.3333333333333333,0.5773502691896258,Low,0.0
2026-04-30 18:06:47,Children's Grand Park,여유,Low,0,18,Thursday,4,0,1,1.0,1.0,0.0,0.6666666666666666,0.5773502691896258,Low,0.0
2026-04-30 20:05:08,Children's Grand Park,여유,Low,0,20,Thursday,4,0,0,0.0,1.0,1.0,0.6666666666666666,0.5773502691896258,Low,0.0
2026-04-30 21:22:46,Children's Grand Park,여유,Low,0,21,Thursday,4,0,0,0.0,0.0,1.0,0.3333333333333333,0.5773502691896258,Low,0.0
2026-04-30 23:31:39,Children's Grand Park,여유,Low,0,23,Thursday,4,0,0,0.0,0.0,0.0,0.0,0.0,Low,0.0
2026-05-01 01:08:16,Children's Grand Park,여유,Low,0,1,Friday,5,0,0,0.0,0.0,0.0,0.0,0.0,Low,0.0
2026-05-01 02:44:46,Children's Grand Park,여유,Low,0,2,Friday,5,0,0,0.0,0.0,0.0,0.0,0.0,Low,0.0
2026-05-01 04:02:08,Children's Grand Park,여유,Low,0,4,Friday,5,0,0,0.0,0.0,0.0,0.0,0.0,Low,0.0
2026-05-01 05:17:50,Children's Grand Park,여유,Low,0,5,Friday,5,0,0,0.0,0.0,0.0,0.0,0.0,Low,0.0
2026-05-01 06:30:25,Children's Grand Park,여유,Low,0,6,Friday,5,0,0,0.0,0.0,0.0,0.0,0.0,Low,0.0
2026-05-01 07:32:36,Children's Grand Park,여유,Low,0,7,Friday,5,0,0,0.0,0.0,0.0,0.0,0.0,Low,0.0
2026-05-01 08:33:02,Children's Grand Park,여유,Low,0,8,Friday,5,0,1,0.0,0.0,0.0,0.0,0.0,Low,0.0
2026-05-01 10:25:33,Children's Grand Park,여유,Low,0,10,Friday,5,0,0,0.0,0.0,0.0,0.0,0.0,High,2.0
2026-05-01 14:27:40,Children's Grand Park,약간 붐빔,High,2,14,Friday,5,0,1,0.0,0.0,0.0,0.0,0.0,High,2.0
2026-05-01 16:52:04,Children's Grand Park,약간 붐빔,High,2,16,Friday,5,0,1,2.0,0.0,0.0,0.6666666666666666,1.1547005383792517,Medium,1.0
2026-05-01 18:26:55,Children's Grand Park,보통,Medium,1,18,Friday,5,0,1,2.0,2.0,0.0,1.3333333333333333,1.1547005383792517,Low,0.0
2026-05-01 19:55:09,Children's Grand Park,여유,Low,0,19,Friday,5,0,1,1.0,2.0,2.0,1.6666666666666667,0.5773502691896258,Low,0.0
2026-05-01 21:05:06,Children's Grand Park,여유,Low,0,21,Friday,5,0,0,0.0,1.0,2.0,1.0,1.0,Low,0.0
2026-05-01 22:51:49,Children's Grand Park,여유,Low,0,22,Friday,5,0,0,0.0,0.0,1.0,0.3333333333333333,0.5773502691896258,Low,0.0
2026-05-01 23:47:18,Children's Grand Park,여유,Low,0,23,Friday,5,0,0,0.0,0.0,0.0,0.0,0.0,Low,0.0
2026-05-02 00:43:27,Children's Grand Park,여유,Low,0,0,Saturday,5,1,0,0.0,0.0,0.0,0.0,0.0,Low,0.0
2026-05-02 01:41:28,Children's Grand Park,여유,Low,0,1,Saturday,5,1,0,0.0,0.0,0.0,0.0,0.0,Low,0.0
2026-05-02 02:45:10,Children's Grand Park,여유,Low,0,2,Saturday,5,1,0,0.0,0.0,0.0,0.0,0.0,Low,0.0
2026-05-02 03:51:50,Children's Grand Park,여유,Low,0,3,Saturday,5,1,0,0.0,0.0,0.0,0.0,0.0,Low,0.0
2026-05-02 05:00:57,Children's Grand Park,여유,Low,0,5,Saturday,5,1,0,0.0,0.0,0.0,0.0,0.0,Low,0.0
2026-05-02 06:05:47,Children's Grand Park,여유,Low,0,6,Saturday,5,1,0,0.0,0.0,0.0,0.0,0.0,Low,0.0
2026-05-02 07:03:21,Children's Grand Park,여유,Low,0,7,Saturday,5,1,0,0.0,0.0,0.0,0.0,0.0,Low,0.0
2026-05-02 08:04:27,Children's Grand Park,여유,Low,0,8,Saturday,5,1,1,0.0,0.0,0.0,0.0,0.0,Low,0.0
2026-05-02 09:01:38,Children's Grand Park,여유,Low,0,9,Saturday,5,1,0,0.0,0.0,0.0,0.0,0.0,Medium,1.0
2026-05-02 12:47:11,Children's Grand Park,보통,Medium,1,12,Saturday,5,1,0,0.0,0.0,0.0,0.0,0.0,High,2.0
2026-05-02 14:58:27,Children's Grand Park,약간 붐빔,High,2,14,Saturday,5,1,1,1.0,0.0,0.0,0.3333333333333333,0.5773502691896258,Medium,1.0
2026-05-02 16:58:23,Children's Grand Park,보통,Medium,1,16,Saturday,5,1,1,2.0,1.0,0.0,1.0,1.0,Low,0.0
2026-05-02 18:18:35,Children's Grand Park,여유,Low,0,18,Saturday,5,1,1,1.0,2.0,1.0,1.3333333333333333,0.5773502691896257,Low,0.0
2026-05-02 19:14:37,Children's Grand Park,여유,Low,0,19,Saturday,5,1,1,0.0,1.0,2.0,1.0,1.0,Low,0.0
2026-05-02 20:11:45,Children's Grand Park,여유,Low,0,20,Saturday,5,1,0,0.0,0.0,1.0,0.3333333333333333,0.5773502691896258,Low,0.0
2026-05-02 21:03:44,Children's Grand Park,여유,Low,0,21,Saturday,5,1,0,0.0,0.0,0.0,0.0,0.0,Low,0.0
2026-05-02 22:44:46,Children's Grand Park,여유,Low,0,22,Saturday,5,1,0,0.0,0.0,0.0,0.0,0.0,Low,0.0
2026-05-02 23:38:53,Children's Grand Park,여유,Low,0,23,Saturday,5,1,0,0.0,0.0,0.0,0.0,0.0,Low,0.0
2026-05-03 00:35:20,Children's Grand Park,여유,Low,0,0,Sunday,5,1,0,0.0,0.0,0.0,0.0,0.0,Low,0.0
2026-05-03 01:29:23,Children's Grand Park,여유,Low,0,1,Sunday,5,1,0,0.0,0.0,0.0,0.0,0.0,Low,0.0
2026-05-03 02:29:17,Children's Grand Park,여유,Low,0,2,Sunday,5,1,0,0.0,0.0,0.0,0.0,0.0,Low,0.0
2026-05-03 03:33:08,Children's Grand Park,여유,Low,0,3,Sunday,5,1,0,0.0,0.0,0.0,0.0,0.0,Low,0.0
2026-05-03 04:39:29,Children's Grand Park,여유,Low,0,4,Sunday,5,1,0,0.0,0.0,0.0,0.0,0.0,Low,0.0
2026-05-03 05:27:54,Children's Grand Park,여유,Low,0,5,Sunday,5,1,0,0.0,0.0,0.0,0.0,0.0,Low,0.0
2026-05-03 06:23:31,Children's Grand Park,여유,Low,0,6,Sunday,5,1,0,0.0,0.0,0.0,0.0,0.0,Low,0.0
2026-05-03 07:05:46,Children's Grand Park,여유,Low,0,7,Sunday,5,1,0,0.0,0.0,0.0,0.0,0.0,Low,0.0
2026-05-03 08:01:42,Children's Grand Park,여유,Low,0,8,Sunday,5,1,1,0.0,0.0,0.0,0.0,0.0,Low,0.0
2026-05-03 13:07:47,Children's Grand Park,여유,Low,0,13,Sunday,5,1,0,0.0,0.0,0.0,0.0,0.0,Low,0.0
2026-05-03 15:39:30,Children's Grand Park,여유,Low,0,15,Sunday,5,1,1,0.0,0.0,0.0,0.0,0.0,Low,0.0
2026-05-03 17:28:34,Children's Grand Park,여유,Low,0,17,Sunday,5,1,1,0.0,0.0,0.0,0.0,0.0,Low,0.0
2026-05-03 18:53:26,Children's Grand Park,여유,Low,0,18,Sunday,5,1,1,0.0,0.0,0.0,0.0,0.0,Low,0.0
2026-05-03 19:51:03,Children's Grand Park,여유,Low,0,19,Sunday,5,1,1,0.0,0.0,0.0,0.0,0.0,Low,0.0
2026-05-03 20:34:55,Children's Grand Park,여유,Low,0,20,Sunday,5,1,0,0.0,0.0,0.0,0.0,0.0,Low,0.0
2026-05-03 21:34:08,Children's Grand Park,여유,Low,0,21,Sunday,5,1,0,0.0,0.0,0.0,0.0,0.0,Low,0.0
2026-05-03 22:57:20,Children's Grand Park,여유,Low,0,22,Sunday,5,1,0,0.0,0.0,0.0,0.0,0.0,Low,0.0
2026-05-04 00:02:56,Children's Grand Park,여유,Low,0,0,Monday,5,0,0,0.0,0.0,0.0,0.0,0.0,Low,0.0
2026-05-04 02:05:00,Children's Grand Park,여유,Low,0,2,Monday,5,0,0,0.0,0.0,0.0,0.0,0.0,Low,0.0
2026-05-04 03:00:09,Children's Grand Park,여유,Low,0,3,Monday,5,0,0,0.0,0.0,0.0,0.0,0.0,Low,0.0
2026-05-04 04:15:20,Children's Grand Park,여유,Low,0,4,Monday,5,0,0,0.0,0.0,0.0,0.0,0.0,Low,0.0
2026-05-04 05:04:10,Children's Grand Park,여유,Low,0,5,Monday,5,0,0,0.0,0.0,0.0,0.0,0.0,Low,0.0
2026-05-04 06:57:10,Children's Grand Park,여유,Low,0,6,Monday,5,0,0,0.0,0.0,0.0,0.0,0.0,Low,0.0
2026-05-04 08:00:40,Children's Grand Park,여유,Low,0,8,Monday,5,0,1,0.0,0.0,0.0,0.0,0.0,Low,0.0
2026-05-04 09:00:25,Children's Grand Park,여유,Low,0,9,Monday,5,0,0,0.0,0.0,0.0,0.0,0.0,High,2.0
2026-05-04 13:04:50,Children's Grand Park,약간 붐빔,High,2,13,Monday,5,0,0,0.0,0.0,0.0,0.0,0.0,High,2.0
2026-05-04 15:51:55,Children's Grand Park,약간 붐빔,High,2,15,Monday,5,0,1,2.0,0.0,0.0,0.6666666666666666,1.1547005383792517,Medium,1.0
2026-05-04 18:12:14,Children's Grand Park,보통,Medium,1,18,Monday,5,0,1,2.0,2.0,0.0,1.3333333333333333,1.1547005383792517,Low,0.0
2026-05-04 20:20:34,Children's Grand Park,여유,Low,0,20,Monday,5,0,0,1.0,2.0,2.0,1.6666666666666667,0.5773502691896258,Low,0.0
2026-05-04 22:01:47,Children's Grand Park,여유,Low,0,22,Monday,5,0,0,0.0,1.0,2.0,1.0,1.0,Low,0.0
2026-05-05 00:17:50,Children's Grand Park,여유,Low,0,0,Tuesday,5,0,0,0.0,0.0,1.0,0.3333333333333333,0.5773502691896258,Low,0.0
2026-05-05 02:07:28,Children's Grand Park,여유,Low,0,2,Tuesday,5,0,0,0.0,0.0,0.0,0.0,0.0,Low,0.0
2026-05-05 03:54:35,Children's Grand Park,여유,Low,0,3,Tuesday,5,0,0,0.0,0.0,0.0,0.0,0.0,Low,0.0
2026-05-05 05:40:10,Children's Grand Park,여유,Low,0,5,Tuesday,5,0,0,0.0,0.0,0.0,0.0,0.0,Low,0.0
2026-05-05 06:48:17,Children's Grand Park,여유,Low,0,6,Tuesday,5,0,0,0.0,0.0,0.0,0.0,0.0,Low,0.0
2026-05-05 07:43:43,Children's Grand Park,여유,Low,0,7,Tuesday,5,0,0,0.0,0.0,0.0,0.0,0.0,Low,0.0
2026-05-05 08:40:26,Children's Grand Park,여유,Low,0,8,Tuesday,5,0,1,0.0,0.0,0.0,0.0,0.0,Medium,1.0
2026-05-05 10:22:36,Children's Grand Park,보통,Medium,1,10,Tuesday,5,0,0,0.0,0.0,0.0,0.0,0.0,High,2.0
2026-05-05 13:38:10,Children's Grand Park,약간 붐빔,High,2,13,Tuesday,5,0,0,1.0,0.0,0.0,0.3333333333333333,0.5773502691896258,High,2.0
2026-05-05 16:04:58,Children's Grand Park,약간 붐빔,High,2,16,Tuesday,5,0,1,2.0,1.0,0.0,1.0,1.0,High,2.0
2026-05-05 18:18:18,Children's Grand Park,약간 붐빔,High,2,18,Tuesday,5,0,1,2.0,2.0,1.0,1.6666666666666667,0.5773502691896257,High,2.0
2026-05-05 19:57:11,Children's Grand Park,약간 붐빔,High,2,19,Tuesday,5,0,1,2.0,2.0,2.0,2.0,0.0,Low,0.0
2026-05-05 21:11:55,Children's Grand Park,여유,Low,0,21,Tuesday,5,0,0,2.0,2.0,2.0,2.0,0.0,Low,0.0
2026-05-05 23:30:05,Children's Grand Park,여유,Low,0,23,Tuesday,5,0,0,0.0,2.0,2.0,1.3333333333333333,1.1547005383792517,Low,0.0
2026-05-06 01:14:21,Children's Grand Park,여유,Low,0,1,Wednesday,5,0,0,0.0,0.0,2.0,0.6666666666666666,1.1547005383792517,Low,0.0
2026-05-06 02:56:46,Children's Grand Park,여유,Low,0,2,Wednesday,5,0,0,0.0,0.0,0.0,0.0,0.0,Low,0.0
2026-05-06 04:50:02,Children's Grand Park,여유,Low,0,4,Wednesday,5,0,0,0.0,0.0,0.0,0.0,0.0,Low,0.0
2026-05-06 05:49:48,Children's Grand Park,여유,Low,0,5,Wednesday,5,0,0,0.0,0.0,0.0,0.0,0.0,Low,0.0
2026-05-06 06:48:10,Children's Grand Park,여유,Low,0,6,Wednesday,5,0,0,0.0,0.0,0.0,0.0,0.0,Low,0.0
2026-05-06 07:42:02,Children's Grand Park,여유,Low,0,7,Wednesday,5,0,0,0.0,0.0,0.0,0.0,0.0,Low,0.0
2026-05-06 08:37:05,Children's Grand Park,여유,Low,0,8,Wednesday,5,0,1,0.0,0.0,0.0,0.0,0.0,Low,0.0
2026-05-06 10:16:23,Children's Grand Park,여유,Low,0,10,Wednesday,5,0,0,0.0,0.0,0.0,0.0,0.0,Low,0.0
2026-05-06 13:47:15,Children's Grand Park,여유,Low,0,13,Wednesday,5,0,0,0.0,0.0,0.0,0.0,0.0,Low,0.0
2026-05-06 16:28:44,Children's Grand Park,여유,Low,0,16,Wednesday,5,0,1,0.0,0.0,0.0,0.0,0.0,Low,0.0
2026-05-06 19:00:42,Children's Grand Park,여유,Low,0,19,Wednesday,5,0,1,0.0,0.0,0.0,0.0,0.0,Low,0.0
2026-05-06 21:03:40,Children's Grand Park,여유,Low,0,21,Wednesday,5,0,0,0.0,0.0,0.0,0.0,0.0,Low,0.0
2026-05-06 23:42:46,Children's Grand Park,여유,Low,0,23,Wednesday,5,0,0,0.0,0.0,0.0,0.0,0.0,Low,0.0
2026-05-07 01:22:27,Children's Grand Park,여유,Low,0,1,Thursday,5,0,0,0.0,0.0,0.0,0.0,0.0,Low,0.0
2026-05-07 02:57:59,Children's Grand Park,여유,Low,0,2,Thursday,5,0,0,0.0,0.0,0.0,0.0,0.0,Low,0.0
2026-05-07 04:59:37,Children's Grand Park,여유,Low,0,4,Thursday,5,0,0,0.0,0.0,0.0,0.0,0.0,Low,0.0
2026-05-07 06:20:36,Children's Grand Park,여유,Low,0,6,Thursday,5,0,0,0.0,0.0,0.0,0.0,0.0,Low,0.0
2026-05-07 07:12:07,Children's Grand Park,여유,Low,0,7,Thursday,5,0,0,0.0,0.0,0.0,0.0,0.0,Low,0.0
2026-05-07 08:10:35,Children's Grand Park,여유,Low,0,8,Thursday,5,0,1,0.0,0.0,0.0,0.0,0.0,Low,0.0
2026-05-07 09:08:46,Children's Grand Park,여유,Low,0,9,Thursday,5,0,0,0.0,0.0,0.0,0.0,0.0,Low,0.0
2026-05-07 13:04:50,Children's Grand Park,여유,Low,0,13,Thursday,5,0,0,0.0,0.0,0.0,0.0,0.0,Low,0.0
2026-05-07 15:49:41,Children's Grand Park,여유,Low,0,15,Thursday,5,0,1,0.0,0.0,0.0,0.0,0.0,Low,0.0
2026-05-07 18:23:24,Children's Grand Park,여유,Low,0,18,Thursday,5,0,1,0.0,0.0,0.0,0.0,0.0,Low,0.0
2026-05-07 20:25:35,Children's Grand Park,여유,Low,0,20,Thursday,5,0,0,0.0,0.0,0.0,0.0,0.0,Low,0.0
2026-05-07 22:18:57,Children's Grand Park,여유,Low,0,22,Thursday,5,0,0,0.0,0.0,0.0,0.0,0.0,Low,0.0
2026-05-08 00:40:54,Children's Grand Park,여유,Low,0,0,Friday,5,0,0,0.0,0.0,0.0,0.0,0.0,Low,0.0
2026-05-08 02:28:11,Children's Grand Park,여유,Low,0,2,Friday,5,0,0,0.0,0.0,0.0,0.0,0.0,Low,0.0
2026-05-08 04:18:07,Children's Grand Park,여유,Low,0,4,Friday,5,0,0,0.0,0.0,0.0,0.0,0.0,Low,0.0
2026-05-08 05:43:59,Children's Grand Park,여유,Low,0,5,Friday,5,0,0,0.0,0.0,0.0,0.0,0.0,High,2.0
2026-05-08 10:28:20,Children's Grand Park,약간 붐빔,High,2,10,Friday,5,0,0,0.0,0.0,0.0,0.0,0.0,Medium,1.0
2026-05-08 13:43:35,Children's Grand Park,보통,Medium,1,13,Friday,5,0,0,2.0,0.0,0.0,0.6666666666666666,1.1547005383792517,Low,0.0
2026-05-08 15:25:31,Children's Grand Park,여유,Low,0,15,Friday,5,0,1,1.0,2.0,0.0,1.0,1.0,High,2.0
2026-05-08 17:12:49,Children's Grand Park,약간 붐빔,High,2,17,Friday,5,0,1,0.0,1.0,2.0,1.0,1.0,Low,0.0
2026-05-08 18:58:59,Children's Grand Park,여유,Low,0,18,Friday,5,0,1,2.0,0.0,1.0,1.0,1.0,Low,0.0
2026-05-08 20:42:46,Children's Grand Park,여유,Low,0,20,Friday,5,0,0,0.0,2.0,0.0,0.6666666666666666,1.1547005383792517,Low,0.0
2026-05-08 22:01:38,Children's Grand Park,여유,Low,0,22,Friday,5,0,0,0.0,0.0,2.0,0.6666666666666666,1.1547005383792517,Low,0.0
2026-05-09 00:02:26,Children's Grand Park,여유,Low,0,0,Saturday,5,1,0,0.0,0.0,0.0,0.0,0.0,Low,0.0
2026-05-09 01:43:36,Children's Grand Park,여유,Low,0,1,Saturday,5,1,0,0.0,0.0,0.0,0.0,0.0,Low,0.0
2026-05-09 03:01:34,Children's Grand Park,여유,Low,0,3,Saturday,5,1,0,0.0,0.0,0.0,0.0,0.0,Low,0.0
2026-05-09 04:42:59,Children's Grand Park,여유,Low,0,4,Saturday,5,1,0,0.0,0.0,0.0,0.0,0.0,Low,0.0
2026-05-09 05:43:38,Children's Grand Park,여유,Low,0,5,Saturday,5,1,0,0.0,0.0,0.0,0.0,0.0,Low,0.0
2026-05-09 06:45:27,Children's Grand Park,여유,Low,0,6,Saturday,5,1,0,0.0,0.0,0.0,0.0,0.0,Low,0.0
2026-05-09 07:41:59,Children's Grand Park,여유,Low,0,7,Saturday,5,1,0,0.0,0.0,0.0,0.0,0.0,Low,0.0
2026-05-09 08:42:31,Children's Grand Park,여유,Low,0,8,Saturday,5,1,1,0.0,0.0,0.0,0.0,0.0,Low,0.0
2026-05-09 10:26:06,Children's Grand Park,여유,Low,0,10,Saturday,5,1,0,0.0,0.0,0.0,0.0,0.0,Medium,1.0
2026-05-09 13:55:33,Children's Grand Park,보통,Medium,1,13,Saturday,5,1,0,0.0,0.0,0.0,0.0,0.0,High,2.0
2026-05-09 16:19:55,Children's Grand Park,약간 붐빔,High,2,16,Saturday,5,1,1,1.0,0.0,0.0,0.3333333333333333,0.5773502691896258,Medium,1.0
2026-05-09 17:56:11,Children's Grand Park,보통,Medium,1,17,Saturday,5,1,1,2.0,1.0,0.0,1.0,1.0,Low,0.0
2026-05-09 19:15:59,Children's Grand Park,여유,Low,0,19,Saturday,5,1,1,1.0,2.0,1.0,1.3333333333333333,0.5773502691896257,Low,0.0
2026-05-09 20:15:14,Children's Grand Park,여유,Low,0,20,Saturday,5,1,0,0.0,1.0,2.0,1.0,1.0,Low,0.0
2026-05-09 21:06:58,Children's Grand Park,여유,Low,0,21,Saturday,5,1,0,0.0,0.0,1.0,0.3333333333333333,0.5773502691896258,Low,0.0
2026-05-09 22:50:55,Children's Grand Park,여유,Low,0,22,Saturday,5,1,0,0.0,0.0,0.0,0.0,0.0,Low,0.0
2026-05-09 23:42:21,Children's Grand Park,여유,Low,0,23,Saturday,5,1,0,0.0,0.0,0.0,0.0,0.0,Low,0.0
2026-05-10 00:38:11,Children's Grand Park,여유,Low,0,0,Sunday,5,1,0,0.0,0.0,0.0,0.0,0.0,Low,0.0
2026-05-10 01:34:58,Children's Grand Park,여유,Low,0,1,Sunday,5,1,0,0.0,0.0,0.0,0.0,0.0,Low,0.0
2026-05-10 02:34:46,Children's Grand Park,여유,Low,0,2,Sunday,5,1,0,0.0,0.0,0.0,0.0,0.0,Low,0.0
2026-05-10 03:36:31,Children's Grand Park,여유,Low,0,3,Sunday,5,1,0,0.0,0.0,0.0,0.0,0.0,Low,0.0
2026-05-10 04:44:03,Children's Grand Park,여유,Low,0,4,Sunday,5,1,0,0.0,0.0,0.0,0.0,0.0,Low,0.0
2026-05-10 05:31:07,Children's Grand Park,여유,Low,0,5,Sunday,5,1,0,0.0,0.0,0.0,0.0,0.0,Low,0.0
2026-05-10 06:27:00,Children's Grand Park,여유,Low,0,6,Sunday,5,1,0,0.0,0.0,0.0,0.0,0.0,Low,0.0
2026-05-10 07:24:14,Children's Grand Park,여유,Low,0,7,Sunday,5,1,0,0.0,0.0,0.0,0.0,0.0,Low,0.0
2026-05-10 08:28:41,Children's Grand Park,여유,Low,0,8,Sunday,5,1,1,0.0,0.0,0.0,0.0,0.0,Low,0.0
2026-05-10 10:24:34,Children's Grand Park,여유,Low,0,10,Sunday,5,1,0,0.0,0.0,0.0,0.0,0.0,Medium,1.0
2026-05-10 14:08:52,Children's Grand Park,보통,Medium,1,14,Sunday,5,1,1,0.0,0.0,0.0,0.0,0.0,High,2.0
2026-05-10 16:37:04,Children's Grand Park,약간 붐빔,High,2,16,Sunday,5,1,1,1.0,0.0,0.0,0.3333333333333333,0.5773502691896258,Low,0.0
2026-05-10 18:16:51,Children's Grand Park,여유,Low,0,18,Sunday,5,1,1,2.0,1.0,0.0,1.0,1.0,Low,0.0
2026-05-10 19:41:47,Children's Grand Park,여유,Low,0,19,Sunday,5,1,1,0.0,2.0,1.0,1.0,1.0,Low,0.0
2026-05-10 20:38:24,Children's Grand Park,여유,Low,0,20,Sunday,5,1,0,0.0,0.0,2.0,0.6666666666666666,1.1547005383792517,Low,0.0
2026-05-10 21:41:19,Children's Grand Park,여유,Low,0,21,Sunday,5,1,0,0.0,0.0,0.0,0.0,0.0,Low,0.0
2026-05-10 23:13:31,Children's Grand Park,여유,Low,0,23,Sunday,5,1,0,0.0,0.0,0.0,0.0,0.0,Low,0.0
2026-05-11 00:28:21,Children's Grand Park,여유,Low,0,0,Monday,5,0,0,0.0,0.0,0.0,0.0,0.0,Low,0.0
2026-05-11 01:33:21,Children's Grand Park,여유,Low,0,1,Monday,5,0,0,0.0,0.0,0.0,0.0,0.0,Low,0.0
2026-05-11 02:34:47,Children's Grand Park,여유,Low,0,2,Monday,5,0,0,0.0,0.0,0.0,0.0,0.0,Low,0.0
2026-05-11 03:37:26,Children's Grand Park,여유,Low,0,3,Monday,5,0,0,0.0,0.0,0.0,0.0,0.0,Low,0.0
2026-05-11 04:44:49,Children's Grand Park,여유,Low,0,4,Monday,5,0,0,0.0,0.0,0.0,0.0,0.0,Low,0.0
2026-05-11 05:34:11,Children's Grand Park,여유,Low,0,5,Monday,5,0,0,0.0,0.0,0.0,0.0,0.0,Low,0.0
2026-05-11 06:31:04,Children's Grand Park,여유,Low,0,6,Monday,5,0,0,0.0,0.0,0.0,0.0,0.0,Low,0.0
2026-05-11 07:27:51,Children's Grand Park,여유,Low,0,7,Monday,5,0,0,0.0,0.0,0.0,0.0,0.0,Low,0.0
2026-05-11 08:33:19,Children's Grand Park,여유,Low,0,8,Monday,5,0,1,0.0,0.0,0.0,0.0,0.0,Low,0.0
2026-05-11 10:29:23,Children's Grand Park,여유,Low,0,10,Monday,5,0,0,0.0,0.0,0.0,0.0,0.0,Low,0.0
2026-05-11 14:42:42,Children's Grand Park,여유,Low,0,14,Monday,5,0,1,0.0,0.0,0.0,0.0,0.0,Low,0.0
2026-05-11 17:50:22,Children's Grand Park,여유,Low,0,17,Monday,5,0,1,0.0,0.0,0.0,0.0,0.0,Low,0.0
2026-05-11 20:54:25,Children's Grand Park,여유,Low,0,20,Monday,5,0,0,0.0,0.0,0.0,0.0,0.0,Low,0.0
2026-05-12 00:34:05,Children's Grand Park,여유,Low,0,0,Tuesday,5,0,0,0.0,0.0,0.0,0.0,0.0,Low,0.0
2026-05-12 02:35:42,Children's Grand Park,여유,Low,0,2,Tuesday,5,0,0,0.0,0.0,0.0,0.0,0.0,Low,0.0
2026-05-12 04:19:01,Children's Grand Park,여유,Low,0,4,Tuesday,5,0,0,0.0,0.0,0.0,0.0,0.0,Low,0.0
2026-05-12 05:57:16,Children's Grand Park,여유,Low,0,5,Tuesday,5,0,0,0.0,0.0,0.0,0.0,0.0,Low,0.0
2026-05-12 09:15:34,Children's Grand Park,여유,Low,0,9,Tuesday,5,0,0,0.0,0.0,0.0,0.0,0.0,Low,0.0
2026-05-12 13:11:59,Children's Grand Park,여유,Low,0,13,Tuesday,5,0,0,0.0,0.0,0.0,0.0,0.0,Low,0.0
2026-05-12 16:20:56,Children's Grand Park,여유,Low,0,16,Tuesday,5,0,1,0.0,0.0,0.0,0.0,0.0,Low,0.0
2026-05-12 19:02:46,Children's Grand Park,여유,Low,0,19,Tuesday,5,0,1,0.0,0.0,0.0,0.0,0.0,Low,0.0
2026-05-12 21:08:32,Children's Grand Park,여유,Low,0,21,Tuesday,5,0,0,0.0,0.0,0.0,0.0,0.0,Low,0.0
2026-05-12 23:49:24,Children's Grand Park,여유,Low,0,23,Tuesday,5,0,0,0.0,0.0,0.0,0.0,0.0,Low,0.0
2026-03-21 02:42:02,Gwanghwamun-Deoksugung,여유,Low,0,2,Saturday,3,1,0,0.0,0.0,0.0,0.0,0.0,Low,0.0
2026-03-21 02:48:55,Gwanghwamun-Deoksugung,여유,Low,0,2,Saturday,3,1,0,0.0,0.0,0.0,0.0,0.0,Low,0.0
2026-03-21 21:49:02,Gwanghwamun-Deoksugung,여유,Low,0,21,Saturday,3,1,0,0.0,0.0,0.0,0.0,0.0,Low,0.0
2026-03-21 22:49:03,Gwanghwamun-Deoksugung,여유,Low,0,22,Saturday,3,1,0,0.0,0.0,0.0,0.0,0.0,Low,0.0
2026-03-21 23:48:56,Gwanghwamun-Deoksugung,여유,Low,0,23,Saturday,3,1,0,0.0,0.0,0.0,0.0,0.0,High,2.0
2026-03-23 03:28:45,Gwanghwamun-Deoksugung,약간 붐빔,High,2,3,Monday,3,0,0,0.0,0.0,0.0,0.0,0.0,High,2.0
2026-03-23 04:20:00,Gwanghwamun-Deoksugung,약간 붐빔,High,2,4,Monday,3,0,0,2.0,0.0,0.0,0.6666666666666666,1.1547005383792517,High,2.0
2026-03-23 11:17:14,Gwanghwamun-Deoksugung,약간 붐빔,High,2,11,Monday,3,0,0,2.0,2.0,0.0,1.3333333333333333,1.1547005383792517,High,2.0
2026-03-23 13:38:19,Gwanghwamun-Deoksugung,약간 붐빔,High,2,13,Monday,3,0,0,2.0,2.0,2.0,2.0,0.0,High,2.0
2026-03-23 19:38:52,Gwanghwamun-Deoksugung,약간 붐빔,High,2,19,Monday,3,0,1,2.0,2.0,2.0,2.0,0.0,High,2.0
2026-03-23 23:46:35,Gwanghwamun-Deoksugung,약간 붐빔,High,2,23,Monday,3,0,0,2.0,2.0,2.0,2.0,0.0,High,2.0
2026-03-24 03:07:59,Gwanghwamun-Deoksugung,약간 붐빔,High,2,3,Tuesday,3,0,0,2.0,2.0,2.0,2.0,0.0,High,2.0
2026-03-24 05:08:42,Gwanghwamun-Deoksugung,약간 붐빔,High,2,5,Tuesday,3,0,0,2.0,2.0,2.0,2.0,0.0,High,2.0
2026-03-24 06:59:39,Gwanghwamun-Deoksugung,약간 붐빔,High,2,6,Tuesday,3,0,0,2.0,2.0,2.0,2.0,0.0,High,2.0
2026-03-24 08:57:09,Gwanghwamun-Deoksugung,약간 붐빔,High,2,8,Tuesday,3,0,1,2.0,2.0,2.0,2.0,0.0,High,2.0
2026-03-24 14:39:41,Gwanghwamun-Deoksugung,약간 붐빔,High,2,14,Tuesday,3,0,1,2.0,2.0,2.0,2.0,0.0,High,2.0
2026-03-24 18:41:49,Gwanghwamun-Deoksugung,붐빔,High,2,18,Tuesday,3,0,1,2.0,2.0,2.0,2.0,0.0,Low,0.0
2026-03-24 21:08:51,Gwanghwamun-Deoksugung,여유,Low,0,21,Tuesday,3,0,0,2.0,2.0,2.0,2.0,0.0,Low,0.0
2026-03-25 02:25:12,Gwanghwamun-Deoksugung,여유,Low,0,2,Wednesday,3,0,0,0.0,2.0,2.0,1.3333333333333333,1.1547005383792517,Low,0.0
2026-03-25 04:43:25,Gwanghwamun-Deoksugung,여유,Low,0,4,Wednesday,3,0,0,0.0,0.0,2.0,0.6666666666666666,1.1547005383792517,Low,0.0
2026-03-25 06:55:30,Gwanghwamun-Deoksugung,여유,Low,0,6,Wednesday,3,0,0,0.0,0.0,0.0,0.0,0.0,Low,0.0
2026-03-25 08:05:21,Gwanghwamun-Deoksugung,여유,Low,0,8,Wednesday,3,0,1,0.0,0.0,0.0,0.0,0.0,Medium,1.0
2026-03-25 09:01:25,Gwanghwamun-Deoksugung,보통,Medium,1,9,Wednesday,3,0,0,0.0,0.0,0.0,0.0,0.0,High,2.0
2026-03-25 14:23:08,Gwanghwamun-Deoksugung,약간 붐빔,High,2,14,Wednesday,3,0,1,1.0,0.0,0.0,0.3333333333333333,0.5773502691896258,High,2.0
2026-03-25 17:03:34,Gwanghwamun-Deoksugung,약간 붐빔,High,2,17,Wednesday,3,0,1,2.0,1.0,0.0,1.0,1.0,Medium,1.0
2026-03-25 19:35:53,Gwanghwamun-Deoksugung,보통,Medium,1,19,Wednesday,3,0,1,2.0,2.0,1.0,1.6666666666666667,0.5773502691896257,Low,0.0
2026-03-25 21:07:55,Gwanghwamun-Deoksugung,여유,Low,0,21,Wednesday,3,0,0,1.0,2.0,2.0,1.6666666666666667,0.5773502691896258,Low,0.0
2026-03-25 23:23:02,Gwanghwamun-Deoksugung,여유,Low,0,23,Wednesday,3,0,0,0.0,1.0,2.0,1.0,1.0,Low,0.0
2026-03-26 01:22:00,Gwanghwamun-Deoksugung,여유,Low,0,1,Thursday,3,0,0,0.0,0.0,1.0,0.3333333333333333,0.5773502691896258,Low,0.0
2026-03-26 04:31:20,Gwanghwamun-Deoksugung,여유,Low,0,4,Thursday,3,0,0,0.0,0.0,0.0,0.0,0.0,Low,0.0
2026-03-26 06:07:42,Gwanghwamun-Deoksugung,여유,Low,0,6,Thursday,3,0,0,0.0,0.0,0.0,0.0,0.0,Low,0.0
2026-03-26 08:04:35,Gwanghwamun-Deoksugung,여유,Low,0,8,Thursday,3,0,1,0.0,0.0,0.0,0.0,0.0,Medium,1.0
2026-03-26 09:05:38,Gwanghwamun-Deoksugung,보통,Medium,1,9,Thursday,3,0,0,0.0,0.0,0.0,0.0,0.0,High,2.0
2026-03-26 10:59:25,Gwanghwamun-Deoksugung,약간 붐빔,High,2,10,Thursday,3,0,0,1.0,0.0,0.0,0.3333333333333333,0.5773502691896258,High,2.0
2026-03-26 14:54:21,Gwanghwamun-Deoksugung,약간 붐빔,High,2,14,Thursday,3,0,1,2.0,1.0,0.0,1.0,1.0,High,2.0
2026-03-26 18:46:24,Gwanghwamun-Deoksugung,약간 붐빔,High,2,18,Thursday,3,0,1,2.0,2.0,1.0,1.6666666666666667,0.5773502691896257,Low,0.0
2026-03-26 21:06:24,Gwanghwamun-Deoksugung,여유,Low,0,21,Thursday,3,0,0,2.0,2.0,2.0,2.0,0.0,Low,0.0
2026-03-27 01:21:50,Gwanghwamun-Deoksugung,여유,Low,0,1,Friday,3,0,0,0.0,2.0,2.0,1.3333333333333333,1.1547005383792517,Low,0.0
2026-03-27 04:46:49,Gwanghwamun-Deoksugung,여유,Low,0,4,Friday,3,0,0,0.0,0.0,2.0,0.6666666666666666,1.1547005383792517,Low,0.0
2026-03-27 06:05:52,Gwanghwamun-Deoksugung,여유,Low,0,6,Friday,3,0,0,0.0,0.0,0.0,0.0,0.0,Low,0.0
2026-03-27 08:01:35,Gwanghwamun-Deoksugung,여유,Low,0,8,Friday,3,0,1,0.0,0.0,0.0,0.0,0.0,Medium,1.0
2026-03-27 09:03:43,Gwanghwamun-Deoksugung,보통,Medium,1,9,Friday,3,0,0,0.0,0.0,0.0,0.0,0.0,High,2.0
2026-03-27 14:54:27,Gwanghwamun-Deoksugung,약간 붐빔,High,2,14,Friday,3,0,1,1.0,0.0,0.0,0.3333333333333333,0.5773502691896258,High,2.0
2026-03-27 17:10:44,Gwanghwamun-Deoksugung,약간 붐빔,High,2,17,Friday,3,0,1,2.0,1.0,0.0,1.0,1.0,Low,0.0
2026-03-27 20:10:31,Gwanghwamun-Deoksugung,여유,Low,0,20,Friday,3,0,0,2.0,2.0,1.0,1.6666666666666667,0.5773502691896257,Low,0.0
2026-03-27 23:39:45,Gwanghwamun-Deoksugung,여유,Low,0,23,Friday,3,0,0,0.0,2.0,2.0,1.3333333333333333,1.1547005383792517,Low,0.0
2026-03-28 02:39:56,Gwanghwamun-Deoksugung,여유,Low,0,2,Saturday,3,1,0,0.0,0.0,2.0,0.6666666666666666,1.1547005383792517,Low,0.0
2026-03-28 04:54:12,Gwanghwamun-Deoksugung,여유,Low,0,4,Saturday,3,1,0,0.0,0.0,0.0,0.0,0.0,Low,0.0
2026-03-28 06:54:23,Gwanghwamun-Deoksugung,여유,Low,0,6,Saturday,3,1,0,0.0,0.0,0.0,0.0,0.0,Low,0.0
2026-03-28 08:47:53,Gwanghwamun-Deoksugung,여유,Low,0,8,Saturday,3,1,1,0.0,0.0,0.0,0.0,0.0,High,2.0
2026-03-28 14:15:08,Gwanghwamun-Deoksugung,약간 붐빔,High,2,14,Saturday,3,1,1,0.0,0.0,0.0,0.0,0.0,Medium,1.0
2026-03-28 16:52:03,Gwanghwamun-Deoksugung,보통,Medium,1,16,Saturday,3,1,1,2.0,0.0,0.0,0.6666666666666666,1.1547005383792517,Low,0.0
2026-03-28 18:55:43,Gwanghwamun-Deoksugung,여유,Low,0,18,Saturday,3,1,1,1.0,2.0,0.0,1.0,1.0,Low,0.0
2026-03-28 20:04:45,Gwanghwamun-Deoksugung,여유,Low,0,20,Saturday,3,1,0,0.0,1.0,2.0,1.0,1.0,Low,0.0
2026-03-28 23:05:09,Gwanghwamun-Deoksugung,여유,Low,0,23,Saturday,3,1,0,0.0,0.0,1.0,0.3333333333333333,0.577350269189626,Low,0.0
2026-03-29 00:05:43,Gwanghwamun-Deoksugung,여유,Low,0,0,Sunday,3,1,0,0.0,0.0,0.0,0.0,0.0,Low,0.0
2026-03-29 01:03:26,Gwanghwamun-Deoksugung,여유,Low,0,1,Sunday,3,1,0,0.0,0.0,0.0,0.0,0.0,Low,0.0
2026-03-29 02:50:53,Gwanghwamun-Deoksugung,여유,Low,0,2,Sunday,3,1,0,0.0,0.0,0.0,0.0,0.0,Low,0.0
2026-03-29 04:27:09,Gwanghwamun-Deoksugung,여유,Low,0,4,Sunday,3,1,0,0.0,0.0,0.0,0.0,0.0,Low,0.0
2026-03-29 05:03:31,Gwanghwamun-Deoksugung,여유,Low,0,5,Sunday,3,1,0,0.0,0.0,0.0,0.0,0.0,Low,0.0
2026-03-29 06:03:56,Gwanghwamun-Deoksugung,여유,Low,0,6,Sunday,3,1,0,0.0,0.0,0.0,0.0,0.0,Low,0.0
2026-03-29 08:03:59,Gwanghwamun-Deoksugung,여유,Low,0,8,Sunday,3,1,1,0.0,0.0,0.0,0.0,0.0,Low,0.0
2026-03-29 09:02:29,Gwanghwamun-Deoksugung,여유,Low,0,9,Sunday,3,1,0,0.0,0.0,0.0,0.0,0.0,Low,0.0
2026-03-29 14:56:37,Gwanghwamun-Deoksugung,여유,Low,0,14,Sunday,3,1,1,0.0,0.0,0.0,0.0,0.0,Low,0.0
2026-03-29 17:04:14,Gwanghwamun-Deoksugung,여유,Low,0,17,Sunday,3,1,1,0.0,0.0,0.0,0.0,0.0,Low,0.0
2026-03-29 19:00:12,Gwanghwamun-Deoksugung,여유,Low,0,19,Sunday,3,1,1,0.0,0.0,0.0,0.0,0.0,Low,0.0
2026-03-29 20:44:48,Gwanghwamun-Deoksugung,여유,Low,0,20,Sunday,3,1,0,0.0,0.0,0.0,0.0,0.0,Low,0.0
2026-03-29 23:04:25,Gwanghwamun-Deoksugung,여유,Low,0,23,Sunday,3,1,0,0.0,0.0,0.0,0.0,0.0,Low,0.0
2026-03-30 00:49:48,Gwanghwamun-Deoksugung,여유,Low,0,0,Monday,3,0,0,0.0,0.0,0.0,0.0,0.0,Low,0.0
2026-03-30 02:04:54,Gwanghwamun-Deoksugung,여유,Low,0,2,Monday,3,0,0,0.0,0.0,0.0,0.0,0.0,Low,0.0
2026-03-30 03:03:43,Gwanghwamun-Deoksugung,여유,Low,0,3,Monday,3,0,0,0.0,0.0,0.0,0.0,0.0,Low,0.0
2026-03-30 04:52:10,Gwanghwamun-Deoksugung,여유,Low,0,4,Monday,3,0,0,0.0,0.0,0.0,0.0,0.0,Low,0.0
2026-03-30 06:02:59,Gwanghwamun-Deoksugung,여유,Low,0,6,Monday,3,0,0,0.0,0.0,0.0,0.0,0.0,Low,0.0
2026-03-30 07:04:03,Gwanghwamun-Deoksugung,여유,Low,0,7,Monday,3,0,0,0.0,0.0,0.0,0.0,0.0,Low,0.0
2026-03-30 08:50:57,Gwanghwamun-Deoksugung,여유,Low,0,8,Monday,3,0,1,0.0,0.0,0.0,0.0,0.0,High,2.0
2026-03-30 15:17:53,Gwanghwamun-Deoksugung,약간 붐빔,High,2,15,Monday,3,0,1,0.0,0.0,0.0,0.0,0.0,Low,0.0
2026-03-30 19:47:59,Gwanghwamun-Deoksugung,여유,Low,0,19,Monday,3,0,1,2.0,0.0,0.0,0.6666666666666666,1.1547005383792517,Low,0.0
2026-03-30 23:53:52,Gwanghwamun-Deoksugung,여유,Low,0,23,Monday,3,0,0,0.0,2.0,0.0,0.6666666666666666,1.1547005383792517,Low,0.0
2026-03-31 03:09:41,Gwanghwamun-Deoksugung,여유,Low,0,3,Tuesday,3,0,0,0.0,0.0,2.0,0.6666666666666666,1.1547005383792517,Low,0.0
2026-03-31 05:08:44,Gwanghwamun-Deoksugung,여유,Low,0,5,Tuesday,3,0,0,0.0,0.0,0.0,0.0,0.0,Low,0.0
2026-03-31 07:06:59,Gwanghwamun-Deoksugung,여유,Low,0,7,Tuesday,3,0,0,0.0,0.0,0.0,0.0,0.0,Low,0.0
2026-03-31 08:55:30,Gwanghwamun-Deoksugung,여유,Low,0,8,Tuesday,3,0,1,0.0,0.0,0.0,0.0,0.0,High,2.0
2026-03-31 14:59:54,Gwanghwamun-Deoksugung,약간 붐빔,High,2,14,Tuesday,3,0,1,0.0,0.0,0.0,0.0,0.0,High,2.0
2026-03-31 18:48:42,Gwanghwamun-Deoksugung,약간 붐빔,High,2,18,Tuesday,3,0,1,2.0,0.0,0.0,0.6666666666666666,1.1547005383792517,Low,0.0
2026-03-31 21:06:02,Gwanghwamun-Deoksugung,여유,Low,0,21,Tuesday,3,0,0,2.0,2.0,0.0,1.3333333333333333,1.1547005383792517,Low,0.0
2026-04-01 00:55:20,Gwanghwamun-Deoksugung,여유,Low,0,0,Wednesday,4,0,0,0.0,2.0,2.0,1.3333333333333333,1.1547005383792517,Low,0.0
2026-04-01 04:41:05,Gwanghwamun-Deoksugung,여유,Low,0,4,Wednesday,4,0,0,0.0,0.0,2.0,0.6666666666666666,1.1547005383792517,Low,0.0
2026-04-01 06:58:21,Gwanghwamun-Deoksugung,여유,Low,0,6,Wednesday,4,0,0,0.0,0.0,0.0,0.0,0.0,Low,0.0
2026-04-01 08:53:15,Gwanghwamun-Deoksugung,여유,Low,0,8,Wednesday,4,0,1,0.0,0.0,0.0,0.0,0.0,High,2.0
2026-04-01 15:14:02,Gwanghwamun-Deoksugung,약간 붐빔,High,2,15,Wednesday,4,0,1,0.0,0.0,0.0,0.0,0.0,Medium,1.0
2026-04-01 19:16:25,Gwanghwamun-Deoksugung,보통,Medium,1,19,Wednesday,4,0,1,2.0,0.0,0.0,0.6666666666666666,1.1547005383792517,Low,0.0
2026-04-01 23:52:31,Gwanghwamun-Deoksugung,여유,Low,0,23,Wednesday,4,0,0,1.0,2.0,0.0,1.0,1.0,Low,0.0
2026-04-02 02:39:52,Gwanghwamun-Deoksugung,여유,Low,0,2,Thursday,4,0,0,0.0,1.0,2.0,1.0,1.0,Low,0.0
2026-04-02 05:06:58,Gwanghwamun-Deoksugung,여유,Low,0,5,Thursday,4,0,0,0.0,0.0,1.0,0.3333333333333333,0.577350269189626,Low,0.0
2026-04-02 07:05:19,Gwanghwamun-Deoksugung,여유,Low,0,7,Thursday,4,0,0,0.0,0.0,0.0,0.0,0.0,Low,0.0
2026-04-02 08:52:44,Gwanghwamun-Deoksugung,여유,Low,0,8,Thursday,4,0,1,0.0,0.0,0.0,0.0,0.0,High,2.0
2026-04-02 14:51:15,Gwanghwamun-Deoksugung,약간 붐빔,High,2,14,Thursday,4,0,1,0.0,0.0,0.0,0.0,0.0,High,2.0
2026-04-02 18:40:20,Gwanghwamun-Deoksugung,붐빔,High,2,18,Thursday,4,0,1,2.0,0.0,0.0,0.6666666666666666,1.1547005383792517,Low,0.0
2026-04-02 21:04:02,Gwanghwamun-Deoksugung,여유,Low,0,21,Thursday,4,0,0,2.0,2.0,0.0,1.3333333333333333,1.1547005383792517,Low,0.0
2026-04-03 00:40:32,Gwanghwamun-Deoksugung,여유,Low,0,0,Friday,4,0,0,0.0,2.0,2.0,1.3333333333333333,1.1547005383792517,Low,0.0
2026-04-03 03:08:19,Gwanghwamun-Deoksugung,여유,Low,0,3,Friday,4,0,0,0.0,0.0,2.0,0.6666666666666666,1.1547005383792517,Low,0.0
2026-04-03 05:02:44,Gwanghwamun-Deoksugung,여유,Low,0,5,Friday,4,0,0,0.0,0.0,0.0,0.0,0.0,Low,0.0
2026-04-03 06:56:41,Gwanghwamun-Deoksugung,여유,Low,0,6,Friday,4,0,0,0.0,0.0,0.0,0.0,0.0,Low,0.0
2026-04-03 08:52:58,Gwanghwamun-Deoksugung,여유,Low,0,8,Friday,4,0,1,0.0,0.0,0.0,0.0,0.0,High,2.0
2026-04-03 14:52:04,Gwanghwamun-Deoksugung,약간 붐빔,High,2,14,Friday,4,0,1,0.0,0.0,0.0,0.0,0.0,High,2.0
2026-04-03 17:36:26,Gwanghwamun-Deoksugung,약간 붐빔,High,2,17,Friday,4,0,1,2.0,0.0,0.0,0.6666666666666666,1.1547005383792517,Low,0.0
2026-04-03 20:07:33,Gwanghwamun-Deoksugung,여유,Low,0,20,Friday,4,0,0,2.0,2.0,0.0,1.3333333333333333,1.1547005383792517,Low,0.0
2026-04-03 23:09:01,Gwanghwamun-Deoksugung,여유,Low,0,23,Friday,4,0,0,0.0,2.0,2.0,1.3333333333333333,1.1547005383792517,Low,0.0
2026-04-04 01:04:37,Gwanghwamun-Deoksugung,여유,Low,0,1,Saturday,4,1,0,0.0,0.0,2.0,0.6666666666666666,1.1547005383792517,Low,0.0
2026-04-04 02:56:17,Gwanghwamun-Deoksugung,여유,Low,0,2,Saturday,4,1,0,0.0,0.0,0.0,0.0,0.0,Low,0.0
2026-04-04 04:57:11,Gwanghwamun-Deoksugung,여유,Low,0,4,Saturday,4,1,0,0.0,0.0,0.0,0.0,0.0,Low,0.0
2026-04-04 06:53:00,Gwanghwamun-Deoksugung,여유,Low,0,6,Saturday,4,1,0,0.0,0.0,0.0,0.0,0.0,Low,0.0
2026-04-04 08:05:58,Gwanghwamun-Deoksugung,여유,Low,0,8,Saturday,4,1,1,0.0,0.0,0.0,0.0,0.0,Low,0.0
2026-04-04 09:04:00,Gwanghwamun-Deoksugung,여유,Low,0,9,Saturday,4,1,0,0.0,0.0,0.0,0.0,0.0,Low,0.0
2026-04-04 14:16:59,Gwanghwamun-Deoksugung,여유,Low,0,14,Saturday,4,1,1,0.0,0.0,0.0,0.0,0.0,Low,0.0
2026-04-04 16:55:41,Gwanghwamun-Deoksugung,여유,Low,0,16,Saturday,4,1,1,0.0,0.0,0.0,0.0,0.0,Low,0.0
2026-04-04 19:01:16,Gwanghwamun-Deoksugung,여유,Low,0,19,Saturday,4,1,1,0.0,0.0,0.0,0.0,0.0,Low,0.0
2026-04-04 20:44:30,Gwanghwamun-Deoksugung,여유,Low,0,20,Saturday,4,1,0,0.0,0.0,0.0,0.0,0.0,Low,0.0
2026-04-04 23:03:57,Gwanghwamun-Deoksugung,여유,Low,0,23,Saturday,4,1,0,0.0,0.0,0.0,0.0,0.0,Low,0.0
2026-04-05 00:06:04,Gwanghwamun-Deoksugung,여유,Low,0,0,Sunday,4,1,0,0.0,0.0,0.0,0.0,0.0,Low,0.0
2026-04-05 01:02:47,Gwanghwamun-Deoksugung,여유,Low,0,1,Sunday,4,1,0,0.0,0.0,0.0,0.0,0.0,Low,0.0
2026-04-05 02:51:30,Gwanghwamun-Deoksugung,여유,Low,0,2,Sunday,4,1,0,0.0,0.0,0.0,0.0,0.0,Low,0.0
2026-04-05 04:45:11,Gwanghwamun-Deoksugung,여유,Low,0,4,Sunday,4,1,0,0.0,0.0,0.0,0.0,0.0,Low,0.0
2026-04-05 06:02:39,Gwanghwamun-Deoksugung,여유,Low,0,6,Sunday,4,1,0,0.0,0.0,0.0,0.0,0.0,Low,0.0
2026-04-05 08:05:04,Gwanghwamun-Deoksugung,여유,Low,0,8,Sunday,4,1,1,0.0,0.0,0.0,0.0,0.0,Low,0.0
2026-04-05 09:03:03,Gwanghwamun-Deoksugung,여유,Low,0,9,Sunday,4,1,0,0.0,0.0,0.0,0.0,0.0,Low,0.0
2026-04-05 14:58:11,Gwanghwamun-Deoksugung,여유,Low,0,14,Sunday,4,1,1,0.0,0.0,0.0,0.0,0.0,Low,0.0
2026-04-05 17:06:07,Gwanghwamun-Deoksugung,여유,Low,0,17,Sunday,4,1,1,0.0,0.0,0.0,0.0,0.0,Low,0.0
2026-04-05 19:04:02,Gwanghwamun-Deoksugung,여유,Low,0,19,Sunday,4,1,1,0.0,0.0,0.0,0.0,0.0,Low,0.0
2026-04-05 20:46:58,Gwanghwamun-Deoksugung,여유,Low,0,20,Sunday,4,1,0,0.0,0.0,0.0,0.0,0.0,Low,0.0
2026-04-05 23:04:34,Gwanghwamun-Deoksugung,여유,Low,0,23,Sunday,4,1,0,0.0,0.0,0.0,0.0,0.0,Low,0.0
2026-04-06 00:50:30,Gwanghwamun-Deoksugung,여유,Low,0,0,Monday,4,0,0,0.0,0.0,0.0,0.0,0.0,Low,0.0
2026-04-06 02:19:15,Gwanghwamun-Deoksugung,여유,Low,0,2,Monday,4,0,0,0.0,0.0,0.0,0.0,0.0,Low,0.0
2026-04-06 04:25:06,Gwanghwamun-Deoksugung,여유,Low,0,4,Monday,4,0,0,0.0,0.0,0.0,0.0,0.0,Low,0.0
2026-04-06 06:02:14,Gwanghwamun-Deoksugung,여유,Low,0,6,Monday,4,0,0,0.0,0.0,0.0,0.0,0.0,Low,0.0
2026-04-06 07:01:06,Gwanghwamun-Deoksugung,여유,Low,0,7,Monday,4,0,0,0.0,0.0,0.0,0.0,0.0,Low,0.0
2026-04-06 08:52:47,Gwanghwamun-Deoksugung,여유,Low,0,8,Monday,4,0,1,0.0,0.0,0.0,0.0,0.0,High,2.0
2026-04-06 15:18:49,Gwanghwamun-Deoksugung,약간 붐빔,High,2,15,Monday,4,0,1,0.0,0.0,0.0,0.0,0.0,Low,0.0
2026-04-06 19:37:04,Gwanghwamun-Deoksugung,여유,Low,0,19,Monday,4,0,1,2.0,0.0,0.0,0.6666666666666666,1.1547005383792517,Low,0.0
2026-04-06 23:16:03,Gwanghwamun-Deoksugung,여유,Low,0,23,Monday,4,0,0,0.0,2.0,0.0,0.6666666666666666,1.1547005383792517,Low,0.0
2026-04-07 02:11:49,Gwanghwamun-Deoksugung,여유,Low,0,2,Tuesday,4,0,0,0.0,0.0,2.0,0.6666666666666666,1.1547005383792517,Low,0.0
2026-04-07 04:58:11,Gwanghwamun-Deoksugung,여유,Low,0,4,Tuesday,4,0,0,0.0,0.0,0.0,0.0,0.0,Low,0.0
2026-04-07 06:55:01,Gwanghwamun-Deoksugung,여유,Low,0,6,Tuesday,4,0,0,0.0,0.0,0.0,0.0,0.0,Low,0.0
2026-04-07 08:54:51,Gwanghwamun-Deoksugung,여유,Low,0,8,Tuesday,4,0,1,0.0,0.0,0.0,0.0,0.0,High,2.0
2026-04-07 15:06:52,Gwanghwamun-Deoksugung,약간 붐빔,High,2,15,Tuesday,4,0,1,0.0,0.0,0.0,0.0,0.0,Medium,1.0
2026-04-07 18:55:12,Gwanghwamun-Deoksugung,보통,Medium,1,18,Tuesday,4,0,1,2.0,0.0,0.0,0.6666666666666666,1.1547005383792517,Low,0.0
2026-04-07 21:11:16,Gwanghwamun-Deoksugung,여유,Low,0,21,Tuesday,4,0,0,1.0,2.0,0.0,1.0,1.0,Low,0.0
2026-04-08 01:18:48,Gwanghwamun-Deoksugung,여유,Low,0,1,Wednesday,4,0,0,0.0,1.0,2.0,1.0,1.0,Low,0.0
2026-04-08 04:46:21,Gwanghwamun-Deoksugung,여유,Low,0,4,Wednesday,4,0,0,0.0,0.0,1.0,0.3333333333333333,0.577350269189626,Low,0.0
2026-04-08 07:02:04,Gwanghwamun-Deoksugung,여유,Low,0,7,Wednesday,4,0,0,0.0,0.0,0.0,0.0,0.0,Low,0.0
2026-04-08 09:01:04,Gwanghwamun-Deoksugung,여유,Low,0,9,Wednesday,4,0,0,0.0,0.0,0.0,0.0,0.0,High,2.0
2026-04-08 15:08:36,Gwanghwamun-Deoksugung,약간 붐빔,High,2,15,Wednesday,4,0,1,0.0,0.0,0.0,0.0,0.0,High,2.0
2026-04-08 18:55:17,Gwanghwamun-Deoksugung,약간 붐빔,High,2,18,Wednesday,4,0,1,2.0,0.0,0.0,0.6666666666666666,1.1547005383792517,Low,0.0
2026-04-08 23:55:22,Gwanghwamun-Deoksugung,여유,Low,0,23,Wednesday,4,0,0,2.0,2.0,0.0,1.3333333333333333,1.1547005383792517,Low,0.0
2026-04-09 04:48:24,Gwanghwamun-Deoksugung,여유,Low,0,4,Thursday,4,0,0,0.0,2.0,2.0,1.3333333333333333,1.1547005383792517,Low,0.0
2026-04-09 07:05:38,Gwanghwamun-Deoksugung,여유,Low,0,7,Thursday,4,0,0,0.0,0.0,2.0,0.6666666666666666,1.1547005383792517,Low,0.0
2026-04-09 08:56:06,Gwanghwamun-Deoksugung,여유,Low,0,8,Thursday,4,0,1,0.0,0.0,0.0,0.0,0.0,High,2.0
2026-04-09 15:09:05,Gwanghwamun-Deoksugung,약간 붐빔,High,2,15,Thursday,4,0,1,0.0,0.0,0.0,0.0,0.0,Low,0.0
2026-04-09 19:42:23,Gwanghwamun-Deoksugung,여유,Low,0,19,Thursday,4,0,1,2.0,0.0,0.0,0.6666666666666666,1.1547005383792517,Low,0.0
2026-04-10 01:07:08,Gwanghwamun-Deoksugung,여유,Low,0,1,Friday,4,0,0,0.0,2.0,0.0,0.6666666666666666,1.1547005383792517,Low,0.0
2026-04-10 04:55:12,Gwanghwamun-Deoksugung,여유,Low,0,4,Friday,4,0,0,0.0,0.0,2.0,0.6666666666666666,1.1547005383792517,Low,0.0
2026-04-10 07:08:58,Gwanghwamun-Deoksugung,여유,Low,0,7,Friday,4,0,0,0.0,0.0,0.0,0.0,0.0,Low,0.0
2026-04-10 09:05:24,Gwanghwamun-Deoksugung,여유,Low,0,9,Friday,4,0,0,0.0,0.0,0.0,0.0,0.0,High,2.0
2026-04-10 15:22:08,Gwanghwamun-Deoksugung,약간 붐빔,High,2,15,Friday,4,0,1,0.0,0.0,0.0,0.0,0.0,Low,0.0
2026-04-10 19:17:41,Gwanghwamun-Deoksugung,여유,Low,0,19,Friday,4,0,1,2.0,0.0,0.0,0.6666666666666666,1.1547005383792517,Low,0.0
2026-04-10 23:32:49,Gwanghwamun-Deoksugung,여유,Low,0,23,Friday,4,0,0,0.0,2.0,0.0,0.6666666666666666,1.1547005383792517,Low,0.0
2026-04-11 02:36:03,Gwanghwamun-Deoksugung,여유,Low,0,2,Saturday,4,1,0,0.0,0.0,2.0,0.6666666666666666,1.1547005383792517,Low,0.0
2026-04-11 04:56:14,Gwanghwamun-Deoksugung,여유,Low,0,4,Saturday,4,1,0,0.0,0.0,0.0,0.0,0.0,Low,0.0
2026-04-11 07:03:16,Gwanghwamun-Deoksugung,여유,Low,0,7,Saturday,4,1,0,0.0,0.0,0.0,0.0,0.0,Low,0.0
2026-04-11 08:55:27,Gwanghwamun-Deoksugung,여유,Low,0,8,Saturday,4,1,1,0.0,0.0,0.0,0.0,0.0,Low,0.0
2026-04-11 11:22:43,Gwanghwamun-Deoksugung,여유,Low,0,11,Saturday,4,1,0,0.0,0.0,0.0,0.0,0.0,Low,0.0
2026-04-11 13:38:46,Gwanghwamun-Deoksugung,여유,Low,0,13,Saturday,4,1,0,0.0,0.0,0.0,0.0,0.0,Low,0.0
2026-04-11 14:39:30,Gwanghwamun-Deoksugung,여유,Low,0,14,Saturday,4,1,1,0.0,0.0,0.0,0.0,0.0,Low,0.0
2026-04-11 17:01:40,Gwanghwamun-Deoksugung,여유,Low,0,17,Saturday,4,1,1,0.0,0.0,0.0,0.0,0.0,Low,0.0
2026-04-11 19:05:23,Gwanghwamun-Deoksugung,여유,Low,0,19,Saturday,4,1,1,0.0,0.0,0.0,0.0,0.0,Low,0.0
2026-04-11 20:46:50,Gwanghwamun-Deoksugung,여유,Low,0,20,Saturday,4,1,0,0.0,0.0,0.0,0.0,0.0,Low,0.0
2026-04-11 23:06:06,Gwanghwamun-Deoksugung,여유,Low,0,23,Saturday,4,1,0,0.0,0.0,0.0,0.0,0.0,Low,0.0
2026-04-12 00:50:42,Gwanghwamun-Deoksugung,여유,Low,0,0,Sunday,4,1,0,0.0,0.0,0.0,0.0,0.0,Low,0.0
2026-04-12 02:21:02,Gwanghwamun-Deoksugung,여유,Low,0,2,Sunday,4,1,0,0.0,0.0,0.0,0.0,0.0,Low,0.0
2026-04-12 04:26:09,Gwanghwamun-Deoksugung,여유,Low,0,4,Sunday,4,1,0,0.0,0.0,0.0,0.0,0.0,Low,0.0
2026-04-12 06:02:56,Gwanghwamun-Deoksugung,여유,Low,0,6,Sunday,4,1,0,0.0,0.0,0.0,0.0,0.0,Low,0.0
2026-04-12 07:02:03,Gwanghwamun-Deoksugung,여유,Low,0,7,Sunday,4,1,0,0.0,0.0,0.0,0.0,0.0,Low,0.0
2026-04-12 08:54:25,Gwanghwamun-Deoksugung,여유,Low,0,8,Sunday,4,1,1,0.0,0.0,0.0,0.0,0.0,Low,0.0
2026-04-12 15:13:12,Gwanghwamun-Deoksugung,여유,Low,0,15,Sunday,4,1,1,0.0,0.0,0.0,0.0,0.0,Low,0.0
2026-04-12 18:08:51,Gwanghwamun-Deoksugung,여유,Low,0,18,Sunday,4,1,1,0.0,0.0,0.0,0.0,0.0,Low,0.0
2026-04-12 20:22:18,Gwanghwamun-Deoksugung,여유,Low,0,20,Sunday,4,1,0,0.0,0.0,0.0,0.0,0.0,Low,0.0
2026-04-12 23:06:33,Gwanghwamun-Deoksugung,여유,Low,0,23,Sunday,4,1,0,0.0,0.0,0.0,0.0,0.0,Low,0.0
2026-04-13 00:55:33,Gwanghwamun-Deoksugung,여유,Low,0,0,Monday,4,0,0,0.0,0.0,0.0,0.0,0.0,Low,0.0
2026-04-13 02:55:52,Gwanghwamun-Deoksugung,여유,Low,0,2,Monday,4,0,0,0.0,0.0,0.0,0.0,0.0,Low,0.0
2026-04-13 04:56:16,Gwanghwamun-Deoksugung,여유,Low,0,4,Monday,4,0,0,0.0,0.0,0.0,0.0,0.0,Low,0.0
2026-04-13 06:54:15,Gwanghwamun-Deoksugung,여유,Low,0,6,Monday,4,0,0,0.0,0.0,0.0,0.0,0.0,Low,0.0
2026-04-13 08:56:41,Gwanghwamun-Deoksugung,여유,Low,0,8,Monday,4,0,1,0.0,0.0,0.0,0.0,0.0,High,2.0
2026-04-13 16:28:57,Gwanghwamun-Deoksugung,약간 붐빔,High,2,16,Monday,4,0,1,0.0,0.0,0.0,0.0,0.0,Low,0.0
2026-04-13 20:57:37,Gwanghwamun-Deoksugung,여유,Low,0,20,Monday,4,0,0,2.0,0.0,0.0,0.6666666666666666,1.1547005383792517,Low,0.0
2026-04-14 01:42:15,Gwanghwamun-Deoksugung,여유,Low,0,1,Tuesday,4,0,0,0.0,2.0,0.0,0.6666666666666666,1.1547005383792517,Low,0.0
2026-04-14 05:14:25,Gwanghwamun-Deoksugung,여유,Low,0,5,Tuesday,4,0,0,0.0,0.0,2.0,0.6666666666666666,1.1547005383792517,Low,0.0
2026-04-14 08:06:28,Gwanghwamun-Deoksugung,여유,Low,0,8,Tuesday,4,0,1,0.0,0.0,0.0,0.0,0.0,High,2.0
2026-04-14 15:13:57,Gwanghwamun-Deoksugung,약간 붐빔,High,2,15,Tuesday,4,0,1,0.0,0.0,0.0,0.0,0.0,Low,0.0
2026-04-14 19:48:53,Gwanghwamun-Deoksugung,여유,Low,0,19,Tuesday,4,0,1,2.0,0.0,0.0,0.6666666666666666,1.1547005383792517,Low,0.0
2026-04-15 00:51:08,Gwanghwamun-Deoksugung,여유,Low,0,0,Wednesday,4,0,0,0.0,2.0,0.0,0.6666666666666666,1.1547005383792517,Low,0.0
2026-04-15 04:54:53,Gwanghwamun-Deoksugung,여유,Low,0,4,Wednesday,4,0,0,0.0,0.0,2.0,0.6666666666666666,1.1547005383792517,Low,0.0
2026-04-15 07:34:05,Gwanghwamun-Deoksugung,여유,Low,0,7,Wednesday,4,0,0,0.0,0.0,0.0,0.0,0.0,High,2.0
2026-04-15 15:08:09,Gwanghwamun-Deoksugung,약간 붐빔,High,2,15,Wednesday,4,0,1,0.0,0.0,0.0,0.0,0.0,Low,0.0
2026-04-15 19:44:11,Gwanghwamun-Deoksugung,여유,Low,0,19,Wednesday,4,0,1,2.0,0.0,0.0,0.6666666666666666,1.1547005383792517,Low,0.0
2026-04-15 23:57:37,Gwanghwamun-Deoksugung,여유,Low,0,23,Wednesday,4,0,0,0.0,2.0,0.0,0.6666666666666666,1.1547005383792517,Low,0.0
2026-04-16 03:55:55,Gwanghwamun-Deoksugung,여유,Low,0,3,Thursday,4,0,0,0.0,0.0,2.0,0.6666666666666666,1.1547005383792517,Low,0.0
2026-04-16 07:06:10,Gwanghwamun-Deoksugung,여유,Low,0,7,Thursday,4,0,0,0.0,0.0,0.0,0.0,0.0,High,2.0
2026-04-16 14:53:39,Gwanghwamun-Deoksugung,약간 붐빔,High,2,14,Thursday,4,0,1,0.0,0.0,0.0,0.0,0.0,Low,0.0
2026-04-16 19:44:31,Gwanghwamun-Deoksugung,여유,Low,0,19,Thursday,4,0,1,2.0,0.0,0.0,0.6666666666666666,1.1547005383792517,Low,0.0
2026-04-17 01:11:05,Gwanghwamun-Deoksugung,여유,Low,0,1,Friday,4,0,0,0.0,2.0,0.0,0.6666666666666666,1.1547005383792517,Low,0.0
2026-04-17 05:03:33,Gwanghwamun-Deoksugung,여유,Low,0,5,Friday,4,0,0,0.0,0.0,2.0,0.6666666666666666,1.1547005383792517,Low,0.0
2026-04-17 07:10:27,Gwanghwamun-Deoksugung,여유,Low,0,7,Friday,4,0,0,0.0,0.0,0.0,0.0,0.0,Low,0.0
2026-04-17 09:09:49,Gwanghwamun-Deoksugung,여유,Low,0,9,Friday,4,0,0,0.0,0.0,0.0,0.0,0.0,High,2.0
2026-04-17 15:26:28,Gwanghwamun-Deoksugung,약간 붐빔,High,2,15,Friday,4,0,1,0.0,0.0,0.0,0.0,0.0,Medium,1.0
2026-04-17 17:15:25,Gwanghwamun-Deoksugung,보통,Medium,1,17,Friday,4,0,1,2.0,0.0,0.0,0.6666666666666666,1.1547005383792517,Medium,1.0
2026-04-17 18:51:36,Gwanghwamun-Deoksugung,보통,Medium,1,18,Friday,4,0,1,1.0,2.0,0.0,1.0,1.0,Low,0.0
2026-04-17 19:47:38,Gwanghwamun-Deoksugung,여유,Low,0,19,Friday,4,0,1,1.0,1.0,2.0,1.3333333333333333,0.577350269189626,Low,0.0
2026-04-17 20:40:14,Gwanghwamun-Deoksugung,여유,Low,0,20,Friday,4,0,0,0.0,1.0,1.0,0.6666666666666666,0.5773502691896258,Low,0.0
2026-04-17 21:46:23,Gwanghwamun-Deoksugung,여유,Low,0,21,Friday,4,0,0,0.0,0.0,1.0,0.3333333333333333,0.5773502691896258,Low,0.0
2026-04-17 23:13:59,Gwanghwamun-Deoksugung,여유,Low,0,23,Friday,4,0,0,0.0,0.0,0.0,0.0,0.0,Low,0.0
2026-04-18 00:33:16,Gwanghwamun-Deoksugung,여유,Low,0,0,Saturday,4,1,0,0.0,0.0,0.0,0.0,0.0,Low,0.0
2026-04-18 01:31:52,Gwanghwamun-Deoksugung,여유,Low,0,1,Saturday,4,1,0,0.0,0.0,0.0,0.0,0.0,Low,0.0
2026-04-18 02:30:08,Gwanghwamun-Deoksugung,여유,Low,0,2,Saturday,4,1,0,0.0,0.0,0.0,0.0,0.0,Low,0.0
2026-04-18 03:32:27,Gwanghwamun-Deoksugung,여유,Low,0,3,Saturday,4,1,0,0.0,0.0,0.0,0.0,0.0,Low,0.0
2026-04-18 04:42:51,Gwanghwamun-Deoksugung,여유,Low,0,4,Saturday,4,1,0,0.0,0.0,0.0,0.0,0.0,Low,0.0
2026-04-18 05:32:08,Gwanghwamun-Deoksugung,여유,Low,0,5,Saturday,4,1,0,0.0,0.0,0.0,0.0,0.0,Low,0.0
2026-04-18 06:25:16,Gwanghwamun-Deoksugung,여유,Low,0,6,Saturday,4,1,0,0.0,0.0,0.0,0.0,0.0,Low,0.0
2026-04-18 07:21:04,Gwanghwamun-Deoksugung,여유,Low,0,7,Saturday,4,1,0,0.0,0.0,0.0,0.0,0.0,Low,0.0
2026-04-18 08:06:33,Gwanghwamun-Deoksugung,여유,Low,0,8,Saturday,4,1,1,0.0,0.0,0.0,0.0,0.0,Low,0.0
2026-04-18 12:27:44,Gwanghwamun-Deoksugung,여유,Low,0,12,Saturday,4,1,0,0.0,0.0,0.0,0.0,0.0,Medium,1.0
2026-04-18 14:25:53,Gwanghwamun-Deoksugung,보통,Medium,1,14,Saturday,4,1,1,0.0,0.0,0.0,0.0,0.0,Medium,1.0
2026-04-18 15:49:15,Gwanghwamun-Deoksugung,보통,Medium,1,15,Saturday,4,1,1,1.0,0.0,0.0,0.3333333333333333,0.5773502691896258,Low,0.0
2026-04-18 16:50:34,Gwanghwamun-Deoksugung,여유,Low,0,16,Saturday,4,1,1,1.0,1.0,0.0,0.6666666666666666,0.5773502691896258,Low,0.0
2026-04-18 17:35:44,Gwanghwamun-Deoksugung,여유,Low,0,17,Saturday,4,1,1,0.0,1.0,1.0,0.6666666666666666,0.5773502691896258,Low,0.0
2026-04-18 18:32:24,Gwanghwamun-Deoksugung,여유,Low,0,18,Saturday,4,1,1,0.0,0.0,1.0,0.3333333333333333,0.5773502691896258,Low,0.0
2026-04-18 19:24:31,Gwanghwamun-Deoksugung,여유,Low,0,19,Saturday,4,1,1,0.0,0.0,0.0,0.0,0.0,Low,0.0
2026-04-18 20:20:24,Gwanghwamun-Deoksugung,여유,Low,0,20,Saturday,4,1,0,0.0,0.0,0.0,0.0,0.0,Low,0.0
2026-04-18 22:24:28,Gwanghwamun-Deoksugung,여유,Low,0,22,Saturday,4,1,0,0.0,0.0,0.0,0.0,0.0,Low,0.0
2026-04-18 23:23:10,Gwanghwamun-Deoksugung,여유,Low,0,23,Saturday,4,1,0,0.0,0.0,0.0,0.0,0.0,Low,0.0
2026-04-19 00:04:44,Gwanghwamun-Deoksugung,여유,Low,0,0,Sunday,4,1,0,0.0,0.0,0.0,0.0,0.0,Low,0.0
2026-04-19 01:29:57,Gwanghwamun-Deoksugung,여유,Low,0,1,Sunday,4,1,0,0.0,0.0,0.0,0.0,0.0,Low,0.0
2026-04-19 02:19:35,Gwanghwamun-Deoksugung,여유,Low,0,2,Sunday,4,1,0,0.0,0.0,0.0,0.0,0.0,Low,0.0
2026-04-19 04:07:19,Gwanghwamun-Deoksugung,여유,Low,0,4,Sunday,4,1,0,0.0,0.0,0.0,0.0,0.0,Low,0.0
2026-04-19 05:28:01,Gwanghwamun-Deoksugung,여유,Low,0,5,Sunday,4,1,0,0.0,0.0,0.0,0.0,0.0,Low,0.0
2026-04-19 06:05:49,Gwanghwamun-Deoksugung,여유,Low,0,6,Sunday,4,1,0,0.0,0.0,0.0,0.0,0.0,Low,0.0
2026-04-19 07:19:59,Gwanghwamun-Deoksugung,여유,Low,0,7,Sunday,4,1,0,0.0,0.0,0.0,0.0,0.0,Low,0.0
2026-04-19 08:49:55,Gwanghwamun-Deoksugung,여유,Low,0,8,Sunday,4,1,1,0.0,0.0,0.0,0.0,0.0,Low,0.0
2026-04-19 10:14:13,Gwanghwamun-Deoksugung,여유,Low,0,10,Sunday,4,1,0,0.0,0.0,0.0,0.0,0.0,Low,0.0
2026-04-19 13:26:45,Gwanghwamun-Deoksugung,여유,Low,0,13,Sunday,4,1,0,0.0,0.0,0.0,0.0,0.0,Low,0.0
2026-04-19 15:17:39,Gwanghwamun-Deoksugung,여유,Low,0,15,Sunday,4,1,1,0.0,0.0,0.0,0.0,0.0,Low,0.0
2026-04-19 16:51:12,Gwanghwamun-Deoksugung,여유,Low,0,16,Sunday,4,1,1,0.0,0.0,0.0,0.0,0.0,Low,0.0
2026-04-19 17:42:20,Gwanghwamun-Deoksugung,여유,Low,0,17,Sunday,4,1,1,0.0,0.0,0.0,0.0,0.0,Low,0.0
2026-04-19 18:35:42,Gwanghwamun-Deoksugung,여유,Low,0,18,Sunday,4,1,1,0.0,0.0,0.0,0.0,0.0,Low,0.0
2026-04-19 19:23:13,Gwanghwamun-Deoksugung,여유,Low,0,19,Sunday,4,1,1,0.0,0.0,0.0,0.0,0.0,Low,0.0
2026-04-19 20:06:23,Gwanghwamun-Deoksugung,여유,Low,0,20,Sunday,4,1,0,0.0,0.0,0.0,0.0,0.0,Low,0.0
2026-04-19 21:29:59,Gwanghwamun-Deoksugung,여유,Low,0,21,Sunday,4,1,0,0.0,0.0,0.0,0.0,0.0,Low,0.0
2026-04-19 22:45:03,Gwanghwamun-Deoksugung,여유,Low,0,22,Sunday,4,1,0,0.0,0.0,0.0,0.0,0.0,Low,0.0
2026-04-19 23:30:58,Gwanghwamun-Deoksugung,여유,Low,0,23,Sunday,4,1,0,0.0,0.0,0.0,0.0,0.0,Low,0.0
2026-04-20 00:22:20,Gwanghwamun-Deoksugung,여유,Low,0,0,Monday,4,0,0,0.0,0.0,0.0,0.0,0.0,Low,0.0
2026-04-20 01:56:32,Gwanghwamun-Deoksugung,여유,Low,0,1,Monday,4,0,0,0.0,0.0,0.0,0.0,0.0,Low,0.0
2026-04-20 02:51:06,Gwanghwamun-Deoksugung,여유,Low,0,2,Monday,4,0,0,0.0,0.0,0.0,0.0,0.0,Low,0.0
2026-04-20 03:33:07,Gwanghwamun-Deoksugung,여유,Low,0,3,Monday,4,0,0,0.0,0.0,0.0,0.0,0.0,Low,0.0
2026-04-20 04:28:31,Gwanghwamun-Deoksugung,여유,Low,0,4,Monday,4,0,0,0.0,0.0,0.0,0.0,0.0,Low,0.0
2026-04-20 05:05:03,Gwanghwamun-Deoksugung,여유,Low,0,5,Monday,4,0,0,0.0,0.0,0.0,0.0,0.0,Low,0.0
2026-04-20 06:28:41,Gwanghwamun-Deoksugung,여유,Low,0,6,Monday,4,0,0,0.0,0.0,0.0,0.0,0.0,Low,0.0
2026-04-20 07:04:02,Gwanghwamun-Deoksugung,여유,Low,0,7,Monday,4,0,0,0.0,0.0,0.0,0.0,0.0,Low,0.0
2026-04-20 08:32:52,Gwanghwamun-Deoksugung,여유,Low,0,8,Monday,4,0,1,0.0,0.0,0.0,0.0,0.0,Low,0.0
2026-04-20 09:06:13,Gwanghwamun-Deoksugung,여유,Low,0,9,Monday,4,0,0,0.0,0.0,0.0,0.0,0.0,High,2.0
2026-04-20 12:50:35,Gwanghwamun-Deoksugung,약간 붐빔,High,2,12,Monday,4,0,0,0.0,0.0,0.0,0.0,0.0,High,2.0
2026-04-20 15:07:53,Gwanghwamun-Deoksugung,약간 붐빔,High,2,15,Monday,4,0,1,2.0,0.0,0.0,0.6666666666666666,1.1547005383792517,Medium,1.0
2026-04-20 17:27:12,Gwanghwamun-Deoksugung,보통,Medium,1,17,Monday,4,0,1,2.0,2.0,0.0,1.3333333333333333,1.1547005383792517,Low,0.0
2026-04-20 19:21:43,Gwanghwamun-Deoksugung,여유,Low,0,19,Monday,4,0,1,1.0,2.0,2.0,1.6666666666666667,0.5773502691896258,Low,0.0
2026-04-20 20:49:42,Gwanghwamun-Deoksugung,여유,Low,0,20,Monday,4,0,0,0.0,1.0,2.0,1.0,1.0,Low,0.0
2026-04-20 21:56:57,Gwanghwamun-Deoksugung,여유,Low,0,21,Monday,4,0,0,0.0,0.0,1.0,0.3333333333333333,0.5773502691896258,Low,0.0
2026-04-20 23:57:45,Gwanghwamun-Deoksugung,여유,Low,0,23,Monday,4,0,0,0.0,0.0,0.0,0.0,0.0,Low,0.0
2026-04-21 01:20:28,Gwanghwamun-Deoksugung,여유,Low,0,1,Tuesday,4,0,0,0.0,0.0,0.0,0.0,0.0,Low,0.0
2026-04-21 02:33:47,Gwanghwamun-Deoksugung,여유,Low,0,2,Tuesday,4,0,0,0.0,0.0,0.0,0.0,0.0,Low,0.0
2026-04-21 03:39:32,Gwanghwamun-Deoksugung,여유,Low,0,3,Tuesday,4,0,0,0.0,0.0,0.0,0.0,0.0,Low,0.0
2026-04-21 04:50:48,Gwanghwamun-Deoksugung,여유,Low,0,4,Tuesday,4,0,0,0.0,0.0,0.0,0.0,0.0,Low,0.0
2026-04-21 05:35:14,Gwanghwamun-Deoksugung,여유,Low,0,5,Tuesday,4,0,0,0.0,0.0,0.0,0.0,0.0,Low,0.0
2026-04-21 06:30:29,Gwanghwamun-Deoksugung,여유,Low,0,6,Tuesday,4,0,0,0.0,0.0,0.0,0.0,0.0,Low,0.0
2026-04-21 07:27:21,Gwanghwamun-Deoksugung,여유,Low,0,7,Tuesday,4,0,0,0.0,0.0,0.0,0.0,0.0,Low,0.0
2026-04-21 08:25:48,Gwanghwamun-Deoksugung,여유,Low,0,8,Tuesday,4,0,1,0.0,0.0,0.0,0.0,0.0,Medium,1.0
2026-04-21 10:08:47,Gwanghwamun-Deoksugung,보통,Medium,1,10,Tuesday,4,0,0,0.0,0.0,0.0,0.0,0.0,High,2.0
2026-04-21 13:23:29,Gwanghwamun-Deoksugung,붐빔,High,2,13,Tuesday,4,0,0,1.0,0.0,0.0,0.3333333333333333,0.5773502691896258,High,2.0
2026-04-21 15:19:31,Gwanghwamun-Deoksugung,약간 붐빔,High,2,15,Tuesday,4,0,1,2.0,1.0,0.0,1.0,1.0,Medium,1.0
2026-04-21 17:13:39,Gwanghwamun-Deoksugung,보통,Medium,1,17,Tuesday,4,0,1,2.0,2.0,1.0,1.6666666666666667,0.5773502691896257,High,2.0
2026-04-21 18:55:30,Gwanghwamun-Deoksugung,약간 붐빔,High,2,18,Tuesday,4,0,1,1.0,2.0,2.0,1.6666666666666667,0.5773502691896258,Low,0.0
2026-04-21 20:21:52,Gwanghwamun-Deoksugung,여유,Low,0,20,Tuesday,4,0,0,2.0,1.0,2.0,1.6666666666666667,0.5773502691896258,Low,0.0
2026-04-21 21:12:47,Gwanghwamun-Deoksugung,여유,Low,0,21,Tuesday,4,0,0,0.0,2.0,1.0,1.0,1.0,Low,0.0
2026-04-21 23:12:44,Gwanghwamun-Deoksugung,여유,Low,0,23,Tuesday,4,0,0,0.0,0.0,2.0,0.6666666666666666,1.1547005383792517,Low,0.0
2026-04-22 00:48:00,Gwanghwamun-Deoksugung,여유,Low,0,0,Wednesday,4,0,0,0.0,0.0,0.0,0.0,0.0,Low,0.0
2026-04-22 01:45:06,Gwanghwamun-Deoksugung,여유,Low,0,1,Wednesday,4,0,0,0.0,0.0,0.0,0.0,0.0,Low,0.0
2026-04-22 02:47:16,Gwanghwamun-Deoksugung,여유,Low,0,2,Wednesday,4,0,0,0.0,0.0,0.0,0.0,0.0,Low,0.0
2026-04-22 03:51:01,Gwanghwamun-Deoksugung,여유,Low,0,3,Wednesday,4,0,0,0.0,0.0,0.0,0.0,0.0,Low,0.0
2026-04-22 04:59:09,Gwanghwamun-Deoksugung,여유,Low,0,4,Wednesday,4,0,0,0.0,0.0,0.0,0.0,0.0,Low,0.0
2026-04-22 06:03:01,Gwanghwamun-Deoksugung,여유,Low,0,6,Wednesday,4,0,0,0.0,0.0,0.0,0.0,0.0,Low,0.0
2026-04-22 07:56:24,Gwanghwamun-Deoksugung,여유,Low,0,7,Wednesday,4,0,0,0.0,0.0,0.0,0.0,0.0,Low,0.0
2026-04-22 08:50:02,Gwanghwamun-Deoksugung,여유,Low,0,8,Wednesday,4,0,1,0.0,0.0,0.0,0.0,0.0,Medium,1.0
2026-04-22 10:10:20,Gwanghwamun-Deoksugung,보통,Medium,1,10,Wednesday,4,0,0,0.0,0.0,0.0,0.0,0.0,High,2.0
2026-04-22 13:21:54,Gwanghwamun-Deoksugung,붐빔,High,2,13,Wednesday,4,0,0,1.0,0.0,0.0,0.3333333333333333,0.5773502691896258,High,2.0
2026-04-22 15:17:56,Gwanghwamun-Deoksugung,약간 붐빔,High,2,15,Wednesday,4,0,1,2.0,1.0,0.0,1.0,1.0,Medium,1.0
2026-04-22 17:12:35,Gwanghwamun-Deoksugung,보통,Medium,1,17,Wednesday,4,0,1,2.0,2.0,1.0,1.6666666666666667,0.5773502691896257,High,2.0
2026-04-22 18:57:08,Gwanghwamun-Deoksugung,약간 붐빔,High,2,18,Wednesday,4,0,1,1.0,2.0,2.0,1.6666666666666667,0.5773502691896258,Low,0.0
2026-04-22 20:19:55,Gwanghwamun-Deoksugung,여유,Low,0,20,Wednesday,4,0,0,2.0,1.0,2.0,1.6666666666666667,0.5773502691896258,Low,0.0
2026-04-22 21:12:03,Gwanghwamun-Deoksugung,여유,Low,0,21,Wednesday,4,0,0,0.0,2.0,1.0,1.0,1.0,Low,0.0
2026-04-22 23:13:48,Gwanghwamun-Deoksugung,여유,Low,0,23,Wednesday,4,0,0,0.0,0.0,2.0,0.6666666666666666,1.1547005383792517,Low,0.0
2026-04-23 00:46:18,Gwanghwamun-Deoksugung,여유,Low,0,0,Thursday,4,0,0,0.0,0.0,0.0,0.0,0.0,Low,0.0
2026-04-23 01:46:15,Gwanghwamun-Deoksugung,여유,Low,0,1,Thursday,4,0,0,0.0,0.0,0.0,0.0,0.0,Low,0.0
2026-04-23 02:47:41,Gwanghwamun-Deoksugung,여유,Low,0,2,Thursday,4,0,0,0.0,0.0,0.0,0.0,0.0,Low,0.0
2026-04-23 03:53:18,Gwanghwamun-Deoksugung,여유,Low,0,3,Thursday,4,0,0,0.0,0.0,0.0,0.0,0.0,Low,0.0
2026-04-23 05:02:58,Gwanghwamun-Deoksugung,여유,Low,0,5,Thursday,4,0,0,0.0,0.0,0.0,0.0,0.0,Low,0.0
2026-04-23 06:08:25,Gwanghwamun-Deoksugung,여유,Low,0,6,Thursday,4,0,0,0.0,0.0,0.0,0.0,0.0,Low,0.0
2026-04-23 07:04:15,Gwanghwamun-Deoksugung,여유,Low,0,7,Thursday,4,0,0,0.0,0.0,0.0,0.0,0.0,Low,0.0
2026-04-23 08:02:47,Gwanghwamun-Deoksugung,여유,Low,0,8,Thursday,4,0,1,0.0,0.0,0.0,0.0,0.0,High,2.0
2026-04-23 12:43:29,Gwanghwamun-Deoksugung,약간 붐빔,High,2,12,Thursday,4,0,0,0.0,0.0,0.0,0.0,0.0,High,2.0
2026-04-23 14:57:35,Gwanghwamun-Deoksugung,약간 붐빔,High,2,14,Thursday,4,0,1,2.0,0.0,0.0,0.6666666666666666,1.1547005383792517,High,2.0
2026-04-23 17:09:06,Gwanghwamun-Deoksugung,약간 붐빔,High,2,17,Thursday,4,0,1,2.0,2.0,0.0,1.3333333333333333,1.1547005383792517,High,2.0
2026-04-23 19:00:42,Gwanghwamun-Deoksugung,약간 붐빔,High,2,19,Thursday,4,0,1,2.0,2.0,2.0,2.0,0.0,Low,0.0
2026-04-23 20:21:37,Gwanghwamun-Deoksugung,여유,Low,0,20,Thursday,4,0,0,2.0,2.0,2.0,2.0,0.0,Low,0.0
2026-04-23 21:13:21,Gwanghwamun-Deoksugung,여유,Low,0,21,Thursday,4,0,0,0.0,2.0,2.0,1.3333333333333333,1.1547005383792517,Low,0.0
2026-04-23 23:17:02,Gwanghwamun-Deoksugung,여유,Low,0,23,Thursday,4,0,0,0.0,0.0,2.0,0.6666666666666666,1.1547005383792517,Low,0.0
2026-04-24 02:51:48,Gwanghwamun-Deoksugung,여유,Low,0,2,Friday,4,0,0,0.0,0.0,0.0,0.0,0.0,Low,0.0
2026-04-24 03:56:59,Gwanghwamun-Deoksugung,여유,Low,0,3,Friday,4,0,0,0.0,0.0,0.0,0.0,0.0,Low,0.0
2026-04-24 05:11:40,Gwanghwamun-Deoksugung,여유,Low,0,5,Friday,4,0,0,0.0,0.0,0.0,0.0,0.0,Low,0.0
2026-04-24 06:11:38,Gwanghwamun-Deoksugung,여유,Low,0,6,Friday,4,0,0,0.0,0.0,0.0,0.0,0.0,Low,0.0
2026-04-24 07:05:27,Gwanghwamun-Deoksugung,여유,Low,0,7,Friday,4,0,0,0.0,0.0,0.0,0.0,0.0,Low,0.0
2026-04-24 08:03:59,Gwanghwamun-Deoksugung,여유,Low,0,8,Friday,4,0,1,0.0,0.0,0.0,0.0,0.0,High,2.0
2026-04-24 12:46:53,Gwanghwamun-Deoksugung,약간 붐빔,High,2,12,Friday,4,0,0,0.0,0.0,0.0,0.0,0.0,High,2.0
2026-04-24 15:00:56,Gwanghwamun-Deoksugung,약간 붐빔,High,2,15,Friday,4,0,1,2.0,0.0,0.0,0.6666666666666666,1.1547005383792517,Medium,1.0
2026-04-24 17:20:32,Gwanghwamun-Deoksugung,보통,Medium,1,17,Friday,4,0,1,2.0,2.0,0.0,1.3333333333333333,1.1547005383792517,High,2.0
2026-04-24 18:58:56,Gwanghwamun-Deoksugung,약간 붐빔,High,2,18,Friday,4,0,1,1.0,2.0,2.0,1.6666666666666667,0.5773502691896258,Low,0.0
2026-04-24 20:20:44,Gwanghwamun-Deoksugung,여유,Low,0,20,Friday,4,0,0,2.0,1.0,2.0,1.6666666666666667,0.5773502691896258,Low,0.0
2026-04-24 21:11:58,Gwanghwamun-Deoksugung,여유,Low,0,21,Friday,4,0,0,0.0,2.0,1.0,1.0,1.0,Low,0.0
2026-04-24 23:12:12,Gwanghwamun-Deoksugung,여유,Low,0,23,Friday,4,0,0,0.0,0.0,2.0,0.6666666666666666,1.1547005383792517,Low,0.0
2026-04-25 00:43:09,Gwanghwamun-Deoksugung,여유,Low,0,0,Saturday,4,1,0,0.0,0.0,0.0,0.0,0.0,Low,0.0
2026-04-25 01:42:25,Gwanghwamun-Deoksugung,여유,Low,0,1,Saturday,4,1,0,0.0,0.0,0.0,0.0,0.0,Low,0.0
2026-04-25 02:41:12,Gwanghwamun-Deoksugung,여유,Low,0,2,Saturday,4,1,0,0.0,0.0,0.0,0.0,0.0,Low,0.0
2026-04-25 03:33:12,Gwanghwamun-Deoksugung,여유,Low,0,3,Saturday,4,1,0,0.0,0.0,0.0,0.0,0.0,Low,0.0
2026-04-25 04:36:18,Gwanghwamun-Deoksugung,여유,Low,0,4,Saturday,4,1,0,0.0,0.0,0.0,0.0,0.0,Low,0.0
2026-04-25 05:28:07,Gwanghwamun-Deoksugung,여유,Low,0,5,Saturday,4,1,0,0.0,0.0,0.0,0.0,0.0,Low,0.0
2026-04-25 06:30:43,Gwanghwamun-Deoksugung,여유,Low,0,6,Saturday,4,1,0,0.0,0.0,0.0,0.0,0.0,Low,0.0
2026-04-25 07:26:11,Gwanghwamun-Deoksugung,여유,Low,0,7,Saturday,4,1,0,0.0,0.0,0.0,0.0,0.0,Low,0.0
2026-04-25 08:23:19,Gwanghwamun-Deoksugung,여유,Low,0,8,Saturday,4,1,1,0.0,0.0,0.0,0.0,0.0,Low,0.0
2026-04-25 09:02:52,Gwanghwamun-Deoksugung,여유,Low,0,9,Saturday,4,1,0,0.0,0.0,0.0,0.0,0.0,Low,0.0
2026-04-25 12:29:55,Gwanghwamun-Deoksugung,여유,Low,0,12,Saturday,4,1,0,0.0,0.0,0.0,0.0,0.0,Low,0.0
2026-04-25 14:31:07,Gwanghwamun-Deoksugung,여유,Low,0,14,Saturday,4,1,1,0.0,0.0,0.0,0.0,0.0,Low,0.0
2026-04-25 15:55:10,Gwanghwamun-Deoksugung,여유,Low,0,15,Saturday,4,1,1,0.0,0.0,0.0,0.0,0.0,Low,0.0
2026-04-25 17:10:49,Gwanghwamun-Deoksugung,여유,Low,0,17,Saturday,4,1,1,0.0,0.0,0.0,0.0,0.0,Low,0.0
2026-04-25 18:14:15,Gwanghwamun-Deoksugung,여유,Low,0,18,Saturday,4,1,1,0.0,0.0,0.0,0.0,0.0,Low,0.0
2026-04-25 19:10:22,Gwanghwamun-Deoksugung,여유,Low,0,19,Saturday,4,1,1,0.0,0.0,0.0,0.0,0.0,Low,0.0
2026-04-25 20:08:06,Gwanghwamun-Deoksugung,여유,Low,0,20,Saturday,4,1,0,0.0,0.0,0.0,0.0,0.0,Low,0.0
2026-04-25 22:37:37,Gwanghwamun-Deoksugung,여유,Low,0,22,Saturday,4,1,0,0.0,0.0,0.0,0.0,0.0,Low,0.0
2026-04-25 23:27:34,Gwanghwamun-Deoksugung,여유,Low,0,23,Saturday,4,1,0,0.0,0.0,0.0,0.0,0.0,Low,0.0
2026-04-26 00:24:26,Gwanghwamun-Deoksugung,여유,Low,0,0,Sunday,4,1,0,0.0,0.0,0.0,0.0,0.0,Low,0.0
2026-04-26 01:08:58,Gwanghwamun-Deoksugung,여유,Low,0,1,Sunday,4,1,0,0.0,0.0,0.0,0.0,0.0,Low,0.0
2026-04-26 02:05:05,Gwanghwamun-Deoksugung,여유,Low,0,2,Sunday,4,1,0,0.0,0.0,0.0,0.0,0.0,Low,0.0
2026-04-26 04:08:54,Gwanghwamun-Deoksugung,여유,Low,0,4,Sunday,4,1,0,0.0,0.0,0.0,0.0,0.0,Low,0.0
2026-04-26 05:54:03,Gwanghwamun-Deoksugung,여유,Low,0,5,Sunday,4,1,0,0.0,0.0,0.0,0.0,0.0,Low,0.0
2026-04-26 06:50:51,Gwanghwamun-Deoksugung,여유,Low,0,6,Sunday,4,1,0,0.0,0.0,0.0,0.0,0.0,Low,0.0
2026-04-26 07:24:36,Gwanghwamun-Deoksugung,여유,Low,0,7,Sunday,4,1,0,0.0,0.0,0.0,0.0,0.0,Low,0.0
2026-04-26 08:20:56,Gwanghwamun-Deoksugung,여유,Low,0,8,Sunday,4,1,1,0.0,0.0,0.0,0.0,0.0,Low,0.0
2026-04-26 12:52:53,Gwanghwamun-Deoksugung,여유,Low,0,12,Sunday,4,1,0,0.0,0.0,0.0,0.0,0.0,Low,0.0
2026-04-26 15:03:46,Gwanghwamun-Deoksugung,여유,Low,0,15,Sunday,4,1,1,0.0,0.0,0.0,0.0,0.0,Low,0.0
2026-04-26 16:53:04,Gwanghwamun-Deoksugung,여유,Low,0,16,Sunday,4,1,1,0.0,0.0,0.0,0.0,0.0,Low,0.0
2026-04-26 17:54:56,Gwanghwamun-Deoksugung,여유,Low,0,17,Sunday,4,1,1,0.0,0.0,0.0,0.0,0.0,Low,0.0
2026-04-26 19:04:34,Gwanghwamun-Deoksugung,여유,Low,0,19,Sunday,4,1,1,0.0,0.0,0.0,0.0,0.0,Low,0.0
2026-04-26 20:00:32,Gwanghwamun-Deoksugung,여유,Low,0,20,Sunday,4,1,0,0.0,0.0,0.0,0.0,0.0,Low,0.0
2026-04-26 21:48:37,Gwanghwamun-Deoksugung,여유,Low,0,21,Sunday,4,1,0,0.0,0.0,0.0,0.0,0.0,Low,0.0
2026-04-26 22:56:45,Gwanghwamun-Deoksugung,여유,Low,0,22,Sunday,4,1,0,0.0,0.0,0.0,0.0,0.0,Low,0.0
2026-04-26 23:59:15,Gwanghwamun-Deoksugung,여유,Low,0,23,Sunday,4,1,0,0.0,0.0,0.0,0.0,0.0,Low,0.0
2026-04-27 00:54:39,Gwanghwamun-Deoksugung,여유,Low,0,0,Monday,4,0,0,0.0,0.0,0.0,0.0,0.0,Low,0.0
2026-04-27 01:59:39,Gwanghwamun-Deoksugung,여유,Low,0,1,Monday,4,0,0,0.0,0.0,0.0,0.0,0.0,Low,0.0
2026-04-27 02:55:26,Gwanghwamun-Deoksugung,여유,Low,0,2,Monday,4,0,0,0.0,0.0,0.0,0.0,0.0,Low,0.0
2026-04-27 04:11:26,Gwanghwamun-Deoksugung,여유,Low,0,4,Monday,4,0,0,0.0,0.0,0.0,0.0,0.0,Low,0.0
2026-04-27 05:00:02,Gwanghwamun-Deoksugung,여유,Low,0,5,Monday,4,0,0,0.0,0.0,0.0,0.0,0.0,Low,0.0
2026-04-27 06:52:26,Gwanghwamun-Deoksugung,여유,Low,0,6,Monday,4,0,0,0.0,0.0,0.0,0.0,0.0,Low,0.0
2026-04-27 07:31:21,Gwanghwamun-Deoksugung,여유,Low,0,7,Monday,4,0,0,0.0,0.0,0.0,0.0,0.0,Low,0.0
2026-04-27 08:22:48,Gwanghwamun-Deoksugung,여유,Low,0,8,Monday,4,0,1,0.0,0.0,0.0,0.0,0.0,Low,0.0
2026-04-27 09:02:46,Gwanghwamun-Deoksugung,여유,Low,0,9,Monday,4,0,0,0.0,0.0,0.0,0.0,0.0,High,2.0
2026-04-27 12:57:03,Gwanghwamun-Deoksugung,약간 붐빔,High,2,12,Monday,4,0,0,0.0,0.0,0.0,0.0,0.0,High,2.0
2026-04-27 15:40:06,Gwanghwamun-Deoksugung,약간 붐빔,High,2,15,Monday,4,0,1,2.0,0.0,0.0,0.6666666666666666,1.1547005383792517,Medium,1.0
2026-04-27 18:11:16,Gwanghwamun-Deoksugung,보통,Medium,1,18,Monday,4,0,1,2.0,2.0,0.0,1.3333333333333333,1.1547005383792517,Low,0.0
2026-04-27 20:20:40,Gwanghwamun-Deoksugung,여유,Low,0,20,Monday,4,0,0,1.0,2.0,2.0,1.6666666666666667,0.5773502691896258,Low,0.0
2026-04-27 21:57:53,Gwanghwamun-Deoksugung,여유,Low,0,21,Monday,4,0,0,0.0,1.0,2.0,1.0,1.0,Low,0.0
2026-04-28 00:16:55,Gwanghwamun-Deoksugung,여유,Low,0,0,Tuesday,4,0,0,0.0,0.0,1.0,0.3333333333333333,0.5773502691896258,Low,0.0
2026-04-28 02:00:00,Gwanghwamun-Deoksugung,여유,Low,0,2,Tuesday,4,0,0,0.0,0.0,0.0,0.0,0.0,Low,0.0
2026-04-28 03:18:08,Gwanghwamun-Deoksugung,여유,Low,0,3,Tuesday,4,0,0,0.0,0.0,0.0,0.0,0.0,Low,0.0
2026-04-28 04:52:09,Gwanghwamun-Deoksugung,여유,Low,0,4,Tuesday,4,0,0,0.0,0.0,0.0,0.0,0.0,Low,0.0
2026-04-28 05:54:34,Gwanghwamun-Deoksugung,여유,Low,0,5,Tuesday,4,0,0,0.0,0.0,0.0,0.0,0.0,Low,0.0
2026-04-28 07:05:00,Gwanghwamun-Deoksugung,여유,Low,0,7,Tuesday,4,0,0,0.0,0.0,0.0,0.0,0.0,Low,0.0
2026-04-28 08:08:12,Gwanghwamun-Deoksugung,여유,Low,0,8,Tuesday,4,0,1,0.0,0.0,0.0,0.0,0.0,Low,0.0
2026-04-28 09:05:43,Gwanghwamun-Deoksugung,여유,Low,0,9,Tuesday,4,0,0,0.0,0.0,0.0,0.0,0.0,High,2.0
2026-04-28 13:03:15,Gwanghwamun-Deoksugung,붐빔,High,2,13,Tuesday,4,0,0,0.0,0.0,0.0,0.0,0.0,High,2.0
2026-04-28 15:41:35,Gwanghwamun-Deoksugung,약간 붐빔,High,2,15,Tuesday,4,0,1,2.0,0.0,0.0,0.6666666666666666,1.1547005383792517,Medium,1.0
2026-04-28 18:12:48,Gwanghwamun-Deoksugung,보통,Medium,1,18,Tuesday,4,0,1,2.0,2.0,0.0,1.3333333333333333,1.1547005383792517,Low,0.0
2026-04-28 20:20:19,Gwanghwamun-Deoksugung,여유,Low,0,20,Tuesday,4,0,0,1.0,2.0,2.0,1.6666666666666667,0.5773502691896258,Low,0.0
2026-04-28 22:04:28,Gwanghwamun-Deoksugung,여유,Low,0,22,Tuesday,4,0,0,0.0,1.0,2.0,1.0,1.0,Low,0.0
2026-04-29 00:35:37,Gwanghwamun-Deoksugung,여유,Low,0,0,Wednesday,4,0,0,0.0,0.0,1.0,0.3333333333333333,0.5773502691896258,Low,0.0
2026-04-29 02:16:26,Gwanghwamun-Deoksugung,여유,Low,0,2,Wednesday,4,0,0,0.0,0.0,0.0,0.0,0.0,Low,0.0
2026-04-29 03:57:57,Gwanghwamun-Deoksugung,여유,Low,0,3,Wednesday,4,0,0,0.0,0.0,0.0,0.0,0.0,Low,0.0
2026-04-29 05:38:21,Gwanghwamun-Deoksugung,여유,Low,0,5,Wednesday,4,0,0,0.0,0.0,0.0,0.0,0.0,Low,0.0
2026-04-29 06:42:30,Gwanghwamun-Deoksugung,여유,Low,0,6,Wednesday,4,0,0,0.0,0.0,0.0,0.0,0.0,Low,0.0
2026-04-29 07:42:57,Gwanghwamun-Deoksugung,여유,Low,0,7,Wednesday,4,0,0,0.0,0.0,0.0,0.0,0.0,Low,0.0
2026-04-29 08:42:01,Gwanghwamun-Deoksugung,여유,Low,0,8,Wednesday,4,0,1,0.0,0.0,0.0,0.0,0.0,Medium,1.0
2026-04-29 10:27:38,Gwanghwamun-Deoksugung,보통,Medium,1,10,Wednesday,4,0,0,0.0,0.0,0.0,0.0,0.0,High,2.0
2026-04-29 13:59:42,Gwanghwamun-Deoksugung,약간 붐빔,High,2,13,Wednesday,4,0,0,1.0,0.0,0.0,0.3333333333333333,0.5773502691896258,High,2.0
2026-04-29 16:33:52,Gwanghwamun-Deoksugung,약간 붐빔,High,2,16,Wednesday,4,0,1,2.0,1.0,0.0,1.0,1.0,High,2.0
2026-04-29 18:36:57,Gwanghwamun-Deoksugung,붐빔,High,2,18,Wednesday,4,0,1,2.0,2.0,1.0,1.6666666666666667,0.5773502691896257,Low,0.0
2026-04-29 20:18:26,Gwanghwamun-Deoksugung,여유,Low,0,20,Wednesday,4,0,0,2.0,2.0,2.0,2.0,0.0,Low,0.0
2026-04-29 22:00:23,Gwanghwamun-Deoksugung,여유,Low,0,22,Wednesday,4,0,0,0.0,2.0,2.0,1.3333333333333333,1.1547005383792517,Low,0.0
2026-04-30 00:25:20,Gwanghwamun-Deoksugung,여유,Low,0,0,Thursday,4,0,0,0.0,0.0,2.0,0.6666666666666666,1.1547005383792517,Low,0.0
2026-04-30 02:09:24,Gwanghwamun-Deoksugung,여유,Low,0,2,Thursday,4,0,0,0.0,0.0,0.0,0.0,0.0,Low,0.0
2026-04-30 03:52:55,Gwanghwamun-Deoksugung,여유,Low,0,3,Thursday,4,0,0,0.0,0.0,0.0,0.0,0.0,Low,0.0
2026-04-30 05:08:15,Gwanghwamun-Deoksugung,여유,Low,0,5,Thursday,4,0,0,0.0,0.0,0.0,0.0,0.0,Low,0.0
2026-04-30 06:18:15,Gwanghwamun-Deoksugung,여유,Low,0,6,Thursday,4,0,0,0.0,0.0,0.0,0.0,0.0,Low,0.0
2026-04-30 07:15:18,Gwanghwamun-Deoksugung,여유,Low,0,7,Thursday,4,0,0,0.0,0.0,0.0,0.0,0.0,Low,0.0
2026-04-30 08:15:20,Gwanghwamun-Deoksugung,여유,Low,0,8,Thursday,4,0,1,0.0,0.0,0.0,0.0,0.0,Low,0.0
2026-04-30 09:12:27,Gwanghwamun-Deoksugung,여유,Low,0,9,Thursday,4,0,0,0.0,0.0,0.0,0.0,0.0,High,2.0
2026-04-30 13:09:16,Gwanghwamun-Deoksugung,붐빔,High,2,13,Thursday,4,0,0,0.0,0.0,0.0,0.0,0.0,High,2.0
2026-04-30 15:44:38,Gwanghwamun-Deoksugung,약간 붐빔,High,2,15,Thursday,4,0,1,2.0,0.0,0.0,0.6666666666666666,1.1547005383792517,Medium,1.0
2026-04-30 18:06:42,Gwanghwamun-Deoksugung,보통,Medium,1,18,Thursday,4,0,1,2.0,2.0,0.0,1.3333333333333333,1.1547005383792517,Low,0.0
2026-04-30 20:05:03,Gwanghwamun-Deoksugung,여유,Low,0,20,Thursday,4,0,0,1.0,2.0,2.0,1.6666666666666667,0.5773502691896258,Low,0.0
2026-04-30 21:22:41,Gwanghwamun-Deoksugung,여유,Low,0,21,Thursday,4,0,0,0.0,1.0,2.0,1.0,1.0,Low,0.0
2026-04-30 23:31:33,Gwanghwamun-Deoksugung,여유,Low,0,23,Thursday,4,0,0,0.0,0.0,1.0,0.3333333333333333,0.5773502691896258,Low,0.0
2026-05-01 01:08:10,Gwanghwamun-Deoksugung,여유,Low,0,1,Friday,5,0,0,0.0,0.0,0.0,0.0,0.0,Low,0.0
2026-05-01 02:44:39,Gwanghwamun-Deoksugung,여유,Low,0,2,Friday,5,0,0,0.0,0.0,0.0,0.0,0.0,Low,0.0
2026-05-01 04:01:45,Gwanghwamun-Deoksugung,여유,Low,0,4,Friday,5,0,0,0.0,0.0,0.0,0.0,0.0,Low,0.0
2026-05-01 05:17:44,Gwanghwamun-Deoksugung,여유,Low,0,5,Friday,5,0,0,0.0,0.0,0.0,0.0,0.0,Low,0.0
2026-05-01 06:30:19,Gwanghwamun-Deoksugung,여유,Low,0,6,Friday,5,0,0,0.0,0.0,0.0,0.0,0.0,Low,0.0
2026-05-01 07:32:31,Gwanghwamun-Deoksugung,여유,Low,0,7,Friday,5,0,0,0.0,0.0,0.0,0.0,0.0,Low,0.0
2026-05-01 08:32:56,Gwanghwamun-Deoksugung,여유,Low,0,8,Friday,5,0,1,0.0,0.0,0.0,0.0,0.0,Low,0.0
2026-05-01 10:25:28,Gwanghwamun-Deoksugung,여유,Low,0,10,Friday,5,0,0,0.0,0.0,0.0,0.0,0.0,Low,0.0
2026-05-01 14:27:34,Gwanghwamun-Deoksugung,여유,Low,0,14,Friday,5,0,1,0.0,0.0,0.0,0.0,0.0,Medium,1.0
2026-05-01 16:51:58,Gwanghwamun-Deoksugung,보통,Medium,1,16,Friday,5,0,1,0.0,0.0,0.0,0.0,0.0,Low,0.0
2026-05-01 18:26:50,Gwanghwamun-Deoksugung,여유,Low,0,18,Friday,5,0,1,1.0,0.0,0.0,0.3333333333333333,0.5773502691896258,Low,0.0
2026-05-01 19:55:03,Gwanghwamun-Deoksugung,여유,Low,0,19,Friday,5,0,1,0.0,1.0,0.0,0.3333333333333333,0.5773502691896258,Low,0.0
2026-05-01 21:05:01,Gwanghwamun-Deoksugung,여유,Low,0,21,Friday,5,0,0,0.0,0.0,1.0,0.3333333333333333,0.5773502691896258,Low,0.0
2026-05-01 22:51:44,Gwanghwamun-Deoksugung,여유,Low,0,22,Friday,5,0,0,0.0,0.0,0.0,0.0,0.0,Low,0.0
2026-05-01 23:47:12,Gwanghwamun-Deoksugung,여유,Low,0,23,Friday,5,0,0,0.0,0.0,0.0,0.0,0.0,Low,0.0
2026-05-02 00:43:20,Gwanghwamun-Deoksugung,여유,Low,0,0,Saturday,5,1,0,0.0,0.0,0.0,0.0,0.0,Low,0.0
2026-05-02 01:41:23,Gwanghwamun-Deoksugung,여유,Low,0,1,Saturday,5,1,0,0.0,0.0,0.0,0.0,0.0,Low,0.0
2026-05-02 02:45:06,Gwanghwamun-Deoksugung,여유,Low,0,2,Saturday,5,1,0,0.0,0.0,0.0,0.0,0.0,Low,0.0
2026-05-02 03:51:44,Gwanghwamun-Deoksugung,여유,Low,0,3,Saturday,5,1,0,0.0,0.0,0.0,0.0,0.0,Low,0.0
2026-05-02 05:00:51,Gwanghwamun-Deoksugung,여유,Low,0,5,Saturday,5,1,0,0.0,0.0,0.0,0.0,0.0,Low,0.0
2026-05-02 06:05:41,Gwanghwamun-Deoksugung,여유,Low,0,6,Saturday,5,1,0,0.0,0.0,0.0,0.0,0.0,Low,0.0
2026-05-02 07:03:14,Gwanghwamun-Deoksugung,여유,Low,0,7,Saturday,5,1,0,0.0,0.0,0.0,0.0,0.0,Low,0.0
2026-05-02 08:04:22,Gwanghwamun-Deoksugung,여유,Low,0,8,Saturday,5,1,1,0.0,0.0,0.0,0.0,0.0,Low,0.0
2026-05-02 09:01:31,Gwanghwamun-Deoksugung,여유,Low,0,9,Saturday,5,1,0,0.0,0.0,0.0,0.0,0.0,Low,0.0
2026-05-02 12:47:05,Gwanghwamun-Deoksugung,여유,Low,0,12,Saturday,5,1,0,0.0,0.0,0.0,0.0,0.0,Medium,1.0
2026-05-02 14:58:20,Gwanghwamun-Deoksugung,보통,Medium,1,14,Saturday,5,1,1,0.0,0.0,0.0,0.0,0.0,Medium,1.0
2026-05-02 16:58:16,Gwanghwamun-Deoksugung,보통,Medium,1,16,Saturday,5,1,1,1.0,0.0,0.0,0.3333333333333333,0.5773502691896258,Low,0.0
2026-05-02 18:18:31,Gwanghwamun-Deoksugung,여유,Low,0,18,Saturday,5,1,1,1.0,1.0,0.0,0.6666666666666666,0.5773502691896258,Low,0.0
2026-05-02 19:14:32,Gwanghwamun-Deoksugung,여유,Low,0,19,Saturday,5,1,1,0.0,1.0,1.0,0.6666666666666666,0.5773502691896258,Low,0.0
2026-05-02 20:11:39,Gwanghwamun-Deoksugung,여유,Low,0,20,Saturday,5,1,0,0.0,0.0,1.0,0.3333333333333333,0.5773502691896258,Low,0.0
2026-05-02 21:03:40,Gwanghwamun-Deoksugung,여유,Low,0,21,Saturday,5,1,0,0.0,0.0,0.0,0.0,0.0,Low,0.0
2026-05-02 22:44:41,Gwanghwamun-Deoksugung,여유,Low,0,22,Saturday,5,1,0,0.0,0.0,0.0,0.0,0.0,Low,0.0
2026-05-02 23:38:49,Gwanghwamun-Deoksugung,여유,Low,0,23,Saturday,5,1,0,0.0,0.0,0.0,0.0,0.0,Low,0.0
2026-05-03 00:35:15,Gwanghwamun-Deoksugung,여유,Low,0,0,Sunday,5,1,0,0.0,0.0,0.0,0.0,0.0,Low,0.0
2026-05-03 01:29:18,Gwanghwamun-Deoksugung,여유,Low,0,1,Sunday,5,1,0,0.0,0.0,0.0,0.0,0.0,Low,0.0
2026-05-03 02:29:11,Gwanghwamun-Deoksugung,여유,Low,0,2,Sunday,5,1,0,0.0,0.0,0.0,0.0,0.0,Low,0.0
2026-05-03 03:33:04,Gwanghwamun-Deoksugung,여유,Low,0,3,Sunday,5,1,0,0.0,0.0,0.0,0.0,0.0,Low,0.0
2026-05-03 04:39:26,Gwanghwamun-Deoksugung,여유,Low,0,4,Sunday,5,1,0,0.0,0.0,0.0,0.0,0.0,Low,0.0
2026-05-03 05:27:49,Gwanghwamun-Deoksugung,여유,Low,0,5,Sunday,5,1,0,0.0,0.0,0.0,0.0,0.0,Low,0.0
2026-05-03 06:23:26,Gwanghwamun-Deoksugung,여유,Low,0,6,Sunday,5,1,0,0.0,0.0,0.0,0.0,0.0,Low,0.0
2026-05-03 07:05:40,Gwanghwamun-Deoksugung,여유,Low,0,7,Sunday,5,1,0,0.0,0.0,0.0,0.0,0.0,Low,0.0
2026-05-03 08:01:37,Gwanghwamun-Deoksugung,여유,Low,0,8,Sunday,5,1,1,0.0,0.0,0.0,0.0,0.0,Low,0.0
2026-05-03 13:07:43,Gwanghwamun-Deoksugung,여유,Low,0,13,Sunday,5,1,0,0.0,0.0,0.0,0.0,0.0,Low,0.0
2026-05-03 15:39:25,Gwanghwamun-Deoksugung,여유,Low,0,15,Sunday,5,1,1,0.0,0.0,0.0,0.0,0.0,Low,0.0
2026-05-03 17:28:28,Gwanghwamun-Deoksugung,여유,Low,0,17,Sunday,5,1,1,0.0,0.0,0.0,0.0,0.0,Low,0.0
2026-05-03 18:53:21,Gwanghwamun-Deoksugung,여유,Low,0,18,Sunday,5,1,1,0.0,0.0,0.0,0.0,0.0,Low,0.0
2026-05-03 19:50:57,Gwanghwamun-Deoksugung,여유,Low,0,19,Sunday,5,1,1,0.0,0.0,0.0,0.0,0.0,Low,0.0
2026-05-03 20:34:50,Gwanghwamun-Deoksugung,여유,Low,0,20,Sunday,5,1,0,0.0,0.0,0.0,0.0,0.0,Low,0.0
2026-05-03 21:34:02,Gwanghwamun-Deoksugung,여유,Low,0,21,Sunday,5,1,0,0.0,0.0,0.0,0.0,0.0,Low,0.0
2026-05-03 22:57:15,Gwanghwamun-Deoksugung,여유,Low,0,22,Sunday,5,1,0,0.0,0.0,0.0,0.0,0.0,Low,0.0
2026-05-04 00:02:51,Gwanghwamun-Deoksugung,여유,Low,0,0,Monday,5,0,0,0.0,0.0,0.0,0.0,0.0,Low,0.0
2026-05-04 02:04:54,Gwanghwamun-Deoksugung,여유,Low,0,2,Monday,5,0,0,0.0,0.0,0.0,0.0,0.0,Low,0.0
2026-05-04 03:00:05,Gwanghwamun-Deoksugung,여유,Low,0,3,Monday,5,0,0,0.0,0.0,0.0,0.0,0.0,Low,0.0
2026-05-04 04:15:15,Gwanghwamun-Deoksugung,여유,Low,0,4,Monday,5,0,0,0.0,0.0,0.0,0.0,0.0,Low,0.0
2026-05-04 05:04:05,Gwanghwamun-Deoksugung,여유,Low,0,5,Monday,5,0,0,0.0,0.0,0.0,0.0,0.0,Low,0.0
2026-05-04 06:57:05,Gwanghwamun-Deoksugung,여유,Low,0,6,Monday,5,0,0,0.0,0.0,0.0,0.0,0.0,Low,0.0
2026-05-04 08:00:36,Gwanghwamun-Deoksugung,여유,Low,0,8,Monday,5,0,1,0.0,0.0,0.0,0.0,0.0,Low,0.0
2026-05-04 09:00:19,Gwanghwamun-Deoksugung,여유,Low,0,9,Monday,5,0,0,0.0,0.0,0.0,0.0,0.0,High,2.0
2026-05-04 13:04:46,Gwanghwamun-Deoksugung,약간 붐빔,High,2,13,Monday,5,0,0,0.0,0.0,0.0,0.0,0.0,High,2.0
2026-05-04 15:51:51,Gwanghwamun-Deoksugung,약간 붐빔,High,2,15,Monday,5,0,1,2.0,0.0,0.0,0.6666666666666666,1.1547005383792517,Medium,1.0
2026-05-04 18:12:09,Gwanghwamun-Deoksugung,보통,Medium,1,18,Monday,5,0,1,2.0,2.0,0.0,1.3333333333333333,1.1547005383792517,Low,0.0
2026-05-04 20:20:28,Gwanghwamun-Deoksugung,여유,Low,0,20,Monday,5,0,0,1.0,2.0,2.0,1.6666666666666667,0.5773502691896258,Low,0.0
2026-05-04 22:01:41,Gwanghwamun-Deoksugung,여유,Low,0,22,Monday,5,0,0,0.0,1.0,2.0,1.0,1.0,Low,0.0
2026-05-05 00:17:45,Gwanghwamun-Deoksugung,여유,Low,0,0,Tuesday,5,0,0,0.0,0.0,1.0,0.3333333333333333,0.5773502691896258,Low,0.0
2026-05-05 02:07:22,Gwanghwamun-Deoksugung,여유,Low,0,2,Tuesday,5,0,0,0.0,0.0,0.0,0.0,0.0,Low,0.0
2026-05-05 03:54:30,Gwanghwamun-Deoksugung,여유,Low,0,3,Tuesday,5,0,0,0.0,0.0,0.0,0.0,0.0,Low,0.0
2026-05-05 05:40:05,Gwanghwamun-Deoksugung,여유,Low,0,5,Tuesday,5,0,0,0.0,0.0,0.0,0.0,0.0,Low,0.0
2026-05-05 06:48:12,Gwanghwamun-Deoksugung,여유,Low,0,6,Tuesday,5,0,0,0.0,0.0,0.0,0.0,0.0,Low,0.0
2026-05-05 07:43:38,Gwanghwamun-Deoksugung,여유,Low,0,7,Tuesday,5,0,0,0.0,0.0,0.0,0.0,0.0,Low,0.0
2026-05-05 08:40:22,Gwanghwamun-Deoksugung,여유,Low,0,8,Tuesday,5,0,1,0.0,0.0,0.0,0.0,0.0,Low,0.0
2026-05-05 10:22:30,Gwanghwamun-Deoksugung,여유,Low,0,10,Tuesday,5,0,0,0.0,0.0,0.0,0.0,0.0,Medium,1.0
2026-05-05 13:38:04,Gwanghwamun-Deoksugung,보통,Medium,1,13,Tuesday,5,0,0,0.0,0.0,0.0,0.0,0.0,Medium,1.0
2026-05-05 16:04:54,Gwanghwamun-Deoksugung,보통,Medium,1,16,Tuesday,5,0,1,1.0,0.0,0.0,0.3333333333333333,0.5773502691896258,Low,0.0
2026-05-05 18:18:14,Gwanghwamun-Deoksugung,여유,Low,0,18,Tuesday,5,0,1,1.0,1.0,0.0,0.6666666666666666,0.5773502691896258,Low,0.0
2026-05-05 19:57:07,Gwanghwamun-Deoksugung,여유,Low,0,19,Tuesday,5,0,1,0.0,1.0,1.0,0.6666666666666666,0.5773502691896258,Low,0.0
2026-05-05 21:11:50,Gwanghwamun-Deoksugung,여유,Low,0,21,Tuesday,5,0,0,0.0,0.0,1.0,0.3333333333333333,0.5773502691896258,Low,0.0
2026-05-05 23:30:02,Gwanghwamun-Deoksugung,여유,Low,0,23,Tuesday,5,0,0,0.0,0.0,0.0,0.0,0.0,Low,0.0
2026-05-06 01:14:15,Gwanghwamun-Deoksugung,여유,Low,0,1,Wednesday,5,0,0,0.0,0.0,0.0,0.0,0.0,Low,0.0
2026-05-06 02:56:40,Gwanghwamun-Deoksugung,여유,Low,0,2,Wednesday,5,0,0,0.0,0.0,0.0,0.0,0.0,Low,0.0
2026-05-06 04:49:58,Gwanghwamun-Deoksugung,여유,Low,0,4,Wednesday,5,0,0,0.0,0.0,0.0,0.0,0.0,Low,0.0
2026-05-06 05:49:35,Gwanghwamun-Deoksugung,여유,Low,0,5,Wednesday,5,0,0,0.0,0.0,0.0,0.0,0.0,Low,0.0
2026-05-06 06:48:04,Gwanghwamun-Deoksugung,여유,Low,0,6,Wednesday,5,0,0,0.0,0.0,0.0,0.0,0.0,Low,0.0
2026-05-06 07:41:55,Gwanghwamun-Deoksugung,여유,Low,0,7,Wednesday,5,0,0,0.0,0.0,0.0,0.0,0.0,Low,0.0
2026-05-06 08:37:01,Gwanghwamun-Deoksugung,여유,Low,0,8,Wednesday,5,0,1,0.0,0.0,0.0,0.0,0.0,Medium,1.0
2026-05-06 10:16:16,Gwanghwamun-Deoksugung,보통,Medium,1,10,Wednesday,5,0,0,0.0,0.0,0.0,0.0,0.0,High,2.0
2026-05-06 13:47:09,Gwanghwamun-Deoksugung,약간 붐빔,High,2,13,Wednesday,5,0,0,1.0,0.0,0.0,0.3333333333333333,0.5773502691896258,High,2.0
2026-05-06 16:28:40,Gwanghwamun-Deoksugung,약간 붐빔,High,2,16,Wednesday,5,0,1,2.0,1.0,0.0,1.0,1.0,High,2.0
2026-05-06 19:00:37,Gwanghwamun-Deoksugung,약간 붐빔,High,2,19,Wednesday,5,0,1,2.0,2.0,1.0,1.6666666666666667,0.5773502691896257,Low,0.0
2026-05-06 21:03:35,Gwanghwamun-Deoksugung,여유,Low,0,21,Wednesday,5,0,0,2.0,2.0,2.0,2.0,0.0,Low,0.0
2026-05-06 23:42:41,Gwanghwamun-Deoksugung,여유,Low,0,23,Wednesday,5,0,0,0.0,2.0,2.0,1.3333333333333333,1.1547005383792517,Low,0.0
2026-05-07 01:22:22,Gwanghwamun-Deoksugung,여유,Low,0,1,Thursday,5,0,0,0.0,0.0,2.0,0.6666666666666666,1.1547005383792517,Low,0.0
2026-05-07 02:57:53,Gwanghwamun-Deoksugung,여유,Low,0,2,Thursday,5,0,0,0.0,0.0,0.0,0.0,0.0,Low,0.0
2026-05-07 04:59:32,Gwanghwamun-Deoksugung,여유,Low,0,4,Thursday,5,0,0,0.0,0.0,0.0,0.0,0.0,Low,0.0
2026-05-07 06:20:30,Gwanghwamun-Deoksugung,여유,Low,0,6,Thursday,5,0,0,0.0,0.0,0.0,0.0,0.0,Low,0.0
2026-05-07 07:12:03,Gwanghwamun-Deoksugung,여유,Low,0,7,Thursday,5,0,0,0.0,0.0,0.0,0.0,0.0,Low,0.0
2026-05-07 08:10:30,Gwanghwamun-Deoksugung,여유,Low,0,8,Thursday,5,0,1,0.0,0.0,0.0,0.0,0.0,High,2.0
2026-05-07 09:08:38,Gwanghwamun-Deoksugung,약간 붐빔,High,2,9,Thursday,5,0,0,0.0,0.0,0.0,0.0,0.0,High,2.0
2026-05-07 13:04:43,Gwanghwamun-Deoksugung,약간 붐빔,High,2,13,Thursday,5,0,0,2.0,0.0,0.0,0.6666666666666666,1.1547005383792517,High,2.0
2026-05-07 15:49:35,Gwanghwamun-Deoksugung,약간 붐빔,High,2,15,Thursday,5,0,1,2.0,2.0,0.0,1.3333333333333333,1.1547005383792517,Medium,1.0
2026-05-07 18:23:19,Gwanghwamun-Deoksugung,보통,Medium,1,18,Thursday,5,0,1,2.0,2.0,2.0,2.0,0.0,Low,0.0
2026-05-07 20:25:29,Gwanghwamun-Deoksugung,여유,Low,0,20,Thursday,5,0,0,1.0,2.0,2.0,1.6666666666666667,0.5773502691896258,Low,0.0
2026-05-07 22:18:52,Gwanghwamun-Deoksugung,여유,Low,0,22,Thursday,5,0,0,0.0,1.0,2.0,1.0,1.0,Low,0.0
2026-05-08 00:40:49,Gwanghwamun-Deoksugung,여유,Low,0,0,Friday,5,0,0,0.0,0.0,1.0,0.3333333333333333,0.5773502691896258,Low,0.0
2026-05-08 04:18:03,Gwanghwamun-Deoksugung,여유,Low,0,4,Friday,5,0,0,0.0,0.0,0.0,0.0,0.0,Low,0.0
2026-05-08 05:43:55,Gwanghwamun-Deoksugung,여유,Low,0,5,Friday,5,0,0,0.0,0.0,0.0,0.0,0.0,Medium,1.0
2026-05-08 10:28:15,Gwanghwamun-Deoksugung,보통,Medium,1,10,Friday,5,0,0,0.0,0.0,0.0,0.0,0.0,High,2.0
2026-05-08 13:43:31,Gwanghwamun-Deoksugung,약간 붐빔,High,2,13,Friday,5,0,0,1.0,0.0,0.0,0.3333333333333333,0.5773502691896258,High,2.0
2026-05-08 15:25:25,Gwanghwamun-Deoksugung,약간 붐빔,High,2,15,Friday,5,0,1,2.0,1.0,0.0,1.0,1.0,Medium,1.0
2026-05-08 17:12:45,Gwanghwamun-Deoksugung,보통,Medium,1,17,Friday,5,0,1,2.0,2.0,1.0,1.6666666666666667,0.5773502691896257,High,2.0
2026-05-08 18:58:55,Gwanghwamun-Deoksugung,약간 붐빔,High,2,18,Friday,5,0,1,1.0,2.0,2.0,1.6666666666666667,0.5773502691896258,Low,0.0
2026-05-08 20:42:41,Gwanghwamun-Deoksugung,여유,Low,0,20,Friday,5,0,0,2.0,1.0,2.0,1.6666666666666667,0.5773502691896258,Low,0.0
2026-05-08 22:01:31,Gwanghwamun-Deoksugung,여유,Low,0,22,Friday,5,0,0,0.0,2.0,1.0,1.0,1.0,Low,0.0
2026-05-09 00:02:20,Gwanghwamun-Deoksugung,여유,Low,0,0,Saturday,5,1,0,0.0,0.0,2.0,0.6666666666666666,1.1547005383792517,Low,0.0
2026-05-09 01:43:33,Gwanghwamun-Deoksugung,여유,Low,0,1,Saturday,5,1,0,0.0,0.0,0.0,0.0,0.0,Low,0.0
2026-05-09 03:01:29,Gwanghwamun-Deoksugung,여유,Low,0,3,Saturday,5,1,0,0.0,0.0,0.0,0.0,0.0,Low,0.0
2026-05-09 04:42:53,Gwanghwamun-Deoksugung,여유,Low,0,4,Saturday,5,1,0,0.0,0.0,0.0,0.0,0.0,Low,0.0
2026-05-09 05:43:33,Gwanghwamun-Deoksugung,여유,Low,0,5,Saturday,5,1,0,0.0,0.0,0.0,0.0,0.0,Low,0.0
2026-05-09 06:45:22,Gwanghwamun-Deoksugung,여유,Low,0,6,Saturday,5,1,0,0.0,0.0,0.0,0.0,0.0,Low,0.0
2026-05-09 07:41:53,Gwanghwamun-Deoksugung,여유,Low,0,7,Saturday,5,1,0,0.0,0.0,0.0,0.0,0.0,Low,0.0
2026-05-09 08:42:25,Gwanghwamun-Deoksugung,여유,Low,0,8,Saturday,5,1,1,0.0,0.0,0.0,0.0,0.0,Low,0.0
2026-05-09 10:26:01,Gwanghwamun-Deoksugung,여유,Low,0,10,Saturday,5,1,0,0.0,0.0,0.0,0.0,0.0,Low,0.0
2026-05-09 13:55:28,Gwanghwamun-Deoksugung,여유,Low,0,13,Saturday,5,1,0,0.0,0.0,0.0,0.0,0.0,Low,0.0
2026-05-09 16:19:49,Gwanghwamun-Deoksugung,여유,Low,0,16,Saturday,5,1,1,0.0,0.0,0.0,0.0,0.0,Low,0.0
2026-05-09 17:56:05,Gwanghwamun-Deoksugung,여유,Low,0,17,Saturday,5,1,1,0.0,0.0,0.0,0.0,0.0,Low,0.0
2026-05-09 19:15:53,Gwanghwamun-Deoksugung,여유,Low,0,19,Saturday,5,1,1,0.0,0.0,0.0,0.0,0.0,Low,0.0
2026-05-09 20:15:09,Gwanghwamun-Deoksugung,여유,Low,0,20,Saturday,5,1,0,0.0,0.0,0.0,0.0,0.0,Low,0.0
2026-05-09 21:06:48,Gwanghwamun-Deoksugung,여유,Low,0,21,Saturday,5,1,0,0.0,0.0,0.0,0.0,0.0,Low,0.0
2026-05-09 22:50:49,Gwanghwamun-Deoksugung,여유,Low,0,22,Saturday,5,1,0,0.0,0.0,0.0,0.0,0.0,Low,0.0
2026-05-09 23:42:15,Gwanghwamun-Deoksugung,여유,Low,0,23,Saturday,5,1,0,0.0,0.0,0.0,0.0,0.0,Low,0.0
2026-05-10 00:38:06,Gwanghwamun-Deoksugung,여유,Low,0,0,Sunday,5,1,0,0.0,0.0,0.0,0.0,0.0,Low,0.0
2026-05-10 01:34:54,Gwanghwamun-Deoksugung,여유,Low,0,1,Sunday,5,1,0,0.0,0.0,0.0,0.0,0.0,Low,0.0
2026-05-10 02:34:42,Gwanghwamun-Deoksugung,여유,Low,0,2,Sunday,5,1,0,0.0,0.0,0.0,0.0,0.0,Low,0.0
2026-05-10 03:36:26,Gwanghwamun-Deoksugung,여유,Low,0,3,Sunday,5,1,0,0.0,0.0,0.0,0.0,0.0,Low,0.0
2026-05-10 04:43:58,Gwanghwamun-Deoksugung,여유,Low,0,4,Sunday,5,1,0,0.0,0.0,0.0,0.0,0.0,Low,0.0
2026-05-10 05:31:03,Gwanghwamun-Deoksugung,여유,Low,0,5,Sunday,5,1,0,0.0,0.0,0.0,0.0,0.0,Low,0.0
2026-05-10 06:26:55,Gwanghwamun-Deoksugung,여유,Low,0,6,Sunday,5,1,0,0.0,0.0,0.0,0.0,0.0,Low,0.0
2026-05-10 07:24:08,Gwanghwamun-Deoksugung,여유,Low,0,7,Sunday,5,1,0,0.0,0.0,0.0,0.0,0.0,Low,0.0
2026-05-10 08:28:35,Gwanghwamun-Deoksugung,여유,Low,0,8,Sunday,5,1,1,0.0,0.0,0.0,0.0,0.0,Low,0.0
2026-05-10 10:24:28,Gwanghwamun-Deoksugung,여유,Low,0,10,Sunday,5,1,0,0.0,0.0,0.0,0.0,0.0,Low,0.0
2026-05-10 14:08:46,Gwanghwamun-Deoksugung,여유,Low,0,14,Sunday,5,1,1,0.0,0.0,0.0,0.0,0.0,Low,0.0
2026-05-10 16:36:58,Gwanghwamun-Deoksugung,여유,Low,0,16,Sunday,5,1,1,0.0,0.0,0.0,0.0,0.0,Low,0.0
2026-05-10 18:16:46,Gwanghwamun-Deoksugung,여유,Low,0,18,Sunday,5,1,1,0.0,0.0,0.0,0.0,0.0,Low,0.0
2026-05-10 19:41:42,Gwanghwamun-Deoksugung,여유,Low,0,19,Sunday,5,1,1,0.0,0.0,0.0,0.0,0.0,Low,0.0
2026-05-10 20:38:20,Gwanghwamun-Deoksugung,여유,Low,0,20,Sunday,5,1,0,0.0,0.0,0.0,0.0,0.0,Low,0.0
2026-05-10 21:41:14,Gwanghwamun-Deoksugung,여유,Low,0,21,Sunday,5,1,0,0.0,0.0,0.0,0.0,0.0,Low,0.0
2026-05-10 23:13:24,Gwanghwamun-Deoksugung,여유,Low,0,23,Sunday,5,1,0,0.0,0.0,0.0,0.0,0.0,Low,0.0
2026-05-11 00:28:16,Gwanghwamun-Deoksugung,여유,Low,0,0,Monday,5,0,0,0.0,0.0,0.0,0.0,0.0,Low,0.0
2026-05-11 01:33:16,Gwanghwamun-Deoksugung,여유,Low,0,1,Monday,5,0,0,0.0,0.0,0.0,0.0,0.0,Low,0.0
2026-05-11 02:34:41,Gwanghwamun-Deoksugung,여유,Low,0,2,Monday,5,0,0,0.0,0.0,0.0,0.0,0.0,Low,0.0
2026-05-11 03:37:22,Gwanghwamun-Deoksugung,여유,Low,0,3,Monday,5,0,0,0.0,0.0,0.0,0.0,0.0,Low,0.0
2026-05-11 04:44:43,Gwanghwamun-Deoksugung,여유,Low,0,4,Monday,5,0,0,0.0,0.0,0.0,0.0,0.0,Low,0.0
2026-05-11 05:34:05,Gwanghwamun-Deoksugung,여유,Low,0,5,Monday,5,0,0,0.0,0.0,0.0,0.0,0.0,Low,0.0
2026-05-11 06:30:58,Gwanghwamun-Deoksugung,여유,Low,0,6,Monday,5,0,0,0.0,0.0,0.0,0.0,0.0,Low,0.0
2026-05-11 07:27:45,Gwanghwamun-Deoksugung,여유,Low,0,7,Monday,5,0,0,0.0,0.0,0.0,0.0,0.0,Low,0.0
2026-05-11 08:33:14,Gwanghwamun-Deoksugung,여유,Low,0,8,Monday,5,0,1,0.0,0.0,0.0,0.0,0.0,Medium,1.0
2026-05-11 10:29:17,Gwanghwamun-Deoksugung,보통,Medium,1,10,Monday,5,0,0,0.0,0.0,0.0,0.0,0.0,High,2.0
2026-05-11 14:42:36,Gwanghwamun-Deoksugung,약간 붐빔,High,2,14,Monday,5,0,1,1.0,0.0,0.0,0.3333333333333333,0.5773502691896258,Medium,1.0
2026-05-11 17:50:18,Gwanghwamun-Deoksugung,보통,Medium,1,17,Monday,5,0,1,2.0,1.0,0.0,1.0,1.0,Low,0.0
2026-05-11 20:54:18,Gwanghwamun-Deoksugung,여유,Low,0,20,Monday,5,0,0,1.0,2.0,1.0,1.3333333333333333,0.5773502691896257,Low,0.0
2026-05-12 00:33:58,Gwanghwamun-Deoksugung,여유,Low,0,0,Tuesday,5,0,0,0.0,1.0,2.0,1.0,1.0,Low,0.0
2026-05-12 02:35:37,Gwanghwamun-Deoksugung,여유,Low,0,2,Tuesday,5,0,0,0.0,0.0,1.0,0.3333333333333333,0.5773502691896258,Low,0.0
2026-05-12 04:18:56,Gwanghwamun-Deoksugung,여유,Low,0,4,Tuesday,5,0,0,0.0,0.0,0.0,0.0,0.0,Low,0.0
2026-05-12 05:57:10,Gwanghwamun-Deoksugung,여유,Low,0,5,Tuesday,5,0,0,0.0,0.0,0.0,0.0,0.0,Low,0.0
2026-05-12 09:15:28,Gwanghwamun-Deoksugung,여유,Low,0,9,Tuesday,5,0,0,0.0,0.0,0.0,0.0,0.0,High,2.0
2026-05-12 13:11:54,Gwanghwamun-Deoksugung,붐빔,High,2,13,Tuesday,5,0,0,0.0,0.0,0.0,0.0,0.0,High,2.0
2026-05-12 16:20:50,Gwanghwamun-Deoksugung,약간 붐빔,High,2,16,Tuesday,5,0,1,2.0,0.0,0.0,0.6666666666666666,1.1547005383792517,High,2.0
2026-05-12 19:02:40,Gwanghwamun-Deoksugung,약간 붐빔,High,2,19,Tuesday,5,0,1,2.0,2.0,0.0,1.3333333333333333,1.1547005383792517,Low,0.0
2026-05-12 21:08:26,Gwanghwamun-Deoksugung,여유,Low,0,21,Tuesday,5,0,0,2.0,2.0,2.0,2.0,0.0,Low,0.0
2026-05-12 23:49:18,Gwanghwamun-Deoksugung,여유,Low,0,23,Tuesday,5,0,0,0.0,2.0,2.0,1.3333333333333333,1.1547005383792517,Low,0.0
2026-03-21 02:42:03,Nodeul Island,여유,Low,0,2,Saturday,3,1,0,0.0,0.0,0.0,0.0,0.0,Low,0.0
2026-03-21 02:48:56,Nodeul Island,여유,Low,0,2,Saturday,3,1,0,0.0,0.0,0.0,0.0,0.0,Low,0.0
2026-03-21 21:49:02,Nodeul Island,여유,Low,0,21,Saturday,3,1,0,0.0,0.0,0.0,0.0,0.0,Low,0.0
2026-03-21 22:49:03,Nodeul Island,여유,Low,0,22,Saturday,3,1,0,0.0,0.0,0.0,0.0,0.0,Low,0.0
2026-03-21 23:48:57,Nodeul Island,여유,Low,0,23,Saturday,3,1,0,0.0,0.0,0.0,0.0,0.0,Low,0.0
2026-03-23 03:28:50,Nodeul Island,여유,Low,0,3,Monday,3,0,0,0.0,0.0,0.0,0.0,0.0,Low,0.0
2026-03-23 04:20:05,Nodeul Island,여유,Low,0,4,Monday,3,0,0,0.0,0.0,0.0,0.0,0.0,Low,0.0
2026-03-23 11:17:14,Nodeul Island,여유,Low,0,11,Monday,3,0,0,0.0,0.0,0.0,0.0,0.0,Low,0.0
2026-03-23 13:38:24,Nodeul Island,여유,Low,0,13,Monday,3,0,0,0.0,0.0,0.0,0.0,0.0,Low,0.0
2026-03-23 19:38:55,Nodeul Island,여유,Low,0,19,Monday,3,0,1,0.0,0.0,0.0,0.0,0.0,Low,0.0
2026-03-23 23:46:40,Nodeul Island,여유,Low,0,23,Monday,3,0,0,0.0,0.0,0.0,0.0,0.0,Low,0.0
2026-03-24 03:08:04,Nodeul Island,여유,Low,0,3,Tuesday,3,0,0,0.0,0.0,0.0,0.0,0.0,Low,0.0
2026-03-24 05:08:47,Nodeul Island,여유,Low,0,5,Tuesday,3,0,0,0.0,0.0,0.0,0.0,0.0,Low,0.0
2026-03-24 06:59:45,Nodeul Island,여유,Low,0,6,Tuesday,3,0,0,0.0,0.0,0.0,0.0,0.0,Low,0.0
2026-03-24 08:57:14,Nodeul Island,여유,Low,0,8,Tuesday,3,0,1,0.0,0.0,0.0,0.0,0.0,Low,0.0
2026-03-24 14:39:44,Nodeul Island,여유,Low,0,14,Tuesday,3,0,1,0.0,0.0,0.0,0.0,0.0,High,2.0
2026-03-24 18:41:53,Nodeul Island,약간 붐빔,High,2,18,Tuesday,3,0,1,0.0,0.0,0.0,0.0,0.0,Low,0.0
2026-03-24 21:08:55,Nodeul Island,여유,Low,0,21,Tuesday,3,0,0,2.0,0.0,0.0,0.6666666666666666,1.1547005383792517,Low,0.0
2026-03-25 02:25:16,Nodeul Island,여유,Low,0,2,Wednesday,3,0,0,0.0,2.0,0.0,0.6666666666666666,1.1547005383792517,Low,0.0
2026-03-25 04:43:30,Nodeul Island,여유,Low,0,4,Wednesday,3,0,0,0.0,0.0,2.0,0.6666666666666666,1.1547005383792517,Low,0.0
2026-03-25 06:55:33,Nodeul Island,여유,Low,0,6,Wednesday,3,0,0,0.0,0.0,0.0,0.0,0.0,Low,0.0
2026-03-25 08:05:27,Nodeul Island,여유,Low,0,8,Wednesday,3,0,1,0.0,0.0,0.0,0.0,0.0,Medium,1.0
2026-03-25 09:01:29,Nodeul Island,보통,Medium,1,9,Wednesday,3,0,0,0.0,0.0,0.0,0.0,0.0,Low,0.0
2026-03-25 14:23:13,Nodeul Island,여유,Low,0,14,Wednesday,3,0,1,1.0,0.0,0.0,0.3333333333333333,0.5773502691896258,High,2.0
2026-03-25 17:03:39,Nodeul Island,약간 붐빔,High,2,17,Wednesday,3,0,1,0.0,1.0,0.0,0.3333333333333333,0.5773502691896258,Low,0.0
2026-03-25 19:35:57,Nodeul Island,여유,Low,0,19,Wednesday,3,0,1,2.0,0.0,1.0,1.0,1.0,Low,0.0
2026-03-25 21:08:00,Nodeul Island,여유,Low,0,21,Wednesday,3,0,0,0.0,2.0,0.0,0.6666666666666666,1.1547005383792517,Low,0.0
2026-03-25 23:23:06,Nodeul Island,여유,Low,0,23,Wednesday,3,0,0,0.0,0.0,2.0,0.6666666666666666,1.1547005383792517,Low,0.0
2026-03-26 01:22:04,Nodeul Island,여유,Low,0,1,Thursday,3,0,0,0.0,0.0,0.0,0.0,0.0,Low,0.0
2026-03-26 04:31:25,Nodeul Island,여유,Low,0,4,Thursday,3,0,0,0.0,0.0,0.0,0.0,0.0,Low,0.0
2026-03-26 06:07:47,Nodeul Island,여유,Low,0,6,Thursday,3,0,0,0.0,0.0,0.0,0.0,0.0,High,2.0
2026-03-26 08:04:40,Nodeul Island,약간 붐빔,High,2,8,Thursday,3,0,1,0.0,0.0,0.0,0.0,0.0,Low,0.0
2026-03-26 09:05:43,Nodeul Island,여유,Low,0,9,Thursday,3,0,0,2.0,0.0,0.0,0.6666666666666666,1.1547005383792517,Low,0.0
2026-03-26 10:59:30,Nodeul Island,여유,Low,0,10,Thursday,3,0,0,0.0,2.0,0.0,0.6666666666666666,1.1547005383792517,Low,0.0
2026-03-26 14:54:26,Nodeul Island,여유,Low,0,14,Thursday,3,0,1,0.0,0.0,2.0,0.6666666666666666,1.1547005383792517,High,2.0
2026-03-26 18:46:29,Nodeul Island,약간 붐빔,High,2,18,Thursday,3,0,1,0.0,0.0,0.0,0.0,0.0,Low,0.0
2026-03-26 21:06:28,Nodeul Island,여유,Low,0,21,Thursday,3,0,0,2.0,0.0,0.0,0.6666666666666666,1.1547005383792517,Low,0.0
2026-03-27 01:21:55,Nodeul Island,여유,Low,0,1,Friday,3,0,0,0.0,2.0,0.0,0.6666666666666666,1.1547005383792517,Low,0.0
2026-03-27 04:46:54,Nodeul Island,여유,Low,0,4,Friday,3,0,0,0.0,0.0,2.0,0.6666666666666666,1.1547005383792517,Low,0.0
2026-03-27 06:05:56,Nodeul Island,여유,Low,0,6,Friday,3,0,0,0.0,0.0,0.0,0.0,0.0,Medium,1.0
2026-03-27 08:01:40,Nodeul Island,보통,Medium,1,8,Friday,3,0,1,0.0,0.0,0.0,0.0,0.0,Low,0.0
2026-03-27 09:03:46,Nodeul Island,여유,Low,0,9,Friday,3,0,0,1.0,0.0,0.0,0.3333333333333333,0.5773502691896258,Low,0.0
2026-03-27 14:54:32,Nodeul Island,여유,Low,0,14,Friday,3,0,1,0.0,1.0,0.0,0.3333333333333333,0.5773502691896258,Low,0.0
2026-03-27 17:10:48,Nodeul Island,여유,Low,0,17,Friday,3,0,1,0.0,0.0,1.0,0.3333333333333333,0.5773502691896258,Low,0.0
2026-03-27 20:10:36,Nodeul Island,여유,Low,0,20,Friday,3,0,0,0.0,0.0,0.0,0.0,0.0,Low,0.0
2026-03-27 23:39:50,Nodeul Island,여유,Low,0,23,Friday,3,0,0,0.0,0.0,0.0,0.0,0.0,Low,0.0
2026-03-28 02:40:01,Nodeul Island,여유,Low,0,2,Saturday,3,1,0,0.0,0.0,0.0,0.0,0.0,Low,0.0
2026-03-28 04:54:16,Nodeul Island,여유,Low,0,4,Saturday,3,1,0,0.0,0.0,0.0,0.0,0.0,Low,0.0
2026-03-28 06:54:28,Nodeul Island,여유,Low,0,6,Saturday,3,1,0,0.0,0.0,0.0,0.0,0.0,Low,0.0
2026-03-28 08:47:58,Nodeul Island,여유,Low,0,8,Saturday,3,1,1,0.0,0.0,0.0,0.0,0.0,High,2.0
2026-03-28 14:15:11,Nodeul Island,약간 붐빔,High,2,14,Saturday,3,1,1,0.0,0.0,0.0,0.0,0.0,High,2.0
2026-03-28 16:52:07,Nodeul Island,붐빔,High,2,16,Saturday,3,1,1,2.0,0.0,0.0,0.6666666666666666,1.1547005383792517,High,2.0
2026-03-28 18:55:47,Nodeul Island,붐빔,High,2,18,Saturday,3,1,1,2.0,2.0,0.0,1.3333333333333333,1.1547005383792517,High,2.0
2026-03-28 20:04:50,Nodeul Island,붐빔,High,2,20,Saturday,3,1,0,2.0,2.0,2.0,2.0,0.0,Low,0.0
2026-03-28 23:05:13,Nodeul Island,여유,Low,0,23,Saturday,3,1,0,2.0,2.0,2.0,2.0,0.0,Low,0.0
2026-03-29 00:05:46,Nodeul Island,여유,Low,0,0,Sunday,3,1,0,0.0,2.0,2.0,1.3333333333333333,1.1547005383792517,Low,0.0
2026-03-29 01:03:30,Nodeul Island,여유,Low,0,1,Sunday,3,1,0,0.0,0.0,2.0,0.6666666666666666,1.1547005383792517,Low,0.0
2026-03-29 02:50:58,Nodeul Island,여유,Low,0,2,Sunday,3,1,0,0.0,0.0,0.0,0.0,0.0,Low,0.0
2026-03-29 04:27:14,Nodeul Island,여유,Low,0,4,Sunday,3,1,0,0.0,0.0,0.0,0.0,0.0,Low,0.0
2026-03-29 05:03:35,Nodeul Island,여유,Low,0,5,Sunday,3,1,0,0.0,0.0,0.0,0.0,0.0,Low,0.0
2026-03-29 06:04:00,Nodeul Island,여유,Low,0,6,Sunday,3,1,0,0.0,0.0,0.0,0.0,0.0,Low,0.0
2026-03-29 08:04:03,Nodeul Island,여유,Low,0,8,Sunday,3,1,1,0.0,0.0,0.0,0.0,0.0,Low,0.0
2026-03-29 09:02:34,Nodeul Island,여유,Low,0,9,Sunday,3,1,0,0.0,0.0,0.0,0.0,0.0,High,2.0
2026-03-29 14:56:40,Nodeul Island,약간 붐빔,High,2,14,Sunday,3,1,1,0.0,0.0,0.0,0.0,0.0,High,2.0
2026-03-29 17:04:18,Nodeul Island,붐빔,High,2,17,Sunday,3,1,1,2.0,0.0,0.0,0.6666666666666666,1.1547005383792517,High,2.0
2026-03-29 19:00:16,Nodeul Island,붐빔,High,2,19,Sunday,3,1,1,2.0,2.0,0.0,1.3333333333333333,1.1547005383792517,Low,0.0
2026-03-29 20:44:52,Nodeul Island,여유,Low,0,20,Sunday,3,1,0,2.0,2.0,2.0,2.0,0.0,Low,0.0
2026-03-29 23:04:30,Nodeul Island,여유,Low,0,23,Sunday,3,1,0,0.0,2.0,2.0,1.3333333333333333,1.1547005383792517,Low,0.0
2026-03-30 00:49:54,Nodeul Island,여유,Low,0,0,Monday,3,0,0,0.0,0.0,2.0,0.6666666666666666,1.1547005383792517,Low,0.0
2026-03-30 02:04:59,Nodeul Island,여유,Low,0,2,Monday,3,0,0,0.0,0.0,0.0,0.0,0.0,Low,0.0
2026-03-30 03:03:48,Nodeul Island,여유,Low,0,3,Monday,3,0,0,0.0,0.0,0.0,0.0,0.0,Low,0.0
2026-03-30 04:52:15,Nodeul Island,여유,Low,0,4,Monday,3,0,0,0.0,0.0,0.0,0.0,0.0,Low,0.0
2026-03-30 06:03:03,Nodeul Island,여유,Low,0,6,Monday,3,0,0,0.0,0.0,0.0,0.0,0.0,Low,0.0
2026-03-30 07:04:08,Nodeul Island,여유,Low,0,7,Monday,3,0,0,0.0,0.0,0.0,0.0,0.0,Medium,1.0
2026-03-30 08:51:02,Nodeul Island,보통,Medium,1,8,Monday,3,0,1,0.0,0.0,0.0,0.0,0.0,Low,0.0
2026-03-30 15:17:58,Nodeul Island,여유,Low,0,15,Monday,3,0,1,1.0,0.0,0.0,0.3333333333333333,0.5773502691896258,Medium,1.0
2026-03-30 19:48:02,Nodeul Island,보통,Medium,1,19,Monday,3,0,1,0.0,1.0,0.0,0.3333333333333333,0.5773502691896258,Low,0.0
2026-03-30 23:53:57,Nodeul Island,여유,Low,0,23,Monday,3,0,0,1.0,0.0,1.0,0.6666666666666666,0.5773502691896258,Low,0.0
2026-03-31 03:09:45,Nodeul Island,여유,Low,0,3,Tuesday,3,0,0,0.0,1.0,0.0,0.3333333333333333,0.5773502691896257,Low,0.0
2026-03-31 05:08:47,Nodeul Island,여유,Low,0,5,Tuesday,3,0,0,0.0,0.0,1.0,0.3333333333333333,0.5773502691896257,Low,0.0
2026-03-31 07:07:04,Nodeul Island,여유,Low,0,7,Tuesday,3,0,0,0.0,0.0,0.0,0.0,0.0,Medium,1.0
2026-03-31 08:55:34,Nodeul Island,보통,Medium,1,8,Tuesday,3,0,1,0.0,0.0,0.0,0.0,0.0,Low,0.0
2026-03-31 14:59:59,Nodeul Island,여유,Low,0,14,Tuesday,3,0,1,1.0,0.0,0.0,0.3333333333333333,0.5773502691896258,High,2.0
2026-03-31 18:48:47,Nodeul Island,약간 붐빔,High,2,18,Tuesday,3,0,1,0.0,1.0,0.0,0.3333333333333333,0.5773502691896258,Low,0.0
2026-03-31 21:06:07,Nodeul Island,여유,Low,0,21,Tuesday,3,0,0,2.0,0.0,1.0,1.0,1.0,Low,0.0
2026-04-01 00:55:25,Nodeul Island,여유,Low,0,0,Wednesday,4,0,0,0.0,2.0,0.0,0.6666666666666666,1.1547005383792517,Low,0.0
2026-04-01 04:41:08,Nodeul Island,여유,Low,0,4,Wednesday,4,0,0,0.0,0.0,2.0,0.6666666666666666,1.1547005383792517,Low,0.0
2026-04-01 06:58:26,Nodeul Island,여유,Low,0,6,Wednesday,4,0,0,0.0,0.0,0.0,0.0,0.0,Low,0.0
2026-04-01 08:53:20,Nodeul Island,여유,Low,0,8,Wednesday,4,0,1,0.0,0.0,0.0,0.0,0.0,Low,0.0
2026-04-01 15:14:07,Nodeul Island,여유,Low,0,15,Wednesday,4,0,1,0.0,0.0,0.0,0.0,0.0,High,2.0
2026-04-01 19:16:29,Nodeul Island,약간 붐빔,High,2,19,Wednesday,4,0,1,0.0,0.0,0.0,0.0,0.0,Low,0.0
2026-04-01 23:52:36,Nodeul Island,여유,Low,0,23,Wednesday,4,0,0,2.0,0.0,0.0,0.6666666666666666,1.1547005383792517,Low,0.0
2026-04-02 02:39:55,Nodeul Island,여유,Low,0,2,Thursday,4,0,0,0.0,2.0,0.0,0.6666666666666666,1.1547005383792517,Low,0.0
2026-04-02 05:07:03,Nodeul Island,여유,Low,0,5,Thursday,4,0,0,0.0,0.0,2.0,0.6666666666666666,1.1547005383792517,Low,0.0
2026-04-02 07:05:24,Nodeul Island,여유,Low,0,7,Thursday,4,0,0,0.0,0.0,0.0,0.0,0.0,Medium,1.0
2026-04-02 08:52:49,Nodeul Island,보통,Medium,1,8,Thursday,4,0,1,0.0,0.0,0.0,0.0,0.0,Low,0.0
2026-04-02 14:51:20,Nodeul Island,여유,Low,0,14,Thursday,4,0,1,1.0,0.0,0.0,0.3333333333333333,0.5773502691896258,High,2.0
2026-04-02 18:40:25,Nodeul Island,붐빔,High,2,18,Thursday,4,0,1,0.0,1.0,0.0,0.3333333333333333,0.5773502691896258,Low,0.0
2026-04-02 21:04:05,Nodeul Island,여유,Low,0,21,Thursday,4,0,0,2.0,0.0,1.0,1.0,1.0,Low,0.0
2026-04-03 00:40:37,Nodeul Island,여유,Low,0,0,Friday,4,0,0,0.0,2.0,0.0,0.6666666666666666,1.1547005383792517,Low,0.0
2026-04-03 03:08:24,Nodeul Island,여유,Low,0,3,Friday,4,0,0,0.0,0.0,2.0,0.6666666666666666,1.1547005383792517,Low,0.0
2026-04-03 05:02:48,Nodeul Island,여유,Low,0,5,Friday,4,0,0,0.0,0.0,0.0,0.0,0.0,Low,0.0
2026-04-03 06:56:45,Nodeul Island,여유,Low,0,6,Friday,4,0,0,0.0,0.0,0.0,0.0,0.0,Medium,1.0
2026-04-03 08:53:01,Nodeul Island,보통,Medium,1,8,Friday,4,0,1,0.0,0.0,0.0,0.0,0.0,Low,0.0
2026-04-03 14:52:08,Nodeul Island,여유,Low,0,14,Friday,4,0,1,1.0,0.0,0.0,0.3333333333333333,0.5773502691896258,High,2.0
2026-04-03 17:36:29,Nodeul Island,약간 붐빔,High,2,17,Friday,4,0,1,0.0,1.0,0.0,0.3333333333333333,0.5773502691896258,High,2.0
2026-04-03 20:07:38,Nodeul Island,붐빔,High,2,20,Friday,4,0,0,2.0,0.0,1.0,1.0,1.0,Low,0.0
2026-04-03 23:09:06,Nodeul Island,여유,Low,0,23,Friday,4,0,0,2.0,2.0,0.0,1.3333333333333333,1.1547005383792517,Low,0.0
2026-04-04 01:04:42,Nodeul Island,여유,Low,0,1,Saturday,4,1,0,0.0,2.0,2.0,1.3333333333333333,1.1547005383792517,Low,0.0
2026-04-04 02:56:22,Nodeul Island,여유,Low,0,2,Saturday,4,1,0,0.0,0.0,2.0,0.6666666666666666,1.1547005383792517,Low,0.0
2026-04-04 04:57:14,Nodeul Island,여유,Low,0,4,Saturday,4,1,0,0.0,0.0,0.0,0.0,0.0,Low,0.0
2026-04-04 06:53:05,Nodeul Island,여유,Low,0,6,Saturday,4,1,0,0.0,0.0,0.0,0.0,0.0,Low,0.0
2026-04-04 08:06:01,Nodeul Island,여유,Low,0,8,Saturday,4,1,1,0.0,0.0,0.0,0.0,0.0,Low,0.0
2026-04-04 09:04:05,Nodeul Island,여유,Low,0,9,Saturday,4,1,0,0.0,0.0,0.0,0.0,0.0,Medium,1.0
2026-04-04 14:17:04,Nodeul Island,보통,Medium,1,14,Saturday,4,1,1,0.0,0.0,0.0,0.0,0.0,High,2.0
2026-04-04 16:55:46,Nodeul Island,약간 붐빔,High,2,16,Saturday,4,1,1,1.0,0.0,0.0,0.3333333333333333,0.5773502691896258,High,2.0
2026-04-04 19:01:19,Nodeul Island,붐빔,High,2,19,Saturday,4,1,1,2.0,1.0,0.0,1.0,1.0,Low,0.0
2026-04-04 20:44:34,Nodeul Island,여유,Low,0,20,Saturday,4,1,0,2.0,2.0,1.0,1.6666666666666667,0.5773502691896257,Low,0.0
2026-04-04 23:04:02,Nodeul Island,여유,Low,0,23,Saturday,4,1,0,0.0,2.0,2.0,1.3333333333333333,1.1547005383792517,Low,0.0
2026-04-05 00:06:09,Nodeul Island,여유,Low,0,0,Sunday,4,1,0,0.0,0.0,2.0,0.6666666666666666,1.1547005383792517,Low,0.0
2026-04-05 01:02:53,Nodeul Island,여유,Low,0,1,Sunday,4,1,0,0.0,0.0,0.0,0.0,0.0,Low,0.0
2026-04-05 02:51:36,Nodeul Island,여유,Low,0,2,Sunday,4,1,0,0.0,0.0,0.0,0.0,0.0,Low,0.0
2026-04-05 04:45:17,Nodeul Island,여유,Low,0,4,Sunday,4,1,0,0.0,0.0,0.0,0.0,0.0,Low,0.0
2026-04-05 06:02:48,Nodeul Island,여유,Low,0,6,Sunday,4,1,0,0.0,0.0,0.0,0.0,0.0,Low,0.0
2026-04-05 08:05:11,Nodeul Island,여유,Low,0,8,Sunday,4,1,1,0.0,0.0,0.0,0.0,0.0,Low,0.0
2026-04-05 09:03:08,Nodeul Island,여유,Low,0,9,Sunday,4,1,0,0.0,0.0,0.0,0.0,0.0,High,2.0
2026-04-05 14:58:16,Nodeul Island,붐빔,High,2,14,Sunday,4,1,1,0.0,0.0,0.0,0.0,0.0,High,2.0
2026-04-05 17:06:11,Nodeul Island,붐빔,High,2,17,Sunday,4,1,1,2.0,0.0,0.0,0.6666666666666666,1.1547005383792517,High,2.0
2026-04-05 19:04:05,Nodeul Island,붐빔,High,2,19,Sunday,4,1,1,2.0,2.0,0.0,1.3333333333333333,1.1547005383792517,Medium,1.0
2026-04-05 20:47:02,Nodeul Island,보통,Medium,1,20,Sunday,4,1,0,2.0,2.0,2.0,2.0,0.0,Low,0.0
2026-04-05 23:04:39,Nodeul Island,여유,Low,0,23,Sunday,4,1,0,1.0,2.0,2.0,1.6666666666666667,0.5773502691896258,Low,0.0
2026-04-06 00:50:36,Nodeul Island,여유,Low,0,0,Monday,4,0,0,0.0,1.0,2.0,1.0,1.0,Low,0.0
2026-04-06 02:19:22,Nodeul Island,여유,Low,0,2,Monday,4,0,0,0.0,0.0,1.0,0.3333333333333333,0.5773502691896258,Low,0.0
2026-04-06 04:25:11,Nodeul Island,여유,Low,0,4,Monday,4,0,0,0.0,0.0,0.0,0.0,0.0,Low,0.0
2026-04-06 06:02:18,Nodeul Island,여유,Low,0,6,Monday,4,0,0,0.0,0.0,0.0,0.0,0.0,Low,0.0
2026-04-06 07:01:12,Nodeul Island,여유,Low,0,7,Monday,4,0,0,0.0,0.0,0.0,0.0,0.0,Low,0.0
2026-04-06 08:52:52,Nodeul Island,여유,Low,0,8,Monday,4,0,1,0.0,0.0,0.0,0.0,0.0,Low,0.0
2026-04-06 15:18:54,Nodeul Island,여유,Low,0,15,Monday,4,0,1,0.0,0.0,0.0,0.0,0.0,Medium,1.0
2026-04-06 19:37:09,Nodeul Island,보통,Medium,1,19,Monday,4,0,1,0.0,0.0,0.0,0.0,0.0,Low,0.0
2026-04-06 23:16:08,Nodeul Island,여유,Low,0,23,Monday,4,0,0,1.0,0.0,0.0,0.3333333333333333,0.5773502691896258,Low,0.0
2026-04-07 02:11:54,Nodeul Island,여유,Low,0,2,Tuesday,4,0,0,0.0,1.0,0.0,0.3333333333333333,0.5773502691896258,Low,0.0
2026-04-07 04:58:19,Nodeul Island,여유,Low,0,4,Tuesday,4,0,0,0.0,0.0,1.0,0.3333333333333333,0.5773502691896258,Low,0.0
2026-04-07 06:55:09,Nodeul Island,여유,Low,0,6,Tuesday,4,0,0,0.0,0.0,0.0,0.0,0.0,Medium,1.0
2026-04-07 08:54:56,Nodeul Island,보통,Medium,1,8,Tuesday,4,0,1,0.0,0.0,0.0,0.0,0.0,Low,0.0
2026-04-07 15:06:58,Nodeul Island,여유,Low,0,15,Tuesday,4,0,1,1.0,0.0,0.0,0.3333333333333333,0.5773502691896258,Medium,1.0
2026-04-07 18:55:17,Nodeul Island,보통,Medium,1,18,Tuesday,4,0,1,0.0,1.0,0.0,0.3333333333333333,0.5773502691896258,Low,0.0
2026-04-07 21:11:20,Nodeul Island,여유,Low,0,21,Tuesday,4,0,0,1.0,0.0,1.0,0.6666666666666666,0.5773502691896258,Low,0.0
2026-04-08 01:18:53,Nodeul Island,여유,Low,0,1,Wednesday,4,0,0,0.0,1.0,0.0,0.3333333333333333,0.5773502691896257,Low,0.0
2026-04-08 04:46:25,Nodeul Island,여유,Low,0,4,Wednesday,4,0,0,0.0,0.0,1.0,0.3333333333333333,0.5773502691896257,Low,0.0
2026-04-08 07:02:10,Nodeul Island,여유,Low,0,7,Wednesday,4,0,0,0.0,0.0,0.0,0.0,0.0,Medium,1.0
2026-04-08 09:01:13,Nodeul Island,보통,Medium,1,9,Wednesday,4,0,0,0.0,0.0,0.0,0.0,0.0,Low,0.0
2026-04-08 15:08:41,Nodeul Island,여유,Low,0,15,Wednesday,4,0,1,1.0,0.0,0.0,0.3333333333333333,0.5773502691896258,High,2.0
2026-04-08 18:55:21,Nodeul Island,붐빔,High,2,18,Wednesday,4,0,1,0.0,1.0,0.0,0.3333333333333333,0.5773502691896258,Low,0.0
2026-04-08 23:55:28,Nodeul Island,여유,Low,0,23,Wednesday,4,0,0,2.0,0.0,1.0,1.0,1.0,Low,0.0
2026-04-09 04:48:28,Nodeul Island,여유,Low,0,4,Thursday,4,0,0,0.0,2.0,0.0,0.6666666666666666,1.1547005383792517,Low,0.0
2026-04-09 07:05:47,Nodeul Island,여유,Low,0,7,Thursday,4,0,0,0.0,0.0,2.0,0.6666666666666666,1.1547005383792517,Low,0.0
2026-04-09 08:56:13,Nodeul Island,여유,Low,0,8,Thursday,4,0,1,0.0,0.0,0.0,0.0,0.0,Low,0.0
2026-04-09 15:09:10,Nodeul Island,여유,Low,0,15,Thursday,4,0,1,0.0,0.0,0.0,0.0,0.0,Low,0.0
2026-04-09 19:42:28,Nodeul Island,여유,Low,0,19,Thursday,4,0,1,0.0,0.0,0.0,0.0,0.0,Low,0.0
2026-04-10 01:07:12,Nodeul Island,여유,Low,0,1,Friday,4,0,0,0.0,0.0,0.0,0.0,0.0,Low,0.0
2026-04-10 04:55:15,Nodeul Island,여유,Low,0,4,Friday,4,0,0,0.0,0.0,0.0,0.0,0.0,Low,0.0
2026-04-10 07:09:02,Nodeul Island,여유,Low,0,7,Friday,4,0,0,0.0,0.0,0.0,0.0,0.0,Low,0.0
2026-04-10 09:05:29,Nodeul Island,여유,Low,0,9,Friday,4,0,0,0.0,0.0,0.0,0.0,0.0,Low,0.0
2026-04-10 15:22:12,Nodeul Island,여유,Low,0,15,Friday,4,0,1,0.0,0.0,0.0,0.0,0.0,Medium,1.0
2026-04-10 19:17:46,Nodeul Island,보통,Medium,1,19,Friday,4,0,1,0.0,0.0,0.0,0.0,0.0,Low,0.0
2026-04-10 23:32:54,Nodeul Island,여유,Low,0,23,Friday,4,0,0,1.0,0.0,0.0,0.3333333333333333,0.5773502691896258,Low,0.0
2026-04-11 02:36:07,Nodeul Island,여유,Low,0,2,Saturday,4,1,0,0.0,1.0,0.0,0.3333333333333333,0.5773502691896258,Low,0.0
2026-04-11 04:56:18,Nodeul Island,여유,Low,0,4,Saturday,4,1,0,0.0,0.0,1.0,0.3333333333333333,0.5773502691896258,Low,0.0
2026-04-11 07:03:19,Nodeul Island,여유,Low,0,7,Saturday,4,1,0,0.0,0.0,0.0,0.0,0.0,Low,0.0
2026-04-11 08:55:32,Nodeul Island,여유,Low,0,8,Saturday,4,1,1,0.0,0.0,0.0,0.0,0.0,Low,0.0
2026-04-11 11:22:48,Nodeul Island,여유,Low,0,11,Saturday,4,1,0,0.0,0.0,0.0,0.0,0.0,Medium,1.0
2026-04-11 13:38:50,Nodeul Island,보통,Medium,1,13,Saturday,4,1,0,0.0,0.0,0.0,0.0,0.0,Medium,1.0
2026-04-11 14:39:34,Nodeul Island,보통,Medium,1,14,Saturday,4,1,1,1.0,0.0,0.0,0.3333333333333333,0.5773502691896258,High,2.0
2026-04-11 17:01:43,Nodeul Island,붐빔,High,2,17,Saturday,4,1,1,1.0,1.0,0.0,0.6666666666666666,0.5773502691896258,High,2.0
2026-04-11 19:05:27,Nodeul Island,붐빔,High,2,19,Saturday,4,1,1,2.0,1.0,1.0,1.3333333333333333,0.5773502691896258,Medium,1.0
2026-04-11 20:46:55,Nodeul Island,보통,Medium,1,20,Saturday,4,1,0,2.0,2.0,1.0,1.6666666666666667,0.5773502691896258,Low,0.0
2026-04-11 23:06:10,Nodeul Island,여유,Low,0,23,Saturday,4,1,0,1.0,2.0,2.0,1.6666666666666667,0.5773502691896258,Low,0.0
2026-04-12 00:50:46,Nodeul Island,여유,Low,0,0,Sunday,4,1,0,0.0,1.0,2.0,1.0,1.0,Low,0.0
2026-04-12 02:21:07,Nodeul Island,여유,Low,0,2,Sunday,4,1,0,0.0,0.0,1.0,0.3333333333333333,0.5773502691896258,Low,0.0
2026-04-12 04:26:13,Nodeul Island,여유,Low,0,4,Sunday,4,1,0,0.0,0.0,0.0,0.0,0.0,Low,0.0
2026-04-12 06:02:59,Nodeul Island,여유,Low,0,6,Sunday,4,1,0,0.0,0.0,0.0,0.0,0.0,Low,0.0
2026-04-12 07:02:08,Nodeul Island,여유,Low,0,7,Sunday,4,1,0,0.0,0.0,0.0,0.0,0.0,Low,0.0
2026-04-12 08:54:29,Nodeul Island,여유,Low,0,8,Sunday,4,1,1,0.0,0.0,0.0,0.0,0.0,High,2.0
2026-04-12 15:13:17,Nodeul Island,약간 붐빔,High,2,15,Sunday,4,1,1,0.0,0.0,0.0,0.0,0.0,High,2.0
2026-04-12 18:08:55,Nodeul Island,붐빔,High,2,18,Sunday,4,1,1,2.0,0.0,0.0,0.6666666666666666,1.1547005383792517,High,2.0
2026-04-12 20:22:23,Nodeul Island,약간 붐빔,High,2,20,Sunday,4,1,0,2.0,2.0,0.0,1.3333333333333333,1.1547005383792517,Low,0.0
2026-04-12 23:06:37,Nodeul Island,여유,Low,0,23,Sunday,4,1,0,2.0,2.0,2.0,2.0,0.0,Low,0.0
2026-04-13 00:55:38,Nodeul Island,여유,Low,0,0,Monday,4,0,0,0.0,2.0,2.0,1.3333333333333333,1.1547005383792517,Low,0.0
2026-04-13 02:55:56,Nodeul Island,여유,Low,0,2,Monday,4,0,0,0.0,0.0,2.0,0.6666666666666666,1.1547005383792517,Low,0.0
2026-04-13 04:56:21,Nodeul Island,여유,Low,0,4,Monday,4,0,0,0.0,0.0,0.0,0.0,0.0,Low,0.0
2026-04-13 06:54:20,Nodeul Island,여유,Low,0,6,Monday,4,0,0,0.0,0.0,0.0,0.0,0.0,Low,0.0
2026-04-13 08:56:46,Nodeul Island,여유,Low,0,8,Monday,4,0,1,0.0,0.0,0.0,0.0,0.0,Low,0.0
2026-04-13 16:29:02,Nodeul Island,여유,Low,0,16,Monday,4,0,1,0.0,0.0,0.0,0.0,0.0,Low,0.0
2026-04-13 20:57:43,Nodeul Island,여유,Low,0,20,Monday,4,0,0,0.0,0.0,0.0,0.0,0.0,Low,0.0
2026-04-14 01:42:19,Nodeul Island,여유,Low,0,1,Tuesday,4,0,0,0.0,0.0,0.0,0.0,0.0,Low,0.0
2026-04-14 05:14:29,Nodeul Island,여유,Low,0,5,Tuesday,4,0,0,0.0,0.0,0.0,0.0,0.0,Low,0.0
2026-04-14 08:06:33,Nodeul Island,여유,Low,0,8,Tuesday,4,0,1,0.0,0.0,0.0,0.0,0.0,Low,0.0
2026-04-14 15:14:02,Nodeul Island,여유,Low,0,15,Tuesday,4,0,1,0.0,0.0,0.0,0.0,0.0,Low,0.0
2026-04-14 19:48:56,Nodeul Island,여유,Low,0,19,Tuesday,4,0,1,0.0,0.0,0.0,0.0,0.0,Low,0.0
2026-04-15 00:51:13,Nodeul Island,여유,Low,0,0,Wednesday,4,0,0,0.0,0.0,0.0,0.0,0.0,Low,0.0
2026-04-15 04:54:57,Nodeul Island,여유,Low,0,4,Wednesday,4,0,0,0.0,0.0,0.0,0.0,0.0,Low,0.0
2026-04-15 07:34:10,Nodeul Island,여유,Low,0,7,Wednesday,4,0,0,0.0,0.0,0.0,0.0,0.0,Low,0.0
2026-04-15 15:08:14,Nodeul Island,여유,Low,0,15,Wednesday,4,0,1,0.0,0.0,0.0,0.0,0.0,Low,0.0
2026-04-15 19:44:17,Nodeul Island,여유,Low,0,19,Wednesday,4,0,1,0.0,0.0,0.0,0.0,0.0,Low,0.0
2026-04-15 23:57:43,Nodeul Island,여유,Low,0,23,Wednesday,4,0,0,0.0,0.0,0.0,0.0,0.0,Low,0.0
2026-04-16 03:56:01,Nodeul Island,여유,Low,0,3,Thursday,4,0,0,0.0,0.0,0.0,0.0,0.0,Low,0.0
2026-04-16 07:06:15,Nodeul Island,여유,Low,0,7,Thursday,4,0,0,0.0,0.0,0.0,0.0,0.0,Low,0.0
2026-04-16 14:53:44,Nodeul Island,여유,Low,0,14,Thursday,4,0,1,0.0,0.0,0.0,0.0,0.0,High,2.0
2026-04-16 19:44:36,Nodeul Island,약간 붐빔,High,2,19,Thursday,4,0,1,0.0,0.0,0.0,0.0,0.0,Low,0.0
2026-04-17 01:11:10,Nodeul Island,여유,Low,0,1,Friday,4,0,0,2.0,0.0,0.0,0.6666666666666666,1.1547005383792517,Low,0.0
2026-04-17 05:03:38,Nodeul Island,여유,Low,0,5,Friday,4,0,0,0.0,2.0,0.0,0.6666666666666666,1.1547005383792517,Low,0.0
2026-04-17 07:10:32,Nodeul Island,여유,Low,0,7,Friday,4,0,0,0.0,0.0,2.0,0.6666666666666666,1.1547005383792517,Low,0.0
2026-04-17 09:09:55,Nodeul Island,여유,Low,0,9,Friday,4,0,0,0.0,0.0,0.0,0.0,0.0,Low,0.0
2026-04-17 15:26:31,Nodeul Island,여유,Low,0,15,Friday,4,0,1,0.0,0.0,0.0,0.0,0.0,Medium,1.0
2026-04-17 17:15:30,Nodeul Island,보통,Medium,1,17,Friday,4,0,1,0.0,0.0,0.0,0.0,0.0,High,2.0
2026-04-17 18:51:42,Nodeul Island,약간 붐빔,High,2,18,Friday,4,0,1,1.0,0.0,0.0,0.3333333333333333,0.5773502691896258,High,2.0
2026-04-17 19:47:43,Nodeul Island,약간 붐빔,High,2,19,Friday,4,0,1,2.0,1.0,0.0,1.0,1.0,Low,0.0
2026-04-17 20:40:18,Nodeul Island,여유,Low,0,20,Friday,4,0,0,2.0,2.0,1.0,1.6666666666666667,0.5773502691896257,Low,0.0
2026-04-17 21:46:27,Nodeul Island,여유,Low,0,21,Friday,4,0,0,0.0,2.0,2.0,1.3333333333333333,1.1547005383792517,Low,0.0
2026-04-17 23:14:04,Nodeul Island,여유,Low,0,23,Friday,4,0,0,0.0,0.0,2.0,0.6666666666666666,1.1547005383792517,Low,0.0
2026-04-18 00:33:19,Nodeul Island,여유,Low,0,0,Saturday,4,1,0,0.0,0.0,0.0,0.0,0.0,Low,0.0
2026-04-18 01:32:06,Nodeul Island,여유,Low,0,1,Saturday,4,1,0,0.0,0.0,0.0,0.0,0.0,Low,0.0
2026-04-18 02:30:15,Nodeul Island,여유,Low,0,2,Saturday,4,1,0,0.0,0.0,0.0,0.0,0.0,Low,0.0
2026-04-18 03:32:31,Nodeul Island,여유,Low,0,3,Saturday,4,1,0,0.0,0.0,0.0,0.0,0.0,Low,0.0
2026-04-18 04:42:55,Nodeul Island,여유,Low,0,4,Saturday,4,1,0,0.0,0.0,0.0,0.0,0.0,Low,0.0
2026-04-18 05:32:12,Nodeul Island,여유,Low,0,5,Saturday,4,1,0,0.0,0.0,0.0,0.0,0.0,Low,0.0
2026-04-18 06:25:20,Nodeul Island,여유,Low,0,6,Saturday,4,1,0,0.0,0.0,0.0,0.0,0.0,Low,0.0
2026-04-18 07:21:09,Nodeul Island,여유,Low,0,7,Saturday,4,1,0,0.0,0.0,0.0,0.0,0.0,Low,0.0
2026-04-18 08:06:38,Nodeul Island,여유,Low,0,8,Saturday,4,1,1,0.0,0.0,0.0,0.0,0.0,Medium,1.0
2026-04-18 12:27:49,Nodeul Island,보통,Medium,1,12,Saturday,4,1,0,0.0,0.0,0.0,0.0,0.0,High,2.0
2026-04-18 14:25:57,Nodeul Island,약간 붐빔,High,2,14,Saturday,4,1,1,1.0,0.0,0.0,0.3333333333333333,0.5773502691896258,High,2.0
2026-04-18 15:49:19,Nodeul Island,약간 붐빔,High,2,15,Saturday,4,1,1,2.0,1.0,0.0,1.0,1.0,High,2.0
2026-04-18 16:50:38,Nodeul Island,붐빔,High,2,16,Saturday,4,1,1,2.0,2.0,1.0,1.6666666666666667,0.5773502691896257,High,2.0
2026-04-18 17:35:50,Nodeul Island,붐빔,High,2,17,Saturday,4,1,1,2.0,2.0,2.0,2.0,0.0,High,2.0
2026-04-18 18:32:29,Nodeul Island,붐빔,High,2,18,Saturday,4,1,1,2.0,2.0,2.0,2.0,0.0,High,2.0
2026-04-18 19:24:36,Nodeul Island,붐빔,High,2,19,Saturday,4,1,1,2.0,2.0,2.0,2.0,0.0,High,2.0
2026-04-18 20:20:29,Nodeul Island,붐빔,High,2,20,Saturday,4,1,0,2.0,2.0,2.0,2.0,0.0,Low,0.0
2026-04-18 22:24:32,Nodeul Island,여유,Low,0,22,Saturday,4,1,0,2.0,2.0,2.0,2.0,0.0,Low,0.0
2026-04-18 23:23:14,Nodeul Island,여유,Low,0,23,Saturday,4,1,0,0.0,2.0,2.0,1.3333333333333333,1.1547005383792517,Low,0.0
2026-04-19 00:04:50,Nodeul Island,여유,Low,0,0,Sunday,4,1,0,0.0,0.0,2.0,0.6666666666666666,1.1547005383792517,Low,0.0
2026-04-19 01:30:01,Nodeul Island,여유,Low,0,1,Sunday,4,1,0,0.0,0.0,0.0,0.0,0.0,Low,0.0
2026-04-19 02:19:40,Nodeul Island,여유,Low,0,2,Sunday,4,1,0,0.0,0.0,0.0,0.0,0.0,Low,0.0
2026-04-19 04:07:24,Nodeul Island,여유,Low,0,4,Sunday,4,1,0,0.0,0.0,0.0,0.0,0.0,Low,0.0
2026-04-19 05:28:06,Nodeul Island,여유,Low,0,5,Sunday,4,1,0,0.0,0.0,0.0,0.0,0.0,Low,0.0
2026-04-19 06:05:55,Nodeul Island,여유,Low,0,6,Sunday,4,1,0,0.0,0.0,0.0,0.0,0.0,Low,0.0
2026-04-19 07:20:04,Nodeul Island,여유,Low,0,7,Sunday,4,1,0,0.0,0.0,0.0,0.0,0.0,Low,0.0
2026-04-19 08:50:00,Nodeul Island,여유,Low,0,8,Sunday,4,1,1,0.0,0.0,0.0,0.0,0.0,Low,0.0
2026-04-19 10:14:17,Nodeul Island,여유,Low,0,10,Sunday,4,1,0,0.0,0.0,0.0,0.0,0.0,Low,0.0
2026-04-19 13:26:50,Nodeul Island,여유,Low,0,13,Sunday,4,1,0,0.0,0.0,0.0,0.0,0.0,High,2.0
2026-04-19 15:17:45,Nodeul Island,약간 붐빔,High,2,15,Sunday,4,1,1,0.0,0.0,0.0,0.0,0.0,High,2.0
2026-04-19 16:51:17,Nodeul Island,약간 붐빔,High,2,16,Sunday,4,1,1,2.0,0.0,0.0,0.6666666666666666,1.1547005383792517,High,2.0
2026-04-19 17:42:24,Nodeul Island,붐빔,High,2,17,Sunday,4,1,1,2.0,2.0,0.0,1.3333333333333333,1.1547005383792517,High,2.0
2026-04-19 18:35:47,Nodeul Island,붐빔,High,2,18,Sunday,4,1,1,2.0,2.0,2.0,2.0,0.0,High,2.0
2026-04-19 19:23:17,Nodeul Island,붐빔,High,2,19,Sunday,4,1,1,2.0,2.0,2.0,2.0,0.0,High,2.0
2026-04-19 20:06:27,Nodeul Island,약간 붐빔,High,2,20,Sunday,4,1,0,2.0,2.0,2.0,2.0,0.0,Medium,1.0
2026-04-19 21:30:03,Nodeul Island,보통,Medium,1,21,Sunday,4,1,0,2.0,2.0,2.0,2.0,0.0,Low,0.0
2026-04-19 22:45:08,Nodeul Island,여유,Low,0,22,Sunday,4,1,0,1.0,2.0,2.0,1.6666666666666667,0.5773502691896258,Low,0.0
2026-04-19 23:31:02,Nodeul Island,여유,Low,0,23,Sunday,4,1,0,0.0,1.0,2.0,1.0,1.0,Low,0.0
2026-04-20 00:22:23,Nodeul Island,여유,Low,0,0,Monday,4,0,0,0.0,0.0,1.0,0.3333333333333333,0.5773502691896258,Low,0.0
2026-04-20 01:56:37,Nodeul Island,여유,Low,0,1,Monday,4,0,0,0.0,0.0,0.0,0.0,0.0,Low,0.0
2026-04-20 02:51:10,Nodeul Island,여유,Low,0,2,Monday,4,0,0,0.0,0.0,0.0,0.0,0.0,Low,0.0
2026-04-20 03:33:12,Nodeul Island,여유,Low,0,3,Monday,4,0,0,0.0,0.0,0.0,0.0,0.0,Low,0.0
2026-04-20 04:28:34,Nodeul Island,여유,Low,0,4,Monday,4,0,0,0.0,0.0,0.0,0.0,0.0,Low,0.0
2026-04-20 05:05:06,Nodeul Island,여유,Low,0,5,Monday,4,0,0,0.0,0.0,0.0,0.0,0.0,Low,0.0
2026-04-20 06:28:45,Nodeul Island,여유,Low,0,6,Monday,4,0,0,0.0,0.0,0.0,0.0,0.0,Low,0.0
2026-04-20 07:04:06,Nodeul Island,여유,Low,0,7,Monday,4,0,0,0.0,0.0,0.0,0.0,0.0,Low,0.0
2026-04-20 08:32:57,Nodeul Island,여유,Low,0,8,Monday,4,0,1,0.0,0.0,0.0,0.0,0.0,Low,0.0
2026-04-20 09:06:17,Nodeul Island,여유,Low,0,9,Monday,4,0,0,0.0,0.0,0.0,0.0,0.0,Low,0.0
2026-04-20 12:50:40,Nodeul Island,여유,Low,0,12,Monday,4,0,0,0.0,0.0,0.0,0.0,0.0,Low,0.0
2026-04-20 15:07:57,Nodeul Island,여유,Low,0,15,Monday,4,0,1,0.0,0.0,0.0,0.0,0.0,Low,0.0
2026-04-20 17:27:17,Nodeul Island,여유,Low,0,17,Monday,4,0,1,0.0,0.0,0.0,0.0,0.0,Low,0.0
2026-04-20 19:21:47,Nodeul Island,여유,Low,0,19,Monday,4,0,1,0.0,0.0,0.0,0.0,0.0,Low,0.0
2026-04-20 20:49:46,Nodeul Island,여유,Low,0,20,Monday,4,0,0,0.0,0.0,0.0,0.0,0.0,Low,0.0
2026-04-20 21:57:02,Nodeul Island,여유,Low,0,21,Monday,4,0,0,0.0,0.0,0.0,0.0,0.0,Low,0.0
2026-04-20 23:57:50,Nodeul Island,여유,Low,0,23,Monday,4,0,0,0.0,0.0,0.0,0.0,0.0,Low,0.0
2026-04-21 01:20:34,Nodeul Island,여유,Low,0,1,Tuesday,4,0,0,0.0,0.0,0.0,0.0,0.0,Low,0.0
2026-04-21 02:33:51,Nodeul Island,여유,Low,0,2,Tuesday,4,0,0,0.0,0.0,0.0,0.0,0.0,Low,0.0
2026-04-21 03:39:37,Nodeul Island,여유,Low,0,3,Tuesday,4,0,0,0.0,0.0,0.0,0.0,0.0,Low,0.0
2026-04-21 04:50:52,Nodeul Island,여유,Low,0,4,Tuesday,4,0,0,0.0,0.0,0.0,0.0,0.0,Low,0.0
2026-04-21 05:35:19,Nodeul Island,여유,Low,0,5,Tuesday,4,0,0,0.0,0.0,0.0,0.0,0.0,Low,0.0
2026-04-21 06:30:33,Nodeul Island,여유,Low,0,6,Tuesday,4,0,0,0.0,0.0,0.0,0.0,0.0,Low,0.0
2026-04-21 07:27:25,Nodeul Island,여유,Low,0,7,Tuesday,4,0,0,0.0,0.0,0.0,0.0,0.0,Medium,1.0
2026-04-21 08:25:53,Nodeul Island,보통,Medium,1,8,Tuesday,4,0,1,0.0,0.0,0.0,0.0,0.0,Low,0.0
2026-04-21 10:08:52,Nodeul Island,여유,Low,0,10,Tuesday,4,0,0,1.0,0.0,0.0,0.3333333333333333,0.5773502691896258,Low,0.0
2026-04-21 13:23:32,Nodeul Island,여유,Low,0,13,Tuesday,4,0,0,0.0,1.0,0.0,0.3333333333333333,0.5773502691896258,Low,0.0
2026-04-21 15:19:37,Nodeul Island,여유,Low,0,15,Tuesday,4,0,1,0.0,0.0,1.0,0.3333333333333333,0.5773502691896258,Low,0.0
2026-04-21 17:13:43,Nodeul Island,여유,Low,0,17,Tuesday,4,0,1,0.0,0.0,0.0,0.0,0.0,Low,0.0
2026-04-21 18:55:34,Nodeul Island,여유,Low,0,18,Tuesday,4,0,1,0.0,0.0,0.0,0.0,0.0,Low,0.0
2026-04-21 20:21:56,Nodeul Island,여유,Low,0,20,Tuesday,4,0,0,0.0,0.0,0.0,0.0,0.0,Low,0.0
2026-04-21 21:12:52,Nodeul Island,여유,Low,0,21,Tuesday,4,0,0,0.0,0.0,0.0,0.0,0.0,Low,0.0
2026-04-21 23:12:50,Nodeul Island,여유,Low,0,23,Tuesday,4,0,0,0.0,0.0,0.0,0.0,0.0,Low,0.0
2026-04-22 00:48:04,Nodeul Island,여유,Low,0,0,Wednesday,4,0,0,0.0,0.0,0.0,0.0,0.0,Low,0.0
2026-04-22 01:45:12,Nodeul Island,여유,Low,0,1,Wednesday,4,0,0,0.0,0.0,0.0,0.0,0.0,Low,0.0
2026-04-22 02:47:20,Nodeul Island,여유,Low,0,2,Wednesday,4,0,0,0.0,0.0,0.0,0.0,0.0,Low,0.0
2026-04-22 03:51:04,Nodeul Island,여유,Low,0,3,Wednesday,4,0,0,0.0,0.0,0.0,0.0,0.0,Low,0.0
2026-04-22 04:59:12,Nodeul Island,여유,Low,0,4,Wednesday,4,0,0,0.0,0.0,0.0,0.0,0.0,Low,0.0
2026-04-22 06:03:03,Nodeul Island,여유,Low,0,6,Wednesday,4,0,0,0.0,0.0,0.0,0.0,0.0,Low,0.0
2026-04-22 07:56:29,Nodeul Island,여유,Low,0,7,Wednesday,4,0,0,0.0,0.0,0.0,0.0,0.0,Medium,1.0
2026-04-22 08:50:07,Nodeul Island,보통,Medium,1,8,Wednesday,4,0,1,0.0,0.0,0.0,0.0,0.0,Low,0.0
2026-04-22 10:10:24,Nodeul Island,여유,Low,0,10,Wednesday,4,0,0,1.0,0.0,0.0,0.3333333333333333,0.5773502691896258,Low,0.0
2026-04-22 13:21:58,Nodeul Island,여유,Low,0,13,Wednesday,4,0,0,0.0,1.0,0.0,0.3333333333333333,0.5773502691896258,Low,0.0
2026-04-22 15:18:01,Nodeul Island,여유,Low,0,15,Wednesday,4,0,1,0.0,0.0,1.0,0.3333333333333333,0.5773502691896258,Low,0.0
2026-04-22 17:12:40,Nodeul Island,여유,Low,0,17,Wednesday,4,0,1,0.0,0.0,0.0,0.0,0.0,Medium,1.0
2026-04-22 18:57:13,Nodeul Island,보통,Medium,1,18,Wednesday,4,0,1,0.0,0.0,0.0,0.0,0.0,Low,0.0
2026-04-22 20:19:59,Nodeul Island,여유,Low,0,20,Wednesday,4,0,0,1.0,0.0,0.0,0.3333333333333333,0.5773502691896258,Low,0.0
2026-04-22 21:12:08,Nodeul Island,여유,Low,0,21,Wednesday,4,0,0,0.0,1.0,0.0,0.3333333333333333,0.5773502691896258,Low,0.0
2026-04-22 23:13:52,Nodeul Island,여유,Low,0,23,Wednesday,4,0,0,0.0,0.0,1.0,0.3333333333333333,0.5773502691896258,Low,0.0
2026-04-23 00:46:22,Nodeul Island,여유,Low,0,0,Thursday,4,0,0,0.0,0.0,0.0,0.0,0.0,Low,0.0
2026-04-23 01:46:21,Nodeul Island,여유,Low,0,1,Thursday,4,0,0,0.0,0.0,0.0,0.0,0.0,Low,0.0
2026-04-23 02:47:44,Nodeul Island,여유,Low,0,2,Thursday,4,0,0,0.0,0.0,0.0,0.0,0.0,Low,0.0
2026-04-23 03:53:22,Nodeul Island,여유,Low,0,3,Thursday,4,0,0,0.0,0.0,0.0,0.0,0.0,Low,0.0
2026-04-23 05:03:02,Nodeul Island,여유,Low,0,5,Thursday,4,0,0,0.0,0.0,0.0,0.0,0.0,Low,0.0
2026-04-23 06:08:29,Nodeul Island,여유,Low,0,6,Thursday,4,0,0,0.0,0.0,0.0,0.0,0.0,Low,0.0
2026-04-23 07:04:20,Nodeul Island,여유,Low,0,7,Thursday,4,0,0,0.0,0.0,0.0,0.0,0.0,Low,0.0
2026-04-23 08:02:53,Nodeul Island,여유,Low,0,8,Thursday,4,0,1,0.0,0.0,0.0,0.0,0.0,Low,0.0
2026-04-23 12:43:33,Nodeul Island,여유,Low,0,12,Thursday,4,0,0,0.0,0.0,0.0,0.0,0.0,Low,0.0
2026-04-23 14:57:40,Nodeul Island,여유,Low,0,14,Thursday,4,0,1,0.0,0.0,0.0,0.0,0.0,Low,0.0
2026-04-23 17:09:11,Nodeul Island,여유,Low,0,17,Thursday,4,0,1,0.0,0.0,0.0,0.0,0.0,Medium,1.0
2026-04-23 19:00:47,Nodeul Island,보통,Medium,1,19,Thursday,4,0,1,0.0,0.0,0.0,0.0,0.0,Low,0.0
2026-04-23 20:21:40,Nodeul Island,여유,Low,0,20,Thursday,4,0,0,1.0,0.0,0.0,0.3333333333333333,0.5773502691896258,Low,0.0
2026-04-23 21:13:26,Nodeul Island,여유,Low,0,21,Thursday,4,0,0,0.0,1.0,0.0,0.3333333333333333,0.5773502691896258,Low,0.0
2026-04-23 23:17:05,Nodeul Island,여유,Low,0,23,Thursday,4,0,0,0.0,0.0,1.0,0.3333333333333333,0.5773502691896258,Low,0.0
2026-04-24 02:51:52,Nodeul Island,여유,Low,0,2,Friday,4,0,0,0.0,0.0,0.0,0.0,0.0,Low,0.0
2026-04-24 03:57:03,Nodeul Island,여유,Low,0,3,Friday,4,0,0,0.0,0.0,0.0,0.0,0.0,Low,0.0
2026-04-24 05:11:45,Nodeul Island,여유,Low,0,5,Friday,4,0,0,0.0,0.0,0.0,0.0,0.0,Low,0.0
2026-04-24 06:11:43,Nodeul Island,여유,Low,0,6,Friday,4,0,0,0.0,0.0,0.0,0.0,0.0,Low,0.0
2026-04-24 07:05:32,Nodeul Island,여유,Low,0,7,Friday,4,0,0,0.0,0.0,0.0,0.0,0.0,Low,0.0
2026-04-24 08:04:03,Nodeul Island,여유,Low,0,8,Friday,4,0,1,0.0,0.0,0.0,0.0,0.0,Low,0.0
2026-04-24 12:46:58,Nodeul Island,여유,Low,0,12,Friday,4,0,0,0.0,0.0,0.0,0.0,0.0,Low,0.0
2026-04-24 15:01:00,Nodeul Island,여유,Low,0,15,Friday,4,0,1,0.0,0.0,0.0,0.0,0.0,Medium,1.0
2026-04-24 17:20:36,Nodeul Island,보통,Medium,1,17,Friday,4,0,1,0.0,0.0,0.0,0.0,0.0,Medium,1.0
2026-04-24 18:59:01,Nodeul Island,보통,Medium,1,18,Friday,4,0,1,1.0,0.0,0.0,0.3333333333333333,0.5773502691896258,Low,0.0
2026-04-24 20:20:52,Nodeul Island,여유,Low,0,20,Friday,4,0,0,1.0,1.0,0.0,0.6666666666666666,0.5773502691896258,Low,0.0
2026-04-24 21:12:02,Nodeul Island,여유,Low,0,21,Friday,4,0,0,0.0,1.0,1.0,0.6666666666666666,0.5773502691896258,Low,0.0
2026-04-24 23:12:16,Nodeul Island,여유,Low,0,23,Friday,4,0,0,0.0,0.0,1.0,0.3333333333333333,0.5773502691896258,Low,0.0
2026-04-25 00:43:14,Nodeul Island,여유,Low,0,0,Saturday,4,1,0,0.0,0.0,0.0,0.0,0.0,Low,0.0
2026-04-25 01:42:30,Nodeul Island,여유,Low,0,1,Saturday,4,1,0,0.0,0.0,0.0,0.0,0.0,Low,0.0
2026-04-25 02:41:17,Nodeul Island,여유,Low,0,2,Saturday,4,1,0,0.0,0.0,0.0,0.0,0.0,Low,0.0
2026-04-25 03:33:17,Nodeul Island,여유,Low,0,3,Saturday,4,1,0,0.0,0.0,0.0,0.0,0.0,Low,0.0
2026-04-25 04:36:22,Nodeul Island,여유,Low,0,4,Saturday,4,1,0,0.0,0.0,0.0,0.0,0.0,Low,0.0
2026-04-25 05:28:12,Nodeul Island,여유,Low,0,5,Saturday,4,1,0,0.0,0.0,0.0,0.0,0.0,Low,0.0
2026-04-25 06:30:48,Nodeul Island,여유,Low,0,6,Saturday,4,1,0,0.0,0.0,0.0,0.0,0.0,Low,0.0
2026-04-25 07:26:14,Nodeul Island,여유,Low,0,7,Saturday,4,1,0,0.0,0.0,0.0,0.0,0.0,Low,0.0
2026-04-25 08:23:23,Nodeul Island,여유,Low,0,8,Saturday,4,1,1,0.0,0.0,0.0,0.0,0.0,Low,0.0
2026-04-25 09:02:57,Nodeul Island,여유,Low,0,9,Saturday,4,1,0,0.0,0.0,0.0,0.0,0.0,Low,0.0
2026-04-25 12:30:00,Nodeul Island,여유,Low,0,12,Saturday,4,1,0,0.0,0.0,0.0,0.0,0.0,High,2.0
2026-04-25 14:31:12,Nodeul Island,약간 붐빔,High,2,14,Saturday,4,1,1,0.0,0.0,0.0,0.0,0.0,High,2.0
2026-04-25 15:55:14,Nodeul Island,붐빔,High,2,15,Saturday,4,1,1,2.0,0.0,0.0,0.6666666666666666,1.1547005383792517,High,2.0
2026-04-25 17:10:53,Nodeul Island,붐빔,High,2,17,Saturday,4,1,1,2.0,2.0,0.0,1.3333333333333333,1.1547005383792517,High,2.0
2026-04-25 18:14:20,Nodeul Island,붐빔,High,2,18,Saturday,4,1,1,2.0,2.0,2.0,2.0,0.0,High,2.0
2026-04-25 19:10:27,Nodeul Island,붐빔,High,2,19,Saturday,4,1,1,2.0,2.0,2.0,2.0,0.0,High,2.0
2026-04-25 20:08:12,Nodeul Island,붐빔,High,2,20,Saturday,4,1,0,2.0,2.0,2.0,2.0,0.0,High,2.0
2026-04-25 22:37:42,Nodeul Island,약간 붐빔,High,2,22,Saturday,4,1,0,2.0,2.0,2.0,2.0,0.0,Low,0.0
2026-04-25 23:27:39,Nodeul Island,여유,Low,0,23,Saturday,4,1,0,2.0,2.0,2.0,2.0,0.0,Low,0.0
2026-04-26 00:24:29,Nodeul Island,여유,Low,0,0,Sunday,4,1,0,0.0,2.0,2.0,1.3333333333333333,1.1547005383792517,Low,0.0
2026-04-26 01:09:01,Nodeul Island,여유,Low,0,1,Sunday,4,1,0,0.0,0.0,2.0,0.6666666666666666,1.1547005383792517,Low,0.0
2026-04-26 02:05:09,Nodeul Island,여유,Low,0,2,Sunday,4,1,0,0.0,0.0,0.0,0.0,0.0,Low,0.0
2026-04-26 04:08:59,Nodeul Island,여유,Low,0,4,Sunday,4,1,0,0.0,0.0,0.0,0.0,0.0,Low,0.0
2026-04-26 05:54:08,Nodeul Island,여유,Low,0,5,Sunday,4,1,0,0.0,0.0,0.0,0.0,0.0,Low,0.0
2026-04-26 06:50:55,Nodeul Island,여유,Low,0,6,Sunday,4,1,0,0.0,0.0,0.0,0.0,0.0,Low,0.0
2026-04-26 07:24:40,Nodeul Island,여유,Low,0,7,Sunday,4,1,0,0.0,0.0,0.0,0.0,0.0,Low,0.0
2026-04-26 08:21:00,Nodeul Island,여유,Low,0,8,Sunday,4,1,1,0.0,0.0,0.0,0.0,0.0,Low,0.0
2026-04-26 12:52:58,Nodeul Island,여유,Low,0,12,Sunday,4,1,0,0.0,0.0,0.0,0.0,0.0,High,2.0
2026-04-26 15:03:50,Nodeul Island,약간 붐빔,High,2,15,Sunday,4,1,1,0.0,0.0,0.0,0.0,0.0,High,2.0
2026-04-26 16:53:07,Nodeul Island,약간 붐빔,High,2,16,Sunday,4,1,1,2.0,0.0,0.0,0.6666666666666666,1.1547005383792517,High,2.0
2026-04-26 17:55:00,Nodeul Island,약간 붐빔,High,2,17,Sunday,4,1,1,2.0,2.0,0.0,1.3333333333333333,1.1547005383792517,High,2.0
2026-04-26 19:04:38,Nodeul Island,붐빔,High,2,19,Sunday,4,1,1,2.0,2.0,2.0,2.0,0.0,High,2.0
2026-04-26 20:00:37,Nodeul Island,붐빔,High,2,20,Sunday,4,1,0,2.0,2.0,2.0,2.0,0.0,Medium,1.0
2026-04-26 21:48:42,Nodeul Island,보통,Medium,1,21,Sunday,4,1,0,2.0,2.0,2.0,2.0,0.0,Low,0.0
2026-04-26 22:56:51,Nodeul Island,여유,Low,0,22,Sunday,4,1,0,1.0,2.0,2.0,1.6666666666666667,0.5773502691896258,Low,0.0
2026-04-26 23:59:20,Nodeul Island,여유,Low,0,23,Sunday,4,1,0,0.0,1.0,2.0,1.0,1.0,Low,0.0
2026-04-27 00:54:45,Nodeul Island,여유,Low,0,0,Monday,4,0,0,0.0,0.0,1.0,0.3333333333333333,0.5773502691896258,Low,0.0
2026-04-27 01:59:43,Nodeul Island,여유,Low,0,1,Monday,4,0,0,0.0,0.0,0.0,0.0,0.0,Low,0.0
2026-04-27 02:55:30,Nodeul Island,여유,Low,0,2,Monday,4,0,0,0.0,0.0,0.0,0.0,0.0,Low,0.0
2026-04-27 04:11:30,Nodeul Island,여유,Low,0,4,Monday,4,0,0,0.0,0.0,0.0,0.0,0.0,Low,0.0
2026-04-27 05:00:07,Nodeul Island,여유,Low,0,5,Monday,4,0,0,0.0,0.0,0.0,0.0,0.0,Low,0.0
2026-04-27 06:52:31,Nodeul Island,여유,Low,0,6,Monday,4,0,0,0.0,0.0,0.0,0.0,0.0,Low,0.0
2026-04-27 07:31:25,Nodeul Island,여유,Low,0,7,Monday,4,0,0,0.0,0.0,0.0,0.0,0.0,Low,0.0
2026-04-27 08:22:53,Nodeul Island,여유,Low,0,8,Monday,4,0,1,0.0,0.0,0.0,0.0,0.0,Medium,1.0
2026-04-27 09:02:51,Nodeul Island,보통,Medium,1,9,Monday,4,0,0,0.0,0.0,0.0,0.0,0.0,Low,0.0
2026-04-27 12:57:07,Nodeul Island,여유,Low,0,12,Monday,4,0,0,1.0,0.0,0.0,0.3333333333333333,0.5773502691896258,Low,0.0
2026-04-27 15:40:10,Nodeul Island,여유,Low,0,15,Monday,4,0,1,0.0,1.0,0.0,0.3333333333333333,0.5773502691896258,Medium,1.0
2026-04-27 18:11:22,Nodeul Island,보통,Medium,1,18,Monday,4,0,1,0.0,0.0,1.0,0.3333333333333333,0.5773502691896258,Low,0.0
2026-04-27 20:20:44,Nodeul Island,여유,Low,0,20,Monday,4,0,0,1.0,0.0,0.0,0.3333333333333333,0.5773502691896258,Low,0.0
2026-04-27 21:57:56,Nodeul Island,여유,Low,0,21,Monday,4,0,0,0.0,1.0,0.0,0.3333333333333333,0.5773502691896258,Low,0.0
2026-04-28 00:16:59,Nodeul Island,여유,Low,0,0,Tuesday,4,0,0,0.0,0.0,1.0,0.3333333333333333,0.5773502691896258,Low,0.0
2026-04-28 02:00:05,Nodeul Island,여유,Low,0,2,Tuesday,4,0,0,0.0,0.0,0.0,0.0,0.0,Low,0.0
2026-04-28 03:18:12,Nodeul Island,여유,Low,0,3,Tuesday,4,0,0,0.0,0.0,0.0,0.0,0.0,Low,0.0
2026-04-28 04:52:11,Nodeul Island,여유,Low,0,4,Tuesday,4,0,0,0.0,0.0,0.0,0.0,0.0,Low,0.0
2026-04-28 05:54:38,Nodeul Island,여유,Low,0,5,Tuesday,4,0,0,0.0,0.0,0.0,0.0,0.0,Low,0.0
2026-04-28 07:05:04,Nodeul Island,여유,Low,0,7,Tuesday,4,0,0,0.0,0.0,0.0,0.0,0.0,Medium,1.0
2026-04-28 08:08:17,Nodeul Island,보통,Medium,1,8,Tuesday,4,0,1,0.0,0.0,0.0,0.0,0.0,Medium,1.0
2026-04-28 09:05:47,Nodeul Island,보통,Medium,1,9,Tuesday,4,0,0,1.0,0.0,0.0,0.3333333333333333,0.5773502691896258,Low,0.0
2026-04-28 13:03:20,Nodeul Island,여유,Low,0,13,Tuesday,4,0,0,1.0,1.0,0.0,0.6666666666666666,0.5773502691896258,Low,0.0
2026-04-28 15:41:41,Nodeul Island,여유,Low,0,15,Tuesday,4,0,1,0.0,1.0,1.0,0.6666666666666666,0.5773502691896258,Medium,1.0
2026-04-28 18:12:52,Nodeul Island,보통,Medium,1,18,Tuesday,4,0,1,0.0,0.0,1.0,0.3333333333333333,0.5773502691896258,Low,0.0
2026-04-28 20:20:24,Nodeul Island,여유,Low,0,20,Tuesday,4,0,0,1.0,0.0,0.0,0.3333333333333333,0.5773502691896258,Low,0.0
2026-04-28 22:04:32,Nodeul Island,여유,Low,0,22,Tuesday,4,0,0,0.0,1.0,0.0,0.3333333333333333,0.5773502691896258,Low,0.0
2026-04-29 00:35:41,Nodeul Island,여유,Low,0,0,Wednesday,4,0,0,0.0,0.0,1.0,0.3333333333333333,0.5773502691896258,Low,0.0
2026-04-29 02:16:30,Nodeul Island,여유,Low,0,2,Wednesday,4,0,0,0.0,0.0,0.0,0.0,0.0,Low,0.0
2026-04-29 03:58:01,Nodeul Island,여유,Low,0,3,Wednesday,4,0,0,0.0,0.0,0.0,0.0,0.0,Low,0.0
2026-04-29 05:38:24,Nodeul Island,여유,Low,0,5,Wednesday,4,0,0,0.0,0.0,0.0,0.0,0.0,Low,0.0
2026-04-29 06:42:34,Nodeul Island,여유,Low,0,6,Wednesday,4,0,0,0.0,0.0,0.0,0.0,0.0,Low,0.0
2026-04-29 07:43:02,Nodeul Island,여유,Low,0,7,Wednesday,4,0,0,0.0,0.0,0.0,0.0,0.0,Medium,1.0
2026-04-29 08:42:06,Nodeul Island,보통,Medium,1,8,Wednesday,4,0,1,0.0,0.0,0.0,0.0,0.0,Low,0.0
2026-04-29 10:27:43,Nodeul Island,여유,Low,0,10,Wednesday,4,0,0,1.0,0.0,0.0,0.3333333333333333,0.5773502691896258,Low,0.0
2026-04-29 13:59:48,Nodeul Island,여유,Low,0,13,Wednesday,4,0,0,0.0,1.0,0.0,0.3333333333333333,0.5773502691896258,Low,0.0
2026-04-29 16:33:57,Nodeul Island,여유,Low,0,16,Wednesday,4,0,1,0.0,0.0,1.0,0.3333333333333333,0.5773502691896258,High,2.0
2026-04-29 18:37:02,Nodeul Island,약간 붐빔,High,2,18,Wednesday,4,0,1,0.0,0.0,0.0,0.0,0.0,Low,0.0
2026-04-29 20:18:30,Nodeul Island,여유,Low,0,20,Wednesday,4,0,0,2.0,0.0,0.0,0.6666666666666666,1.1547005383792517,Low,0.0
2026-04-29 22:00:27,Nodeul Island,여유,Low,0,22,Wednesday,4,0,0,0.0,2.0,0.0,0.6666666666666666,1.1547005383792517,Low,0.0
2026-04-30 00:25:23,Nodeul Island,여유,Low,0,0,Thursday,4,0,0,0.0,0.0,2.0,0.6666666666666666,1.1547005383792517,Low,0.0
2026-04-30 02:09:29,Nodeul Island,여유,Low,0,2,Thursday,4,0,0,0.0,0.0,0.0,0.0,0.0,Low,0.0
2026-04-30 03:53:00,Nodeul Island,여유,Low,0,3,Thursday,4,0,0,0.0,0.0,0.0,0.0,0.0,Low,0.0
2026-04-30 05:08:20,Nodeul Island,여유,Low,0,5,Thursday,4,0,0,0.0,0.0,0.0,0.0,0.0,Low,0.0
2026-04-30 06:18:19,Nodeul Island,여유,Low,0,6,Thursday,4,0,0,0.0,0.0,0.0,0.0,0.0,Low,0.0
2026-04-30 07:15:22,Nodeul Island,여유,Low,0,7,Thursday,4,0,0,0.0,0.0,0.0,0.0,0.0,Low,0.0
2026-04-30 08:15:25,Nodeul Island,여유,Low,0,8,Thursday,4,0,1,0.0,0.0,0.0,0.0,0.0,Low,0.0
2026-04-30 09:12:31,Nodeul Island,여유,Low,0,9,Thursday,4,0,0,0.0,0.0,0.0,0.0,0.0,Low,0.0
2026-04-30 13:09:21,Nodeul Island,여유,Low,0,13,Thursday,4,0,0,0.0,0.0,0.0,0.0,0.0,Medium,1.0
2026-04-30 15:44:42,Nodeul Island,보통,Medium,1,15,Thursday,4,0,1,0.0,0.0,0.0,0.0,0.0,High,2.0
2026-04-30 18:06:46,Nodeul Island,약간 붐빔,High,2,18,Thursday,4,0,1,1.0,0.0,0.0,0.3333333333333333,0.5773502691896258,High,2.0
2026-04-30 20:05:07,Nodeul Island,약간 붐빔,High,2,20,Thursday,4,0,0,2.0,1.0,0.0,1.0,1.0,Low,0.0
2026-04-30 21:22:45,Nodeul Island,여유,Low,0,21,Thursday,4,0,0,2.0,2.0,1.0,1.6666666666666667,0.5773502691896257,Low,0.0
2026-04-30 23:31:38,Nodeul Island,여유,Low,0,23,Thursday,4,0,0,0.0,2.0,2.0,1.3333333333333333,1.1547005383792517,Low,0.0
2026-05-01 01:08:15,Nodeul Island,여유,Low,0,1,Friday,5,0,0,0.0,0.0,2.0,0.6666666666666666,1.1547005383792517,Low,0.0
2026-05-01 02:44:45,Nodeul Island,여유,Low,0,2,Friday,5,0,0,0.0,0.0,0.0,0.0,0.0,Low,0.0
2026-05-01 04:01:58,Nodeul Island,여유,Low,0,4,Friday,5,0,0,0.0,0.0,0.0,0.0,0.0,Low,0.0
2026-05-01 05:17:48,Nodeul Island,여유,Low,0,5,Friday,5,0,0,0.0,0.0,0.0,0.0,0.0,Low,0.0
2026-05-01 06:30:24,Nodeul Island,여유,Low,0,6,Friday,5,0,0,0.0,0.0,0.0,0.0,0.0,Low,0.0
2026-05-01 07:32:35,Nodeul Island,여유,Low,0,7,Friday,5,0,0,0.0,0.0,0.0,0.0,0.0,Low,0.0
2026-05-01 08:33:01,Nodeul Island,여유,Low,0,8,Friday,5,0,1,0.0,0.0,0.0,0.0,0.0,Low,0.0
2026-05-01 10:25:33,Nodeul Island,여유,Low,0,10,Friday,5,0,0,0.0,0.0,0.0,0.0,0.0,Medium,1.0
2026-05-01 14:27:39,Nodeul Island,보통,Medium,1,14,Friday,5,0,1,0.0,0.0,0.0,0.0,0.0,High,2.0
2026-05-01 16:52:02,Nodeul Island,붐빔,High,2,16,Friday,5,0,1,1.0,0.0,0.0,0.3333333333333333,0.5773502691896258,High,2.0
2026-05-01 18:26:54,Nodeul Island,붐빔,High,2,18,Friday,5,0,1,2.0,1.0,0.0,1.0,1.0,High,2.0
2026-05-01 19:55:08,Nodeul Island,붐빔,High,2,19,Friday,5,0,1,2.0,2.0,1.0,1.6666666666666667,0.5773502691896257,High,2.0
2026-05-01 21:05:05,Nodeul Island,약간 붐빔,High,2,21,Friday,5,0,0,2.0,2.0,2.0,2.0,0.0,Low,0.0
2026-05-01 22:51:49,Nodeul Island,여유,Low,0,22,Friday,5,0,0,2.0,2.0,2.0,2.0,0.0,Low,0.0
2026-05-01 23:47:17,Nodeul Island,여유,Low,0,23,Friday,5,0,0,0.0,2.0,2.0,1.3333333333333333,1.1547005383792517,Low,0.0
2026-05-02 00:43:26,Nodeul Island,여유,Low,0,0,Saturday,5,1,0,0.0,0.0,2.0,0.6666666666666666,1.1547005383792517,Low,0.0
2026-05-02 01:41:26,Nodeul Island,여유,Low,0,1,Saturday,5,1,0,0.0,0.0,0.0,0.0,0.0,Low,0.0
2026-05-02 02:45:09,Nodeul Island,여유,Low,0,2,Saturday,5,1,0,0.0,0.0,0.0,0.0,0.0,Low,0.0
2026-05-02 03:51:49,Nodeul Island,여유,Low,0,3,Saturday,5,1,0,0.0,0.0,0.0,0.0,0.0,Low,0.0
2026-05-02 05:00:55,Nodeul Island,여유,Low,0,5,Saturday,5,1,0,0.0,0.0,0.0,0.0,0.0,Low,0.0
2026-05-02 06:05:46,Nodeul Island,여유,Low,0,6,Saturday,5,1,0,0.0,0.0,0.0,0.0,0.0,Low,0.0
2026-05-02 07:03:20,Nodeul Island,여유,Low,0,7,Saturday,5,1,0,0.0,0.0,0.0,0.0,0.0,Low,0.0
2026-05-02 08:04:27,Nodeul Island,여유,Low,0,8,Saturday,5,1,1,0.0,0.0,0.0,0.0,0.0,Low,0.0
2026-05-02 09:01:38,Nodeul Island,여유,Low,0,9,Saturday,5,1,0,0.0,0.0,0.0,0.0,0.0,Low,0.0
2026-05-02 12:47:10,Nodeul Island,여유,Low,0,12,Saturday,5,1,0,0.0,0.0,0.0,0.0,0.0,Medium,1.0
2026-05-02 14:58:26,Nodeul Island,보통,Medium,1,14,Saturday,5,1,1,0.0,0.0,0.0,0.0,0.0,High,2.0
2026-05-02 16:58:22,Nodeul Island,약간 붐빔,High,2,16,Saturday,5,1,1,1.0,0.0,0.0,0.3333333333333333,0.5773502691896258,High,2.0
2026-05-02 18:18:34,Nodeul Island,약간 붐빔,High,2,18,Saturday,5,1,1,2.0,1.0,0.0,1.0,1.0,Low,0.0
2026-05-02 19:14:36,Nodeul Island,여유,Low,0,19,Saturday,5,1,1,2.0,2.0,1.0,1.6666666666666667,0.5773502691896257,Low,0.0
2026-05-02 20:11:44,Nodeul Island,여유,Low,0,20,Saturday,5,1,0,0.0,2.0,2.0,1.3333333333333333,1.1547005383792517,Low,0.0
2026-05-02 21:03:43,Nodeul Island,여유,Low,0,21,Saturday,5,1,0,0.0,0.0,2.0,0.6666666666666666,1.1547005383792517,Low,0.0
2026-05-02 22:44:45,Nodeul Island,여유,Low,0,22,Saturday,5,1,0,0.0,0.0,0.0,0.0,0.0,Low,0.0
2026-05-02 23:38:53,Nodeul Island,여유,Low,0,23,Saturday,5,1,0,0.0,0.0,0.0,0.0,0.0,Low,0.0
2026-05-03 00:35:19,Nodeul Island,여유,Low,0,0,Sunday,5,1,0,0.0,0.0,0.0,0.0,0.0,Low,0.0
2026-05-03 01:29:21,Nodeul Island,여유,Low,0,1,Sunday,5,1,0,0.0,0.0,0.0,0.0,0.0,Low,0.0
2026-05-03 02:29:16,Nodeul Island,여유,Low,0,2,Sunday,5,1,0,0.0,0.0,0.0,0.0,0.0,Low,0.0
2026-05-03 03:33:07,Nodeul Island,여유,Low,0,3,Sunday,5,1,0,0.0,0.0,0.0,0.0,0.0,Low,0.0
2026-05-03 04:39:28,Nodeul Island,여유,Low,0,4,Sunday,5,1,0,0.0,0.0,0.0,0.0,0.0,Low,0.0
2026-05-03 05:27:53,Nodeul Island,여유,Low,0,5,Sunday,5,1,0,0.0,0.0,0.0,0.0,0.0,Low,0.0
2026-05-03 06:23:30,Nodeul Island,여유,Low,0,6,Sunday,5,1,0,0.0,0.0,0.0,0.0,0.0,Low,0.0
2026-05-03 07:05:45,Nodeul Island,여유,Low,0,7,Sunday,5,1,0,0.0,0.0,0.0,0.0,0.0,Low,0.0
2026-05-03 08:01:41,Nodeul Island,여유,Low,0,8,Sunday,5,1,1,0.0,0.0,0.0,0.0,0.0,Low,0.0
2026-05-03 13:07:47,Nodeul Island,여유,Low,0,13,Sunday,5,1,0,0.0,0.0,0.0,0.0,0.0,Low,0.0
2026-05-03 15:39:28,Nodeul Island,여유,Low,0,15,Sunday,5,1,1,0.0,0.0,0.0,0.0,0.0,Low,0.0
2026-05-03 17:28:32,Nodeul Island,여유,Low,0,17,Sunday,5,1,1,0.0,0.0,0.0,0.0,0.0,Low,0.0
2026-05-03 18:53:25,Nodeul Island,여유,Low,0,18,Sunday,5,1,1,0.0,0.0,0.0,0.0,0.0,Low,0.0
2026-05-03 19:51:01,Nodeul Island,여유,Low,0,19,Sunday,5,1,1,0.0,0.0,0.0,0.0,0.0,Low,0.0
2026-05-03 20:34:54,Nodeul Island,여유,Low,0,20,Sunday,5,1,0,0.0,0.0,0.0,0.0,0.0,Low,0.0
2026-05-03 21:34:06,Nodeul Island,여유,Low,0,21,Sunday,5,1,0,0.0,0.0,0.0,0.0,0.0,Low,0.0
2026-05-03 22:57:20,Nodeul Island,여유,Low,0,22,Sunday,5,1,0,0.0,0.0,0.0,0.0,0.0,Low,0.0
2026-05-04 00:02:54,Nodeul Island,여유,Low,0,0,Monday,5,0,0,0.0,0.0,0.0,0.0,0.0,Low,0.0
2026-05-04 02:04:58,Nodeul Island,여유,Low,0,2,Monday,5,0,0,0.0,0.0,0.0,0.0,0.0,Low,0.0
2026-05-04 03:00:08,Nodeul Island,여유,Low,0,3,Monday,5,0,0,0.0,0.0,0.0,0.0,0.0,Low,0.0
2026-05-04 04:15:19,Nodeul Island,여유,Low,0,4,Monday,5,0,0,0.0,0.0,0.0,0.0,0.0,Low,0.0
2026-05-04 05:04:09,Nodeul Island,여유,Low,0,5,Monday,5,0,0,0.0,0.0,0.0,0.0,0.0,Low,0.0
2026-05-04 06:57:09,Nodeul Island,여유,Low,0,6,Monday,5,0,0,0.0,0.0,0.0,0.0,0.0,Low,0.0
2026-05-04 08:00:39,Nodeul Island,여유,Low,0,8,Monday,5,0,1,0.0,0.0,0.0,0.0,0.0,Low,0.0
2026-05-04 09:00:23,Nodeul Island,여유,Low,0,9,Monday,5,0,0,0.0,0.0,0.0,0.0,0.0,High,2.0
2026-05-04 13:04:48,Nodeul Island,붐빔,High,2,13,Monday,5,0,0,0.0,0.0,0.0,0.0,0.0,High,2.0
2026-05-04 15:51:54,Nodeul Island,붐빔,High,2,15,Monday,5,0,1,2.0,0.0,0.0,0.6666666666666666,1.1547005383792517,High,2.0
2026-05-04 18:12:13,Nodeul Island,붐빔,High,2,18,Monday,5,0,1,2.0,2.0,0.0,1.3333333333333333,1.1547005383792517,High,2.0
2026-05-04 20:20:32,Nodeul Island,붐빔,High,2,20,Monday,5,0,0,2.0,2.0,2.0,2.0,0.0,Low,0.0
2026-05-04 22:01:45,Nodeul Island,여유,Low,0,22,Monday,5,0,0,2.0,2.0,2.0,2.0,0.0,Low,0.0
2026-05-05 00:17:50,Nodeul Island,여유,Low,0,0,Tuesday,5,0,0,0.0,2.0,2.0,1.3333333333333333,1.1547005383792517,Low,0.0
2026-05-05 02:07:27,Nodeul Island,여유,Low,0,2,Tuesday,5,0,0,0.0,0.0,2.0,0.6666666666666666,1.1547005383792517,Low,0.0
2026-05-05 03:54:34,Nodeul Island,여유,Low,0,3,Tuesday,5,0,0,0.0,0.0,0.0,0.0,0.0,Low,0.0
2026-05-05 05:40:08,Nodeul Island,여유,Low,0,5,Tuesday,5,0,0,0.0,0.0,0.0,0.0,0.0,Low,0.0
2026-05-05 06:48:16,Nodeul Island,여유,Low,0,6,Tuesday,5,0,0,0.0,0.0,0.0,0.0,0.0,Low,0.0
2026-05-05 07:43:43,Nodeul Island,여유,Low,0,7,Tuesday,5,0,0,0.0,0.0,0.0,0.0,0.0,Low,0.0
2026-05-05 08:40:25,Nodeul Island,여유,Low,0,8,Tuesday,5,0,1,0.0,0.0,0.0,0.0,0.0,Low,0.0
2026-05-05 10:22:35,Nodeul Island,여유,Low,0,10,Tuesday,5,0,0,0.0,0.0,0.0,0.0,0.0,High,2.0
2026-05-05 13:38:09,Nodeul Island,붐빔,High,2,13,Tuesday,5,0,0,0.0,0.0,0.0,0.0,0.0,High,2.0
2026-05-05 16:04:58,Nodeul Island,붐빔,High,2,16,Tuesday,5,0,1,2.0,0.0,0.0,0.6666666666666666,1.1547005383792517,High,2.0
2026-05-05 18:18:17,Nodeul Island,붐빔,High,2,18,Tuesday,5,0,1,2.0,2.0,0.0,1.3333333333333333,1.1547005383792517,High,2.0
2026-05-05 19:57:10,Nodeul Island,붐빔,High,2,19,Tuesday,5,0,1,2.0,2.0,2.0,2.0,0.0,High,2.0
2026-05-05 21:11:54,Nodeul Island,약간 붐빔,High,2,21,Tuesday,5,0,0,2.0,2.0,2.0,2.0,0.0,Low,0.0
2026-05-05 23:30:05,Nodeul Island,여유,Low,0,23,Tuesday,5,0,0,2.0,2.0,2.0,2.0,0.0,Low,0.0
2026-05-06 01:14:20,Nodeul Island,여유,Low,0,1,Wednesday,5,0,0,0.0,2.0,2.0,1.3333333333333333,1.1547005383792517,Low,0.0
2026-05-06 02:56:45,Nodeul Island,여유,Low,0,2,Wednesday,5,0,0,0.0,0.0,2.0,0.6666666666666666,1.1547005383792517,Low,0.0
2026-05-06 04:50:01,Nodeul Island,여유,Low,0,4,Wednesday,5,0,0,0.0,0.0,0.0,0.0,0.0,Low,0.0
2026-05-06 05:49:47,Nodeul Island,여유,Low,0,5,Wednesday,5,0,0,0.0,0.0,0.0,0.0,0.0,Low,0.0
2026-05-06 06:48:09,Nodeul Island,여유,Low,0,6,Wednesday,5,0,0,0.0,0.0,0.0,0.0,0.0,Low,0.0
2026-05-06 07:42:00,Nodeul Island,여유,Low,0,7,Wednesday,5,0,0,0.0,0.0,0.0,0.0,0.0,Low,0.0
2026-05-06 08:37:04,Nodeul Island,여유,Low,0,8,Wednesday,5,0,1,0.0,0.0,0.0,0.0,0.0,Low,0.0
2026-05-06 10:16:21,Nodeul Island,여유,Low,0,10,Wednesday,5,0,0,0.0,0.0,0.0,0.0,0.0,Low,0.0
2026-05-06 13:47:13,Nodeul Island,여유,Low,0,13,Wednesday,5,0,0,0.0,0.0,0.0,0.0,0.0,Low,0.0
2026-05-06 16:28:43,Nodeul Island,여유,Low,0,16,Wednesday,5,0,1,0.0,0.0,0.0,0.0,0.0,Medium,1.0
2026-05-06 19:00:41,Nodeul Island,보통,Medium,1,19,Wednesday,5,0,1,0.0,0.0,0.0,0.0,0.0,Low,0.0
2026-05-06 21:03:39,Nodeul Island,여유,Low,0,21,Wednesday,5,0,0,1.0,0.0,0.0,0.3333333333333333,0.5773502691896258,Low,0.0
2026-05-06 23:42:45,Nodeul Island,여유,Low,0,23,Wednesday,5,0,0,0.0,1.0,0.0,0.3333333333333333,0.5773502691896258,Low,0.0
2026-05-07 01:22:26,Nodeul Island,여유,Low,0,1,Thursday,5,0,0,0.0,0.0,1.0,0.3333333333333333,0.5773502691896258,Low,0.0
2026-05-07 02:57:57,Nodeul Island,여유,Low,0,2,Thursday,5,0,0,0.0,0.0,0.0,0.0,0.0,Low,0.0
2026-05-07 04:59:37,Nodeul Island,여유,Low,0,4,Thursday,5,0,0,0.0,0.0,0.0,0.0,0.0,Low,0.0
2026-05-07 06:20:35,Nodeul Island,여유,Low,0,6,Thursday,5,0,0,0.0,0.0,0.0,0.0,0.0,Low,0.0
2026-05-07 07:12:06,Nodeul Island,여유,Low,0,7,Thursday,5,0,0,0.0,0.0,0.0,0.0,0.0,Low,0.0
2026-05-07 08:10:34,Nodeul Island,여유,Low,0,8,Thursday,5,0,1,0.0,0.0,0.0,0.0,0.0,Low,0.0
2026-05-07 09:08:42,Nodeul Island,여유,Low,0,9,Thursday,5,0,0,0.0,0.0,0.0,0.0,0.0,Low,0.0
2026-05-07 13:04:48,Nodeul Island,여유,Low,0,13,Thursday,5,0,0,0.0,0.0,0.0,0.0,0.0,Low,0.0
2026-05-07 15:49:40,Nodeul Island,여유,Low,0,15,Thursday,5,0,1,0.0,0.0,0.0,0.0,0.0,Medium,1.0
2026-05-07 18:23:23,Nodeul Island,보통,Medium,1,18,Thursday,5,0,1,0.0,0.0,0.0,0.0,0.0,Low,0.0
2026-05-07 20:25:34,Nodeul Island,여유,Low,0,20,Thursday,5,0,0,1.0,0.0,0.0,0.3333333333333333,0.5773502691896258,Low,0.0
2026-05-07 22:18:57,Nodeul Island,여유,Low,0,22,Thursday,5,0,0,0.0,1.0,0.0,0.3333333333333333,0.5773502691896258,Low,0.0
2026-05-08 00:40:53,Nodeul Island,여유,Low,0,0,Friday,5,0,0,0.0,0.0,1.0,0.3333333333333333,0.5773502691896258,Low,0.0
2026-05-08 02:28:10,Nodeul Island,여유,Low,0,2,Friday,5,0,0,0.0,0.0,0.0,0.0,0.0,Low,0.0
2026-05-08 04:18:06,Nodeul Island,여유,Low,0,4,Friday,5,0,0,0.0,0.0,0.0,0.0,0.0,Low,0.0
2026-05-08 05:43:59,Nodeul Island,여유,Low,0,5,Friday,5,0,0,0.0,0.0,0.0,0.0,0.0,Low,0.0
2026-05-08 10:28:19,Nodeul Island,여유,Low,0,10,Friday,5,0,0,0.0,0.0,0.0,0.0,0.0,Low,0.0
2026-05-08 13:43:35,Nodeul Island,여유,Low,0,13,Friday,5,0,0,0.0,0.0,0.0,0.0,0.0,Low,0.0
2026-05-08 15:25:30,Nodeul Island,여유,Low,0,15,Friday,5,0,1,0.0,0.0,0.0,0.0,0.0,High,2.0
2026-05-08 17:12:49,Nodeul Island,약간 붐빔,High,2,17,Friday,5,0,1,0.0,0.0,0.0,0.0,0.0,High,2.0
2026-05-08 18:58:58,Nodeul Island,약간 붐빔,High,2,18,Friday,5,0,1,2.0,0.0,0.0,0.6666666666666666,1.1547005383792517,Low,0.0
2026-05-08 20:42:45,Nodeul Island,여유,Low,0,20,Friday,5,0,0,2.0,2.0,0.0,1.3333333333333333,1.1547005383792517,Low,0.0
2026-05-08 22:01:36,Nodeul Island,여유,Low,0,22,Friday,5,0,0,0.0,2.0,2.0,1.3333333333333333,1.1547005383792517,Low,0.0
2026-05-09 00:02:25,Nodeul Island,여유,Low,0,0,Saturday,5,1,0,0.0,0.0,2.0,0.6666666666666666,1.1547005383792517,Low,0.0
2026-05-09 01:43:35,Nodeul Island,여유,Low,0,1,Saturday,5,1,0,0.0,0.0,0.0,0.0,0.0,Low,0.0
2026-05-09 03:01:33,Nodeul Island,여유,Low,0,3,Saturday,5,1,0,0.0,0.0,0.0,0.0,0.0,Low,0.0
2026-05-09 04:42:58,Nodeul Island,여유,Low,0,4,Saturday,5,1,0,0.0,0.0,0.0,0.0,0.0,Low,0.0
2026-05-09 05:43:37,Nodeul Island,여유,Low,0,5,Saturday,5,1,0,0.0,0.0,0.0,0.0,0.0,Low,0.0
2026-05-09 06:45:26,Nodeul Island,여유,Low,0,6,Saturday,5,1,0,0.0,0.0,0.0,0.0,0.0,Low,0.0
2026-05-09 07:41:58,Nodeul Island,여유,Low,0,7,Saturday,5,1,0,0.0,0.0,0.0,0.0,0.0,Low,0.0
2026-05-09 08:42:30,Nodeul Island,여유,Low,0,8,Saturday,5,1,1,0.0,0.0,0.0,0.0,0.0,Low,0.0
2026-05-09 10:26:05,Nodeul Island,여유,Low,0,10,Saturday,5,1,0,0.0,0.0,0.0,0.0,0.0,Medium,1.0
2026-05-09 13:55:32,Nodeul Island,보통,Medium,1,13,Saturday,5,1,0,0.0,0.0,0.0,0.0,0.0,High,2.0
2026-05-09 16:19:54,Nodeul Island,붐빔,High,2,16,Saturday,5,1,1,1.0,0.0,0.0,0.3333333333333333,0.5773502691896258,High,2.0
2026-05-09 17:56:10,Nodeul Island,붐빔,High,2,17,Saturday,5,1,1,2.0,1.0,0.0,1.0,1.0,High,2.0
2026-05-09 19:15:58,Nodeul Island,붐빔,High,2,19,Saturday,5,1,1,2.0,2.0,1.0,1.6666666666666667,0.5773502691896257,High,2.0
2026-05-09 20:15:12,Nodeul Island,붐빔,High,2,20,Saturday,5,1,0,2.0,2.0,2.0,2.0,0.0,High,2.0
2026-05-09 21:06:57,Nodeul Island,붐빔,High,2,21,Saturday,5,1,0,2.0,2.0,2.0,2.0,0.0,Low,0.0
2026-05-09 22:50:54,Nodeul Island,여유,Low,0,22,Saturday,5,1,0,2.0,2.0,2.0,2.0,0.0,Low,0.0
2026-05-09 23:42:20,Nodeul Island,여유,Low,0,23,Saturday,5,1,0,0.0,2.0,2.0,1.3333333333333333,1.1547005383792517,Low,0.0
2026-05-10 00:38:10,Nodeul Island,여유,Low,0,0,Sunday,5,1,0,0.0,0.0,2.0,0.6666666666666666,1.1547005383792517,Low,0.0
2026-05-10 01:34:57,Nodeul Island,여유,Low,0,1,Sunday,5,1,0,0.0,0.0,0.0,0.0,0.0,Low,0.0
2026-05-10 02:34:46,Nodeul Island,여유,Low,0,2,Sunday,5,1,0,0.0,0.0,0.0,0.0,0.0,Low,0.0
2026-05-10 03:36:30,Nodeul Island,여유,Low,0,3,Sunday,5,1,0,0.0,0.0,0.0,0.0,0.0,Low,0.0
2026-05-10 04:44:02,Nodeul Island,여유,Low,0,4,Sunday,5,1,0,0.0,0.0,0.0,0.0,0.0,Low,0.0
2026-05-10 05:31:07,Nodeul Island,여유,Low,0,5,Sunday,5,1,0,0.0,0.0,0.0,0.0,0.0,Low,0.0
2026-05-10 06:26:59,Nodeul Island,여유,Low,0,6,Sunday,5,1,0,0.0,0.0,0.0,0.0,0.0,Low,0.0
2026-05-10 07:24:13,Nodeul Island,여유,Low,0,7,Sunday,5,1,0,0.0,0.0,0.0,0.0,0.0,Low,0.0
2026-05-10 08:28:40,Nodeul Island,여유,Low,0,8,Sunday,5,1,1,0.0,0.0,0.0,0.0,0.0,Low,0.0
2026-05-10 10:24:33,Nodeul Island,여유,Low,0,10,Sunday,5,1,0,0.0,0.0,0.0,0.0,0.0,Low,0.0
2026-05-10 14:08:51,Nodeul Island,여유,Low,0,14,Sunday,5,1,1,0.0,0.0,0.0,0.0,0.0,Medium,1.0
2026-05-10 16:37:03,Nodeul Island,보통,Medium,1,16,Sunday,5,1,1,0.0,0.0,0.0,0.0,0.0,High,2.0
2026-05-10 18:16:50,Nodeul Island,약간 붐빔,High,2,18,Sunday,5,1,1,1.0,0.0,0.0,0.3333333333333333,0.5773502691896258,Medium,1.0
2026-05-10 19:41:46,Nodeul Island,보통,Medium,1,19,Sunday,5,1,1,2.0,1.0,0.0,1.0,1.0,Low,0.0
2026-05-10 20:38:23,Nodeul Island,여유,Low,0,20,Sunday,5,1,0,1.0,2.0,1.0,1.3333333333333333,0.5773502691896257,Low,0.0
2026-05-10 21:41:18,Nodeul Island,여유,Low,0,21,Sunday,5,1,0,0.0,1.0,2.0,1.0,1.0,Low,0.0
2026-05-10 23:13:30,Nodeul Island,여유,Low,0,23,Sunday,5,1,0,0.0,0.0,1.0,0.3333333333333333,0.5773502691896258,Low,0.0
2026-05-11 00:28:20,Nodeul Island,여유,Low,0,0,Monday,5,0,0,0.0,0.0,0.0,0.0,0.0,Low,0.0
2026-05-11 01:33:20,Nodeul Island,여유,Low,0,1,Monday,5,0,0,0.0,0.0,0.0,0.0,0.0,Low,0.0
2026-05-11 02:34:46,Nodeul Island,여유,Low,0,2,Monday,5,0,0,0.0,0.0,0.0,0.0,0.0,Low,0.0
2026-05-11 03:37:25,Nodeul Island,여유,Low,0,3,Monday,5,0,0,0.0,0.0,0.0,0.0,0.0,Low,0.0
2026-05-11 04:44:48,Nodeul Island,여유,Low,0,4,Monday,5,0,0,0.0,0.0,0.0,0.0,0.0,Low,0.0
2026-05-11 05:34:10,Nodeul Island,여유,Low,0,5,Monday,5,0,0,0.0,0.0,0.0,0.0,0.0,Low,0.0
2026-05-11 06:31:02,Nodeul Island,여유,Low,0,6,Monday,5,0,0,0.0,0.0,0.0,0.0,0.0,Low,0.0
2026-05-11 07:27:50,Nodeul Island,여유,Low,0,7,Monday,5,0,0,0.0,0.0,0.0,0.0,0.0,Low,0.0
2026-05-11 08:33:18,Nodeul Island,여유,Low,0,8,Monday,5,0,1,0.0,0.0,0.0,0.0,0.0,Low,0.0
2026-05-11 10:29:22,Nodeul Island,여유,Low,0,10,Monday,5,0,0,0.0,0.0,0.0,0.0,0.0,Low,0.0
2026-05-11 14:42:41,Nodeul Island,여유,Low,0,14,Monday,5,0,1,0.0,0.0,0.0,0.0,0.0,Low,0.0
2026-05-11 17:50:22,Nodeul Island,여유,Low,0,17,Monday,5,0,1,0.0,0.0,0.0,0.0,0.0,Low,0.0
2026-05-11 20:54:24,Nodeul Island,여유,Low,0,20,Monday,5,0,0,0.0,0.0,0.0,0.0,0.0,Low,0.0
2026-05-12 00:34:03,Nodeul Island,여유,Low,0,0,Tuesday,5,0,0,0.0,0.0,0.0,0.0,0.0,Low,0.0
2026-05-12 02:35:42,Nodeul Island,여유,Low,0,2,Tuesday,5,0,0,0.0,0.0,0.0,0.0,0.0,Low,0.0
2026-05-12 04:19:00,Nodeul Island,여유,Low,0,4,Tuesday,5,0,0,0.0,0.0,0.0,0.0,0.0,Low,0.0
2026-05-12 05:57:14,Nodeul Island,여유,Low,0,5,Tuesday,5,0,0,0.0,0.0,0.0,0.0,0.0,Low,0.0
2026-05-12 09:15:33,Nodeul Island,여유,Low,0,9,Tuesday,5,0,0,0.0,0.0,0.0,0.0,0.0,Low,0.0
2026-05-12 13:11:58,Nodeul Island,여유,Low,0,13,Tuesday,5,0,0,0.0,0.0,0.0,0.0,0.0,Low,0.0
2026-05-12 16:20:55,Nodeul Island,여유,Low,0,16,Tuesday,5,0,1,0.0,0.0,0.0,0.0,0.0,Low,0.0
2026-05-12 19:02:45,Nodeul Island,여유,Low,0,19,Tuesday,5,0,1,0.0,0.0,0.0,0.0,0.0,Low,0.0
2026-05-12 21:08:31,Nodeul Island,여유,Low,0,21,Tuesday,5,0,0,0.0,0.0,0.0,0.0,0.0,Low,0.0
2026-05-12 23:49:23,Nodeul Island,여유,Low,0,23,Tuesday,5,0,0,0.0,0.0,0.0,0.0,0.0,Low,0.0
2026-03-21 02:42:03,Sadang Station,여유,Low,0,2,Saturday,3,1,0,0.0,0.0,0.0,0.0,0.0,Low,0.0
2026-03-21 02:48:56,Sadang Station,여유,Low,0,2,Saturday,3,1,0,0.0,0.0,0.0,0.0,0.0,High,2.0
2026-03-21 21:49:02,Sadang Station,약간 붐빔,High,2,21,Saturday,3,1,0,0.0,0.0,0.0,0.0,0.0,Medium,1.0
2026-03-21 22:49:03,Sadang Station,보통,Medium,1,22,Saturday,3,1,0,2.0,0.0,0.0,0.6666666666666666,1.1547005383792517,Low,0.0
2026-03-21 23:48:57,Sadang Station,여유,Low,0,23,Saturday,3,1,0,1.0,2.0,0.0,1.0,1.0,Low,0.0
2026-03-23 03:28:47,Sadang Station,여유,Low,0,3,Monday,3,0,0,0.0,1.0,2.0,1.0,1.0,Low,0.0
2026-03-23 04:20:03,Sadang Station,여유,Low,0,4,Monday,3,0,0,0.0,0.0,1.0,0.3333333333333333,0.577350269189626,Low,0.0
2026-03-23 11:17:14,Sadang Station,여유,Low,0,11,Monday,3,0,0,0.0,0.0,0.0,0.0,0.0,Low,0.0
2026-03-23 13:38:21,Sadang Station,여유,Low,0,13,Monday,3,0,0,0.0,0.0,0.0,0.0,0.0,Low,0.0
2026-03-23 19:38:53,Sadang Station,여유,Low,0,19,Monday,3,0,1,0.0,0.0,0.0,0.0,0.0,Low,0.0
2026-03-23 23:46:37,Sadang Station,여유,Low,0,23,Monday,3,0,0,0.0,0.0,0.0,0.0,0.0,Low,0.0
2026-03-24 03:08:01,Sadang Station,여유,Low,0,3,Tuesday,3,0,0,0.0,0.0,0.0,0.0,0.0,Low,0.0
2026-03-24 05:08:44,Sadang Station,여유,Low,0,5,Tuesday,3,0,0,0.0,0.0,0.0,0.0,0.0,Low,0.0
2026-03-24 06:59:41,Sadang Station,여유,Low,0,6,Tuesday,3,0,0,0.0,0.0,0.0,0.0,0.0,Low,0.0
2026-03-24 08:57:11,Sadang Station,여유,Low,0,8,Tuesday,3,0,1,0.0,0.0,0.0,0.0,0.0,Low,0.0
2026-03-24 14:39:43,Sadang Station,여유,Low,0,14,Tuesday,3,0,1,0.0,0.0,0.0,0.0,0.0,High,2.0
2026-03-24 18:41:51,Sadang Station,약간 붐빔,High,2,18,Tuesday,3,0,1,0.0,0.0,0.0,0.0,0.0,Medium,1.0
2026-03-24 21:08:52,Sadang Station,보통,Medium,1,21,Tuesday,3,0,0,2.0,0.0,0.0,0.6666666666666666,1.1547005383792517,Low,0.0
2026-03-25 02:25:13,Sadang Station,여유,Low,0,2,Wednesday,3,0,0,1.0,2.0,0.0,1.0,1.0,Low,0.0
2026-03-25 04:43:27,Sadang Station,여유,Low,0,4,Wednesday,3,0,0,0.0,1.0,2.0,1.0,1.0,Low,0.0
2026-03-25 06:55:31,Sadang Station,여유,Low,0,6,Wednesday,3,0,0,0.0,0.0,1.0,0.3333333333333333,0.577350269189626,Low,0.0
2026-03-25 08:05:24,Sadang Station,여유,Low,0,8,Wednesday,3,0,1,0.0,0.0,0.0,0.0,0.0,Low,0.0
2026-03-25 09:01:27,Sadang Station,여유,Low,0,9,Wednesday,3,0,0,0.0,0.0,0.0,0.0,0.0,Low,0.0
2026-03-25 14:23:10,Sadang Station,여유,Low,0,14,Wednesday,3,0,1,0.0,0.0,0.0,0.0,0.0,Low,0.0
2026-03-25 17:03:36,Sadang Station,여유,Low,0,17,Wednesday,3,0,1,0.0,0.0,0.0,0.0,0.0,High,2.0
2026-03-25 19:35:55,Sadang Station,약간 붐빔,High,2,19,Wednesday,3,0,1,0.0,0.0,0.0,0.0,0.0,Low,0.0
2026-03-25 21:07:57,Sadang Station,여유,Low,0,21,Wednesday,3,0,0,2.0,0.0,0.0,0.6666666666666666,1.1547005383792517,Low,0.0
2026-03-25 23:23:04,Sadang Station,여유,Low,0,23,Wednesday,3,0,0,0.0,2.0,0.0,0.6666666666666666,1.1547005383792517,Low,0.0
2026-03-26 01:22:02,Sadang Station,여유,Low,0,1,Thursday,3,0,0,0.0,0.0,2.0,0.6666666666666666,1.1547005383792517,Low,0.0
2026-03-26 04:31:22,Sadang Station,여유,Low,0,4,Thursday,3,0,0,0.0,0.0,0.0,0.0,0.0,Low,0.0
2026-03-26 06:07:44,Sadang Station,여유,Low,0,6,Thursday,3,0,0,0.0,0.0,0.0,0.0,0.0,Low,0.0
2026-03-26 08:04:37,Sadang Station,여유,Low,0,8,Thursday,3,0,1,0.0,0.0,0.0,0.0,0.0,Low,0.0
2026-03-26 09:05:40,Sadang Station,여유,Low,0,9,Thursday,3,0,0,0.0,0.0,0.0,0.0,0.0,Low,0.0
2026-03-26 10:59:27,Sadang Station,여유,Low,0,10,Thursday,3,0,0,0.0,0.0,0.0,0.0,0.0,Low,0.0
2026-03-26 14:54:23,Sadang Station,여유,Low,0,14,Thursday,3,0,1,0.0,0.0,0.0,0.0,0.0,Medium,1.0
2026-03-26 18:46:26,Sadang Station,보통,Medium,1,18,Thursday,3,0,1,0.0,0.0,0.0,0.0,0.0,Medium,1.0
2026-03-26 21:06:25,Sadang Station,보통,Medium,1,21,Thursday,3,0,0,1.0,0.0,0.0,0.3333333333333333,0.5773502691896258,Low,0.0
2026-03-27 01:21:52,Sadang Station,여유,Low,0,1,Friday,3,0,0,1.0,1.0,0.0,0.6666666666666666,0.5773502691896258,Low,0.0
2026-03-27 04:46:52,Sadang Station,여유,Low,0,4,Friday,3,0,0,0.0,1.0,1.0,0.6666666666666666,0.5773502691896258,Low,0.0
2026-03-27 06:05:54,Sadang Station,여유,Low,0,6,Friday,3,0,0,0.0,0.0,1.0,0.3333333333333333,0.5773502691896258,Low,0.0
2026-03-27 08:01:38,Sadang Station,여유,Low,0,8,Friday,3,0,1,0.0,0.0,0.0,0.0,0.0,Low,0.0
2026-03-27 09:03:44,Sadang Station,여유,Low,0,9,Friday,3,0,0,0.0,0.0,0.0,0.0,0.0,Low,0.0
2026-03-27 14:54:29,Sadang Station,여유,Low,0,14,Friday,3,0,1,0.0,0.0,0.0,0.0,0.0,Low,0.0
2026-03-27 17:10:45,Sadang Station,여유,Low,0,17,Friday,3,0,1,0.0,0.0,0.0,0.0,0.0,High,2.0
2026-03-27 20:10:33,Sadang Station,붐빔,High,2,20,Friday,3,0,0,0.0,0.0,0.0,0.0,0.0,Low,0.0
2026-03-27 23:39:47,Sadang Station,여유,Low,0,23,Friday,3,0,0,2.0,0.0,0.0,0.6666666666666666,1.1547005383792517,Low,0.0
2026-03-28 02:39:58,Sadang Station,여유,Low,0,2,Saturday,3,1,0,0.0,2.0,0.0,0.6666666666666666,1.1547005383792517,Low,0.0
2026-03-28 04:54:14,Sadang Station,여유,Low,0,4,Saturday,3,1,0,0.0,0.0,2.0,0.6666666666666666,1.1547005383792517,Low,0.0
2026-03-28 06:54:25,Sadang Station,여유,Low,0,6,Saturday,3,1,0,0.0,0.0,0.0,0.0,0.0,Low,0.0
2026-03-28 08:47:55,Sadang Station,여유,Low,0,8,Saturday,3,1,1,0.0,0.0,0.0,0.0,0.0,Low,0.0
2026-03-28 14:15:09,Sadang Station,여유,Low,0,14,Saturday,3,1,1,0.0,0.0,0.0,0.0,0.0,Low,0.0
2026-03-28 16:52:04,Sadang Station,여유,Low,0,16,Saturday,3,1,1,0.0,0.0,0.0,0.0,0.0,High,2.0
2026-03-28 18:55:45,Sadang Station,붐빔,High,2,18,Saturday,3,1,1,0.0,0.0,0.0,0.0,0.0,High,2.0
2026-03-28 20:04:47,Sadang Station,붐빔,High,2,20,Saturday,3,1,0,2.0,0.0,0.0,0.6666666666666666,1.1547005383792517,Low,0.0
2026-03-28 23:05:10,Sadang Station,여유,Low,0,23,Saturday,3,1,0,2.0,2.0,0.0,1.3333333333333333,1.1547005383792517,Low,0.0
2026-03-29 00:05:44,Sadang Station,여유,Low,0,0,Sunday,3,1,0,0.0,2.0,2.0,1.3333333333333333,1.1547005383792517,Low,0.0
2026-03-29 01:03:27,Sadang Station,여유,Low,0,1,Sunday,3,1,0,0.0,0.0,2.0,0.6666666666666666,1.1547005383792517,Low,0.0
2026-03-29 02:50:55,Sadang Station,여유,Low,0,2,Sunday,3,1,0,0.0,0.0,0.0,0.0,0.0,Low,0.0
2026-03-29 04:27:12,Sadang Station,여유,Low,0,4,Sunday,3,1,0,0.0,0.0,0.0,0.0,0.0,Low,0.0
2026-03-29 05:03:33,Sadang Station,여유,Low,0,5,Sunday,3,1,0,0.0,0.0,0.0,0.0,0.0,Low,0.0
2026-03-29 06:03:58,Sadang Station,여유,Low,0,6,Sunday,3,1,0,0.0,0.0,0.0,0.0,0.0,Low,0.0
2026-03-29 08:04:01,Sadang Station,여유,Low,0,8,Sunday,3,1,1,0.0,0.0,0.0,0.0,0.0,Low,0.0
2026-03-29 09:02:31,Sadang Station,여유,Low,0,9,Sunday,3,1,0,0.0,0.0,0.0,0.0,0.0,Low,0.0
2026-03-29 14:56:38,Sadang Station,여유,Low,0,14,Sunday,3,1,1,0.0,0.0,0.0,0.0,0.0,Low,0.0
2026-03-29 17:04:15,Sadang Station,여유,Low,0,17,Sunday,3,1,1,0.0,0.0,0.0,0.0,0.0,Low,0.0
2026-03-29 19:00:14,Sadang Station,여유,Low,0,19,Sunday,3,1,1,0.0,0.0,0.0,0.0,0.0,Low,0.0
2026-03-29 20:44:50,Sadang Station,여유,Low,0,20,Sunday,3,1,0,0.0,0.0,0.0,0.0,0.0,Low,0.0
2026-03-29 23:04:27,Sadang Station,여유,Low,0,23,Sunday,3,1,0,0.0,0.0,0.0,0.0,0.0,Low,0.0
2026-03-30 00:49:50,Sadang Station,여유,Low,0,0,Monday,3,0,0,0.0,0.0,0.0,0.0,0.0,Low,0.0
2026-03-30 02:04:56,Sadang Station,여유,Low,0,2,Monday,3,0,0,0.0,0.0,0.0,0.0,0.0,Low,0.0
2026-03-30 03:03:45,Sadang Station,여유,Low,0,3,Monday,3,0,0,0.0,0.0,0.0,0.0,0.0,Low,0.0
2026-03-30 04:52:12,Sadang Station,여유,Low,0,4,Monday,3,0,0,0.0,0.0,0.0,0.0,0.0,Low,0.0
2026-03-30 06:03:01,Sadang Station,여유,Low,0,6,Monday,3,0,0,0.0,0.0,0.0,0.0,0.0,Low,0.0
2026-03-30 07:04:05,Sadang Station,여유,Low,0,7,Monday,3,0,0,0.0,0.0,0.0,0.0,0.0,Low,0.0
2026-03-30 08:50:59,Sadang Station,여유,Low,0,8,Monday,3,0,1,0.0,0.0,0.0,0.0,0.0,Low,0.0
2026-03-30 15:17:56,Sadang Station,여유,Low,0,15,Monday,3,0,1,0.0,0.0,0.0,0.0,0.0,Medium,1.0
2026-03-30 19:48:01,Sadang Station,보통,Medium,1,19,Monday,3,0,1,0.0,0.0,0.0,0.0,0.0,Low,0.0
2026-03-30 23:53:54,Sadang Station,여유,Low,0,23,Monday,3,0,0,1.0,0.0,0.0,0.3333333333333333,0.5773502691896258,Low,0.0
2026-03-31 03:09:42,Sadang Station,여유,Low,0,3,Tuesday,3,0,0,0.0,1.0,0.0,0.3333333333333333,0.5773502691896258,Low,0.0
2026-03-31 05:08:45,Sadang Station,여유,Low,0,5,Tuesday,3,0,0,0.0,0.0,1.0,0.3333333333333333,0.5773502691896258,Low,0.0
2026-03-31 07:07:01,Sadang Station,여유,Low,0,7,Tuesday,3,0,0,0.0,0.0,0.0,0.0,0.0,Low,0.0
2026-03-31 08:55:32,Sadang Station,여유,Low,0,8,Tuesday,3,0,1,0.0,0.0,0.0,0.0,0.0,Low,0.0
2026-03-31 14:59:56,Sadang Station,여유,Low,0,14,Tuesday,3,0,1,0.0,0.0,0.0,0.0,0.0,Low,0.0
2026-03-31 18:48:44,Sadang Station,여유,Low,0,18,Tuesday,3,0,1,0.0,0.0,0.0,0.0,0.0,Low,0.0
2026-03-31 21:06:04,Sadang Station,여유,Low,0,21,Tuesday,3,0,0,0.0,0.0,0.0,0.0,0.0,Low,0.0
2026-04-01 00:55:22,Sadang Station,여유,Low,0,0,Wednesday,4,0,0,0.0,0.0,0.0,0.0,0.0,Low,0.0
2026-04-01 04:41:06,Sadang Station,여유,Low,0,4,Wednesday,4,0,0,0.0,0.0,0.0,0.0,0.0,Low,0.0
2026-04-01 06:58:23,Sadang Station,여유,Low,0,6,Wednesday,4,0,0,0.0,0.0,0.0,0.0,0.0,Low,0.0
2026-04-01 08:53:17,Sadang Station,여유,Low,0,8,Wednesday,4,0,1,0.0,0.0,0.0,0.0,0.0,Low,0.0
2026-04-01 15:14:04,Sadang Station,여유,Low,0,15,Wednesday,4,0,1,0.0,0.0,0.0,0.0,0.0,Medium,1.0
2026-04-01 19:16:27,Sadang Station,보통,Medium,1,19,Wednesday,4,0,1,0.0,0.0,0.0,0.0,0.0,Low,0.0
2026-04-01 23:52:33,Sadang Station,여유,Low,0,23,Wednesday,4,0,0,1.0,0.0,0.0,0.3333333333333333,0.5773502691896258,Low,0.0
2026-04-02 02:39:53,Sadang Station,여유,Low,0,2,Thursday,4,0,0,0.0,1.0,0.0,0.3333333333333333,0.5773502691896258,Low,0.0
2026-04-02 05:07:00,Sadang Station,여유,Low,0,5,Thursday,4,0,0,0.0,0.0,1.0,0.3333333333333333,0.5773502691896258,Low,0.0
2026-04-02 07:05:21,Sadang Station,여유,Low,0,7,Thursday,4,0,0,0.0,0.0,0.0,0.0,0.0,Low,0.0
2026-04-02 08:52:46,Sadang Station,여유,Low,0,8,Thursday,4,0,1,0.0,0.0,0.0,0.0,0.0,Low,0.0
2026-04-02 14:51:17,Sadang Station,여유,Low,0,14,Thursday,4,0,1,0.0,0.0,0.0,0.0,0.0,Medium,1.0
2026-04-02 18:40:22,Sadang Station,보통,Medium,1,18,Thursday,4,0,1,0.0,0.0,0.0,0.0,0.0,Low,0.0
2026-04-02 21:04:03,Sadang Station,여유,Low,0,21,Thursday,4,0,0,1.0,0.0,0.0,0.3333333333333333,0.5773502691896258,Low,0.0
2026-04-03 00:40:34,Sadang Station,여유,Low,0,0,Friday,4,0,0,0.0,1.0,0.0,0.3333333333333333,0.5773502691896258,Low,0.0
2026-04-03 03:08:21,Sadang Station,여유,Low,0,3,Friday,4,0,0,0.0,0.0,1.0,0.3333333333333333,0.5773502691896258,Low,0.0
2026-04-03 05:02:45,Sadang Station,여유,Low,0,5,Friday,4,0,0,0.0,0.0,0.0,0.0,0.0,Low,0.0
2026-04-03 06:56:42,Sadang Station,여유,Low,0,6,Friday,4,0,0,0.0,0.0,0.0,0.0,0.0,Low,0.0
2026-04-03 08:52:59,Sadang Station,여유,Low,0,8,Friday,4,0,1,0.0,0.0,0.0,0.0,0.0,Low,0.0
2026-04-03 14:52:05,Sadang Station,여유,Low,0,14,Friday,4,0,1,0.0,0.0,0.0,0.0,0.0,Low,0.0
2026-04-03 17:36:28,Sadang Station,여유,Low,0,17,Friday,4,0,1,0.0,0.0,0.0,0.0,0.0,High,2.0
2026-04-03 20:07:35,Sadang Station,약간 붐빔,High,2,20,Friday,4,0,0,0.0,0.0,0.0,0.0,0.0,Medium,1.0
2026-04-03 23:09:03,Sadang Station,보통,Medium,1,23,Friday,4,0,0,2.0,0.0,0.0,0.6666666666666666,1.1547005383792517,Low,0.0
2026-04-04 01:04:40,Sadang Station,여유,Low,0,1,Saturday,4,1,0,1.0,2.0,0.0,1.0,1.0,Low,0.0
2026-04-04 02:56:19,Sadang Station,여유,Low,0,2,Saturday,4,1,0,0.0,1.0,2.0,1.0,1.0,Low,0.0
2026-04-04 04:57:12,Sadang Station,여유,Low,0,4,Saturday,4,1,0,0.0,0.0,1.0,0.3333333333333333,0.577350269189626,Low,0.0
2026-04-04 06:53:02,Sadang Station,여유,Low,0,6,Saturday,4,1,0,0.0,0.0,0.0,0.0,0.0,Low,0.0
2026-04-04 08:05:59,Sadang Station,여유,Low,0,8,Saturday,4,1,1,0.0,0.0,0.0,0.0,0.0,Low,0.0
2026-04-04 09:04:02,Sadang Station,여유,Low,0,9,Saturday,4,1,0,0.0,0.0,0.0,0.0,0.0,Low,0.0
2026-04-04 14:17:01,Sadang Station,여유,Low,0,14,Saturday,4,1,1,0.0,0.0,0.0,0.0,0.0,Low,0.0
2026-04-04 16:55:43,Sadang Station,여유,Low,0,16,Saturday,4,1,1,0.0,0.0,0.0,0.0,0.0,Medium,1.0
2026-04-04 19:01:17,Sadang Station,보통,Medium,1,19,Saturday,4,1,1,0.0,0.0,0.0,0.0,0.0,Medium,1.0
2026-04-04 20:44:31,Sadang Station,보통,Medium,1,20,Saturday,4,1,0,1.0,0.0,0.0,0.3333333333333333,0.5773502691896258,Low,0.0
2026-04-04 23:03:59,Sadang Station,여유,Low,0,23,Saturday,4,1,0,1.0,1.0,0.0,0.6666666666666666,0.5773502691896258,Low,0.0
2026-04-05 00:06:06,Sadang Station,여유,Low,0,0,Sunday,4,1,0,0.0,1.0,1.0,0.6666666666666666,0.5773502691896258,Low,0.0
2026-04-05 01:02:49,Sadang Station,여유,Low,0,1,Sunday,4,1,0,0.0,0.0,1.0,0.3333333333333333,0.5773502691896258,Low,0.0
2026-04-05 02:51:32,Sadang Station,여유,Low,0,2,Sunday,4,1,0,0.0,0.0,0.0,0.0,0.0,Low,0.0
2026-04-05 04:45:14,Sadang Station,여유,Low,0,4,Sunday,4,1,0,0.0,0.0,0.0,0.0,0.0,Low,0.0
2026-04-05 06:02:42,Sadang Station,여유,Low,0,6,Sunday,4,1,0,0.0,0.0,0.0,0.0,0.0,Low,0.0
2026-04-05 08:05:07,Sadang Station,여유,Low,0,8,Sunday,4,1,1,0.0,0.0,0.0,0.0,0.0,Low,0.0
2026-04-05 09:03:05,Sadang Station,여유,Low,0,9,Sunday,4,1,0,0.0,0.0,0.0,0.0,0.0,Low,0.0
2026-04-05 14:58:12,Sadang Station,여유,Low,0,14,Sunday,4,1,1,0.0,0.0,0.0,0.0,0.0,Low,0.0
2026-04-05 17:06:08,Sadang Station,여유,Low,0,17,Sunday,4,1,1,0.0,0.0,0.0,0.0,0.0,Low,0.0
2026-04-05 19:04:04,Sadang Station,여유,Low,0,19,Sunday,4,1,1,0.0,0.0,0.0,0.0,0.0,Low,0.0
2026-04-05 20:47:00,Sadang Station,여유,Low,0,20,Sunday,4,1,0,0.0,0.0,0.0,0.0,0.0,Low,0.0
2026-04-05 23:04:36,Sadang Station,여유,Low,0,23,Sunday,4,1,0,0.0,0.0,0.0,0.0,0.0,Low,0.0
2026-04-06 00:50:33,Sadang Station,여유,Low,0,0,Monday,4,0,0,0.0,0.0,0.0,0.0,0.0,Low,0.0
2026-04-06 02:19:17,Sadang Station,여유,Low,0,2,Monday,4,0,0,0.0,0.0,0.0,0.0,0.0,Low,0.0
2026-04-06 04:25:08,Sadang Station,여유,Low,0,4,Monday,4,0,0,0.0,0.0,0.0,0.0,0.0,Low,0.0
2026-04-06 06:02:16,Sadang Station,여유,Low,0,6,Monday,4,0,0,0.0,0.0,0.0,0.0,0.0,Low,0.0
2026-04-06 07:01:09,Sadang Station,여유,Low,0,7,Monday,4,0,0,0.0,0.0,0.0,0.0,0.0,Low,0.0
2026-04-06 08:52:49,Sadang Station,여유,Low,0,8,Monday,4,0,1,0.0,0.0,0.0,0.0,0.0,Low,0.0
2026-04-06 15:18:51,Sadang Station,여유,Low,0,15,Monday,4,0,1,0.0,0.0,0.0,0.0,0.0,Medium,1.0
2026-04-06 19:37:06,Sadang Station,보통,Medium,1,19,Monday,4,0,1,0.0,0.0,0.0,0.0,0.0,Low,0.0
2026-04-06 23:16:05,Sadang Station,여유,Low,0,23,Monday,4,0,0,1.0,0.0,0.0,0.3333333333333333,0.5773502691896258,Low,0.0
2026-04-07 02:11:51,Sadang Station,여유,Low,0,2,Tuesday,4,0,0,0.0,1.0,0.0,0.3333333333333333,0.5773502691896258,Low,0.0
2026-04-07 04:58:16,Sadang Station,여유,Low,0,4,Tuesday,4,0,0,0.0,0.0,1.0,0.3333333333333333,0.5773502691896258,Low,0.0
2026-04-07 06:55:02,Sadang Station,여유,Low,0,6,Tuesday,4,0,0,0.0,0.0,0.0,0.0,0.0,Low,0.0
2026-04-07 08:54:53,Sadang Station,여유,Low,0,8,Tuesday,4,0,1,0.0,0.0,0.0,0.0,0.0,Low,0.0
2026-04-07 15:06:54,Sadang Station,여유,Low,0,15,Tuesday,4,0,1,0.0,0.0,0.0,0.0,0.0,Medium,1.0
2026-04-07 18:55:14,Sadang Station,보통,Medium,1,18,Tuesday,4,0,1,0.0,0.0,0.0,0.0,0.0,Low,0.0
2026-04-07 21:11:18,Sadang Station,여유,Low,0,21,Tuesday,4,0,0,1.0,0.0,0.0,0.3333333333333333,0.5773502691896258,Low,0.0
2026-04-08 01:18:50,Sadang Station,여유,Low,0,1,Wednesday,4,0,0,0.0,1.0,0.0,0.3333333333333333,0.5773502691896258,Low,0.0
2026-04-08 04:46:22,Sadang Station,여유,Low,0,4,Wednesday,4,0,0,0.0,0.0,1.0,0.3333333333333333,0.5773502691896258,Low,0.0
2026-04-08 07:02:07,Sadang Station,여유,Low,0,7,Wednesday,4,0,0,0.0,0.0,0.0,0.0,0.0,Low,0.0
2026-04-08 09:01:07,Sadang Station,여유,Low,0,9,Wednesday,4,0,0,0.0,0.0,0.0,0.0,0.0,Low,0.0
2026-04-08 15:08:38,Sadang Station,여유,Low,0,15,Wednesday,4,0,1,0.0,0.0,0.0,0.0,0.0,Medium,1.0
2026-04-08 18:55:19,Sadang Station,보통,Medium,1,18,Wednesday,4,0,1,0.0,0.0,0.0,0.0,0.0,Low,0.0
2026-04-08 23:55:25,Sadang Station,여유,Low,0,23,Wednesday,4,0,0,1.0,0.0,0.0,0.3333333333333333,0.5773502691896258,Low,0.0
2026-04-09 04:48:26,Sadang Station,여유,Low,0,4,Thursday,4,0,0,0.0,1.0,0.0,0.3333333333333333,0.5773502691896258,Low,0.0
2026-04-09 07:05:41,Sadang Station,여유,Low,0,7,Thursday,4,0,0,0.0,0.0,1.0,0.3333333333333333,0.5773502691896258,Medium,1.0
2026-04-09 08:56:08,Sadang Station,보통,Medium,1,8,Thursday,4,0,1,0.0,0.0,0.0,0.0,0.0,Low,0.0
2026-04-09 15:09:07,Sadang Station,여유,Low,0,15,Thursday,4,0,1,1.0,0.0,0.0,0.3333333333333333,0.5773502691896258,Medium,1.0
2026-04-09 19:42:26,Sadang Station,보통,Medium,1,19,Thursday,4,0,1,0.0,1.0,0.0,0.3333333333333333,0.5773502691896258,Low,0.0
2026-04-10 01:07:10,Sadang Station,여유,Low,0,1,Friday,4,0,0,1.0,0.0,1.0,0.6666666666666666,0.5773502691896258,Low,0.0
2026-04-10 04:55:13,Sadang Station,여유,Low,0,4,Friday,4,0,0,0.0,1.0,0.0,0.3333333333333333,0.5773502691896257,Low,0.0
2026-04-10 07:09:00,Sadang Station,여유,Low,0,7,Friday,4,0,0,0.0,0.0,1.0,0.3333333333333333,0.5773502691896257,Low,0.0
2026-04-10 09:05:26,Sadang Station,여유,Low,0,9,Friday,4,0,0,0.0,0.0,0.0,0.0,0.0,Low,0.0
2026-04-10 15:22:10,Sadang Station,여유,Low,0,15,Friday,4,0,1,0.0,0.0,0.0,0.0,0.0,High,2.0
2026-04-10 19:17:43,Sadang Station,붐빔,High,2,19,Friday,4,0,1,0.0,0.0,0.0,0.0,0.0,Low,0.0
2026-04-10 23:32:51,Sadang Station,여유,Low,0,23,Friday,4,0,0,2.0,0.0,0.0,0.6666666666666666,1.1547005383792517,Low,0.0
2026-04-11 02:36:04,Sadang Station,여유,Low,0,2,Saturday,4,1,0,0.0,2.0,0.0,0.6666666666666666,1.1547005383792517,Low,0.0
2026-04-11 04:56:16,Sadang Station,여유,Low,0,4,Saturday,4,1,0,0.0,0.0,2.0,0.6666666666666666,1.1547005383792517,Low,0.0
2026-04-11 07:03:17,Sadang Station,여유,Low,0,7,Saturday,4,1,0,0.0,0.0,0.0,0.0,0.0,Low,0.0
2026-04-11 08:55:29,Sadang Station,여유,Low,0,8,Saturday,4,1,1,0.0,0.0,0.0,0.0,0.0,Low,0.0
2026-04-11 11:22:45,Sadang Station,여유,Low,0,11,Saturday,4,1,0,0.0,0.0,0.0,0.0,0.0,Low,0.0
2026-04-11 13:38:48,Sadang Station,여유,Low,0,13,Saturday,4,1,0,0.0,0.0,0.0,0.0,0.0,Low,0.0
2026-04-11 14:39:32,Sadang Station,여유,Low,0,14,Saturday,4,1,1,0.0,0.0,0.0,0.0,0.0,Low,0.0
2026-04-11 17:01:41,Sadang Station,여유,Low,0,17,Saturday,4,1,1,0.0,0.0,0.0,0.0,0.0,High,2.0
2026-04-11 19:05:25,Sadang Station,붐빔,High,2,19,Saturday,4,1,1,0.0,0.0,0.0,0.0,0.0,High,2.0
2026-04-11 20:46:52,Sadang Station,약간 붐빔,High,2,20,Saturday,4,1,0,2.0,0.0,0.0,0.6666666666666666,1.1547005383792517,Low,0.0
2026-04-11 23:06:08,Sadang Station,여유,Low,0,23,Saturday,4,1,0,2.0,2.0,0.0,1.3333333333333333,1.1547005383792517,Low,0.0
2026-04-12 00:50:44,Sadang Station,여유,Low,0,0,Sunday,4,1,0,0.0,2.0,2.0,1.3333333333333333,1.1547005383792517,Low,0.0
2026-04-12 02:21:04,Sadang Station,여유,Low,0,2,Sunday,4,1,0,0.0,0.0,2.0,0.6666666666666666,1.1547005383792517,Low,0.0
2026-04-12 04:26:11,Sadang Station,여유,Low,0,4,Sunday,4,1,0,0.0,0.0,0.0,0.0,0.0,Low,0.0
2026-04-12 06:02:57,Sadang Station,여유,Low,0,6,Sunday,4,1,0,0.0,0.0,0.0,0.0,0.0,Low,0.0
2026-04-12 07:02:05,Sadang Station,여유,Low,0,7,Sunday,4,1,0,0.0,0.0,0.0,0.0,0.0,Low,0.0
2026-04-12 08:54:27,Sadang Station,여유,Low,0,8,Sunday,4,1,1,0.0,0.0,0.0,0.0,0.0,Low,0.0
2026-04-12 15:13:14,Sadang Station,여유,Low,0,15,Sunday,4,1,1,0.0,0.0,0.0,0.0,0.0,Low,0.0
2026-04-12 18:08:53,Sadang Station,여유,Low,0,18,Sunday,4,1,1,0.0,0.0,0.0,0.0,0.0,Low,0.0
2026-04-12 20:22:20,Sadang Station,여유,Low,0,20,Sunday,4,1,0,0.0,0.0,0.0,0.0,0.0,Low,0.0
2026-04-12 23:06:34,Sadang Station,여유,Low,0,23,Sunday,4,1,0,0.0,0.0,0.0,0.0,0.0,Low,0.0
2026-04-13 00:55:35,Sadang Station,여유,Low,0,0,Monday,4,0,0,0.0,0.0,0.0,0.0,0.0,Low,0.0
2026-04-13 02:55:54,Sadang Station,여유,Low,0,2,Monday,4,0,0,0.0,0.0,0.0,0.0,0.0,Low,0.0
2026-04-13 04:56:18,Sadang Station,여유,Low,0,4,Monday,4,0,0,0.0,0.0,0.0,0.0,0.0,Low,0.0
2026-04-13 06:54:16,Sadang Station,여유,Low,0,6,Monday,4,0,0,0.0,0.0,0.0,0.0,0.0,Low,0.0
2026-04-13 08:56:43,Sadang Station,여유,Low,0,8,Monday,4,0,1,0.0,0.0,0.0,0.0,0.0,Low,0.0
2026-04-13 16:28:59,Sadang Station,여유,Low,0,16,Monday,4,0,1,0.0,0.0,0.0,0.0,0.0,Low,0.0
2026-04-13 20:57:40,Sadang Station,여유,Low,0,20,Monday,4,0,0,0.0,0.0,0.0,0.0,0.0,Low,0.0
2026-04-14 01:42:16,Sadang Station,여유,Low,0,1,Tuesday,4,0,0,0.0,0.0,0.0,0.0,0.0,Low,0.0
2026-04-14 05:14:27,Sadang Station,여유,Low,0,5,Tuesday,4,0,0,0.0,0.0,0.0,0.0,0.0,Low,0.0
2026-04-14 08:06:30,Sadang Station,여유,Low,0,8,Tuesday,4,0,1,0.0,0.0,0.0,0.0,0.0,Low,0.0
2026-04-14 15:13:59,Sadang Station,여유,Low,0,15,Tuesday,4,0,1,0.0,0.0,0.0,0.0,0.0,Medium,1.0
2026-04-14 19:48:54,Sadang Station,보통,Medium,1,19,Tuesday,4,0,1,0.0,0.0,0.0,0.0,0.0,Low,0.0
2026-04-15 00:51:10,Sadang Station,여유,Low,0,0,Wednesday,4,0,0,1.0,0.0,0.0,0.3333333333333333,0.5773502691896258,Low,0.0
2026-04-15 04:54:54,Sadang Station,여유,Low,0,4,Wednesday,4,0,0,0.0,1.0,0.0,0.3333333333333333,0.5773502691896258,Low,0.0
2026-04-15 07:34:06,Sadang Station,여유,Low,0,7,Wednesday,4,0,0,0.0,0.0,1.0,0.3333333333333333,0.5773502691896258,Low,0.0
2026-04-15 15:08:11,Sadang Station,여유,Low,0,15,Wednesday,4,0,1,0.0,0.0,0.0,0.0,0.0,Medium,1.0
2026-04-15 19:44:13,Sadang Station,보통,Medium,1,19,Wednesday,4,0,1,0.0,0.0,0.0,0.0,0.0,Low,0.0
2026-04-15 23:57:39,Sadang Station,여유,Low,0,23,Wednesday,4,0,0,1.0,0.0,0.0,0.3333333333333333,0.5773502691896258,Low,0.0
2026-04-16 03:55:57,Sadang Station,여유,Low,0,3,Thursday,4,0,0,0.0,1.0,0.0,0.3333333333333333,0.5773502691896258,Low,0.0
2026-04-16 07:06:12,Sadang Station,여유,Low,0,7,Thursday,4,0,0,0.0,0.0,1.0,0.3333333333333333,0.5773502691896258,Low,0.0
2026-04-16 14:53:41,Sadang Station,여유,Low,0,14,Thursday,4,0,1,0.0,0.0,0.0,0.0,0.0,Medium,1.0
2026-04-16 19:44:33,Sadang Station,보통,Medium,1,19,Thursday,4,0,1,0.0,0.0,0.0,0.0,0.0,Low,0.0
2026-04-17 01:11:07,Sadang Station,여유,Low,0,1,Friday,4,0,0,1.0,0.0,0.0,0.3333333333333333,0.5773502691896258,Low,0.0
2026-04-17 05:03:35,Sadang Station,여유,Low,0,5,Friday,4,0,0,0.0,1.0,0.0,0.3333333333333333,0.5773502691896258,Low,0.0
2026-04-17 07:10:29,Sadang Station,여유,Low,0,7,Friday,4,0,0,0.0,0.0,1.0,0.3333333333333333,0.5773502691896258,Low,0.0
2026-04-17 09:09:52,Sadang Station,여유,Low,0,9,Friday,4,0,0,0.0,0.0,0.0,0.0,0.0,Low,0.0
2026-04-17 15:26:30,Sadang Station,여유,Low,0,15,Friday,4,0,1,0.0,0.0,0.0,0.0,0.0,Low,0.0
2026-04-17 17:15:27,Sadang Station,여유,Low,0,17,Friday,4,0,1,0.0,0.0,0.0,0.0,0.0,Medium,1.0
2026-04-17 18:51:39,Sadang Station,보통,Medium,1,18,Friday,4,0,1,0.0,0.0,0.0,0.0,0.0,High,2.0
2026-04-17 19:47:40,Sadang Station,붐빔,High,2,19,Friday,4,0,1,1.0,0.0,0.0,0.3333333333333333,0.5773502691896258,High,2.0
2026-04-17 20:40:16,Sadang Station,약간 붐빔,High,2,20,Friday,4,0,0,2.0,1.0,0.0,1.0,1.0,High,2.0
2026-04-17 21:46:25,Sadang Station,약간 붐빔,High,2,21,Friday,4,0,0,2.0,2.0,1.0,1.6666666666666667,0.5773502691896257,Low,0.0
2026-04-17 23:14:02,Sadang Station,여유,Low,0,23,Friday,4,0,0,2.0,2.0,2.0,2.0,0.0,Low,0.0
2026-04-18 00:33:17,Sadang Station,여유,Low,0,0,Saturday,4,1,0,0.0,2.0,2.0,1.3333333333333333,1.1547005383792517,Low,0.0
2026-04-18 01:31:59,Sadang Station,여유,Low,0,1,Saturday,4,1,0,0.0,0.0,2.0,0.6666666666666666,1.1547005383792517,Low,0.0
2026-04-18 02:30:10,Sadang Station,여유,Low,0,2,Saturday,4,1,0,0.0,0.0,0.0,0.0,0.0,Low,0.0
2026-04-18 03:32:28,Sadang Station,여유,Low,0,3,Saturday,4,1,0,0.0,0.0,0.0,0.0,0.0,Low,0.0
2026-04-18 04:42:53,Sadang Station,여유,Low,0,4,Saturday,4,1,0,0.0,0.0,0.0,0.0,0.0,Low,0.0
2026-04-18 05:32:10,Sadang Station,여유,Low,0,5,Saturday,4,1,0,0.0,0.0,0.0,0.0,0.0,Low,0.0
2026-04-18 06:25:17,Sadang Station,여유,Low,0,6,Saturday,4,1,0,0.0,0.0,0.0,0.0,0.0,Low,0.0
2026-04-18 07:21:06,Sadang Station,여유,Low,0,7,Saturday,4,1,0,0.0,0.0,0.0,0.0,0.0,Low,0.0
2026-04-18 08:06:35,Sadang Station,여유,Low,0,8,Saturday,4,1,1,0.0,0.0,0.0,0.0,0.0,Low,0.0
2026-04-18 12:27:46,Sadang Station,여유,Low,0,12,Saturday,4,1,0,0.0,0.0,0.0,0.0,0.0,Low,0.0
2026-04-18 14:25:55,Sadang Station,여유,Low,0,14,Saturday,4,1,1,0.0,0.0,0.0,0.0,0.0,Low,0.0
2026-04-18 15:49:17,Sadang Station,여유,Low,0,15,Saturday,4,1,1,0.0,0.0,0.0,0.0,0.0,Low,0.0
2026-04-18 16:50:36,Sadang Station,여유,Low,0,16,Saturday,4,1,1,0.0,0.0,0.0,0.0,0.0,Medium,1.0
2026-04-18 17:35:46,Sadang Station,보통,Medium,1,17,Saturday,4,1,1,0.0,0.0,0.0,0.0,0.0,Medium,1.0
2026-04-18 18:32:26,Sadang Station,보통,Medium,1,18,Saturday,4,1,1,1.0,0.0,0.0,0.3333333333333333,0.5773502691896258,High,2.0
2026-04-18 19:24:33,Sadang Station,약간 붐빔,High,2,19,Saturday,4,1,1,1.0,1.0,0.0,0.6666666666666666,0.5773502691896258,High,2.0
2026-04-18 20:20:26,Sadang Station,약간 붐빔,High,2,20,Saturday,4,1,0,2.0,1.0,1.0,1.3333333333333333,0.5773502691896258,Low,0.0
2026-04-18 22:24:29,Sadang Station,여유,Low,0,22,Saturday,4,1,0,2.0,2.0,1.0,1.6666666666666667,0.5773502691896258,Low,0.0
2026-04-18 23:23:12,Sadang Station,여유,Low,0,23,Saturday,4,1,0,0.0,2.0,2.0,1.3333333333333333,1.1547005383792517,Low,0.0
2026-04-19 00:04:46,Sadang Station,여유,Low,0,0,Sunday,4,1,0,0.0,0.0,2.0,0.6666666666666666,1.1547005383792517,Low,0.0
2026-04-19 01:29:59,Sadang Station,여유,Low,0,1,Sunday,4,1,0,0.0,0.0,0.0,0.0,0.0,Low,0.0
2026-04-19 02:19:37,Sadang Station,여유,Low,0,2,Sunday,4,1,0,0.0,0.0,0.0,0.0,0.0,Low,0.0
2026-04-19 04:07:21,Sadang Station,여유,Low,0,4,Sunday,4,1,0,0.0,0.0,0.0,0.0,0.0,Low,0.0
2026-04-19 05:28:02,Sadang Station,여유,Low,0,5,Sunday,4,1,0,0.0,0.0,0.0,0.0,0.0,Low,0.0
2026-04-19 06:05:51,Sadang Station,여유,Low,0,6,Sunday,4,1,0,0.0,0.0,0.0,0.0,0.0,Low,0.0
2026-04-19 07:20:01,Sadang Station,여유,Low,0,7,Sunday,4,1,0,0.0,0.0,0.0,0.0,0.0,Low,0.0
2026-04-19 08:49:57,Sadang Station,여유,Low,0,8,Sunday,4,1,1,0.0,0.0,0.0,0.0,0.0,Low,0.0
2026-04-19 10:14:15,Sadang Station,여유,Low,0,10,Sunday,4,1,0,0.0,0.0,0.0,0.0,0.0,Low,0.0
2026-04-19 13:26:47,Sadang Station,여유,Low,0,13,Sunday,4,1,0,0.0,0.0,0.0,0.0,0.0,Low,0.0
2026-04-19 15:17:42,Sadang Station,여유,Low,0,15,Sunday,4,1,1,0.0,0.0,0.0,0.0,0.0,Low,0.0
2026-04-19 16:51:13,Sadang Station,여유,Low,0,16,Sunday,4,1,1,0.0,0.0,0.0,0.0,0.0,Low,0.0
2026-04-19 17:42:21,Sadang Station,여유,Low,0,17,Sunday,4,1,1,0.0,0.0,0.0,0.0,0.0,Low,0.0
2026-04-19 18:35:44,Sadang Station,여유,Low,0,18,Sunday,4,1,1,0.0,0.0,0.0,0.0,0.0,Low,0.0
2026-04-19 19:23:15,Sadang Station,여유,Low,0,19,Sunday,4,1,1,0.0,0.0,0.0,0.0,0.0,Low,0.0
2026-04-19 20:06:25,Sadang Station,여유,Low,0,20,Sunday,4,1,0,0.0,0.0,0.0,0.0,0.0,Low,0.0
2026-04-19 21:30:01,Sadang Station,여유,Low,0,21,Sunday,4,1,0,0.0,0.0,0.0,0.0,0.0,Low,0.0
2026-04-19 22:45:05,Sadang Station,여유,Low,0,22,Sunday,4,1,0,0.0,0.0,0.0,0.0,0.0,Low,0.0
2026-04-19 23:31:00,Sadang Station,여유,Low,0,23,Sunday,4,1,0,0.0,0.0,0.0,0.0,0.0,Low,0.0
2026-04-20 00:22:22,Sadang Station,여유,Low,0,0,Monday,4,0,0,0.0,0.0,0.0,0.0,0.0,Low,0.0
2026-04-20 01:56:34,Sadang Station,여유,Low,0,1,Monday,4,0,0,0.0,0.0,0.0,0.0,0.0,Low,0.0
2026-04-20 02:51:08,Sadang Station,여유,Low,0,2,Monday,4,0,0,0.0,0.0,0.0,0.0,0.0,Low,0.0
2026-04-20 03:33:09,Sadang Station,여유,Low,0,3,Monday,4,0,0,0.0,0.0,0.0,0.0,0.0,Low,0.0
2026-04-20 04:28:33,Sadang Station,여유,Low,0,4,Monday,4,0,0,0.0,0.0,0.0,0.0,0.0,Low,0.0
2026-04-20 05:05:04,Sadang Station,여유,Low,0,5,Monday,4,0,0,0.0,0.0,0.0,0.0,0.0,Low,0.0
2026-04-20 06:28:42,Sadang Station,여유,Low,0,6,Monday,4,0,0,0.0,0.0,0.0,0.0,0.0,Low,0.0
2026-04-20 07:04:04,Sadang Station,여유,Low,0,7,Monday,4,0,0,0.0,0.0,0.0,0.0,0.0,Low,0.0
2026-04-20 08:32:54,Sadang Station,여유,Low,0,8,Monday,4,0,1,0.0,0.0,0.0,0.0,0.0,Low,0.0
2026-04-20 09:06:15,Sadang Station,여유,Low,0,9,Monday,4,0,0,0.0,0.0,0.0,0.0,0.0,Low,0.0
2026-04-20 12:50:37,Sadang Station,여유,Low,0,12,Monday,4,0,0,0.0,0.0,0.0,0.0,0.0,Low,0.0
2026-04-20 15:07:55,Sadang Station,여유,Low,0,15,Monday,4,0,1,0.0,0.0,0.0,0.0,0.0,Low,0.0
2026-04-20 17:27:14,Sadang Station,여유,Low,0,17,Monday,4,0,1,0.0,0.0,0.0,0.0,0.0,Medium,1.0
2026-04-20 19:21:45,Sadang Station,보통,Medium,1,19,Monday,4,0,1,0.0,0.0,0.0,0.0,0.0,Low,0.0
2026-04-20 20:49:44,Sadang Station,여유,Low,0,20,Monday,4,0,0,1.0,0.0,0.0,0.3333333333333333,0.5773502691896258,Low,0.0
2026-04-20 21:56:59,Sadang Station,여유,Low,0,21,Monday,4,0,0,0.0,1.0,0.0,0.3333333333333333,0.5773502691896258,Low,0.0
2026-04-20 23:57:47,Sadang Station,여유,Low,0,23,Monday,4,0,0,0.0,0.0,1.0,0.3333333333333333,0.5773502691896258,Low,0.0
2026-04-21 01:20:31,Sadang Station,여유,Low,0,1,Tuesday,4,0,0,0.0,0.0,0.0,0.0,0.0,Low,0.0
2026-04-21 02:33:49,Sadang Station,여유,Low,0,2,Tuesday,4,0,0,0.0,0.0,0.0,0.0,0.0,Low,0.0
2026-04-21 03:39:34,Sadang Station,여유,Low,0,3,Tuesday,4,0,0,0.0,0.0,0.0,0.0,0.0,Low,0.0
2026-04-21 04:50:50,Sadang Station,여유,Low,0,4,Tuesday,4,0,0,0.0,0.0,0.0,0.0,0.0,Low,0.0
2026-04-21 05:35:16,Sadang Station,여유,Low,0,5,Tuesday,4,0,0,0.0,0.0,0.0,0.0,0.0,Low,0.0
2026-04-21 06:30:31,Sadang Station,여유,Low,0,6,Tuesday,4,0,0,0.0,0.0,0.0,0.0,0.0,Low,0.0
2026-04-21 07:27:22,Sadang Station,여유,Low,0,7,Tuesday,4,0,0,0.0,0.0,0.0,0.0,0.0,Low,0.0
2026-04-21 08:25:50,Sadang Station,여유,Low,0,8,Tuesday,4,0,1,0.0,0.0,0.0,0.0,0.0,Low,0.0
2026-04-21 10:08:49,Sadang Station,여유,Low,0,10,Tuesday,4,0,0,0.0,0.0,0.0,0.0,0.0,Low,0.0
2026-04-21 13:23:30,Sadang Station,여유,Low,0,13,Tuesday,4,0,0,0.0,0.0,0.0,0.0,0.0,Low,0.0
2026-04-21 15:19:34,Sadang Station,여유,Low,0,15,Tuesday,4,0,1,0.0,0.0,0.0,0.0,0.0,Low,0.0
2026-04-21 17:13:41,Sadang Station,여유,Low,0,17,Tuesday,4,0,1,0.0,0.0,0.0,0.0,0.0,Medium,1.0
2026-04-21 18:55:31,Sadang Station,보통,Medium,1,18,Tuesday,4,0,1,0.0,0.0,0.0,0.0,0.0,Medium,1.0
2026-04-21 20:21:54,Sadang Station,보통,Medium,1,20,Tuesday,4,0,0,1.0,0.0,0.0,0.3333333333333333,0.5773502691896258,Low,0.0
2026-04-21 21:12:48,Sadang Station,여유,Low,0,21,Tuesday,4,0,0,1.0,1.0,0.0,0.6666666666666666,0.5773502691896258,Low,0.0
2026-04-21 23:12:46,Sadang Station,여유,Low,0,23,Tuesday,4,0,0,0.0,1.0,1.0,0.6666666666666666,0.5773502691896258,Low,0.0
2026-04-22 00:48:01,Sadang Station,여유,Low,0,0,Wednesday,4,0,0,0.0,0.0,1.0,0.3333333333333333,0.5773502691896258,Low,0.0
2026-04-22 01:45:08,Sadang Station,여유,Low,0,1,Wednesday,4,0,0,0.0,0.0,0.0,0.0,0.0,Low,0.0
2026-04-22 02:47:18,Sadang Station,여유,Low,0,2,Wednesday,4,0,0,0.0,0.0,0.0,0.0,0.0,Low,0.0
2026-04-22 03:51:02,Sadang Station,여유,Low,0,3,Wednesday,4,0,0,0.0,0.0,0.0,0.0,0.0,Low,0.0
2026-04-22 04:59:10,Sadang Station,여유,Low,0,4,Wednesday,4,0,0,0.0,0.0,0.0,0.0,0.0,Low,0.0
2026-04-22 06:03:02,Sadang Station,여유,Low,0,6,Wednesday,4,0,0,0.0,0.0,0.0,0.0,0.0,Low,0.0
2026-04-22 07:56:26,Sadang Station,여유,Low,0,7,Wednesday,4,0,0,0.0,0.0,0.0,0.0,0.0,Low,0.0
2026-04-22 08:50:05,Sadang Station,여유,Low,0,8,Wednesday,4,0,1,0.0,0.0,0.0,0.0,0.0,Low,0.0
2026-04-22 10:10:21,Sadang Station,여유,Low,0,10,Wednesday,4,0,0,0.0,0.0,0.0,0.0,0.0,Low,0.0
2026-04-22 13:21:55,Sadang Station,여유,Low,0,13,Wednesday,4,0,0,0.0,0.0,0.0,0.0,0.0,Low,0.0
2026-04-22 15:17:58,Sadang Station,여유,Low,0,15,Wednesday,4,0,1,0.0,0.0,0.0,0.0,0.0,Low,0.0
2026-04-22 17:12:37,Sadang Station,여유,Low,0,17,Wednesday,4,0,1,0.0,0.0,0.0,0.0,0.0,Medium,1.0
2026-04-22 18:57:10,Sadang Station,보통,Medium,1,18,Wednesday,4,0,1,0.0,0.0,0.0,0.0,0.0,Medium,1.0
2026-04-22 20:19:57,Sadang Station,보통,Medium,1,20,Wednesday,4,0,0,1.0,0.0,0.0,0.3333333333333333,0.5773502691896258,Low,0.0
2026-04-22 21:12:06,Sadang Station,여유,Low,0,21,Wednesday,4,0,0,1.0,1.0,0.0,0.6666666666666666,0.5773502691896258,Low,0.0
2026-04-22 23:13:49,Sadang Station,여유,Low,0,23,Wednesday,4,0,0,0.0,1.0,1.0,0.6666666666666666,0.5773502691896258,Low,0.0
2026-04-23 00:46:20,Sadang Station,여유,Low,0,0,Thursday,4,0,0,0.0,0.0,1.0,0.3333333333333333,0.5773502691896258,Low,0.0
2026-04-23 01:46:17,Sadang Station,여유,Low,0,1,Thursday,4,0,0,0.0,0.0,0.0,0.0,0.0,Low,0.0
2026-04-23 02:47:42,Sadang Station,여유,Low,0,2,Thursday,4,0,0,0.0,0.0,0.0,0.0,0.0,Low,0.0
2026-04-23 03:53:20,Sadang Station,여유,Low,0,3,Thursday,4,0,0,0.0,0.0,0.0,0.0,0.0,Low,0.0
2026-04-23 05:03:00,Sadang Station,여유,Low,0,5,Thursday,4,0,0,0.0,0.0,0.0,0.0,0.0,Low,0.0
2026-04-23 06:08:27,Sadang Station,여유,Low,0,6,Thursday,4,0,0,0.0,0.0,0.0,0.0,0.0,Low,0.0
2026-04-23 07:04:17,Sadang Station,여유,Low,0,7,Thursday,4,0,0,0.0,0.0,0.0,0.0,0.0,Low,0.0
2026-04-23 08:02:49,Sadang Station,여유,Low,0,8,Thursday,4,0,1,0.0,0.0,0.0,0.0,0.0,Low,0.0
2026-04-23 12:43:30,Sadang Station,여유,Low,0,12,Thursday,4,0,0,0.0,0.0,0.0,0.0,0.0,Low,0.0
2026-04-23 14:57:37,Sadang Station,여유,Low,0,14,Thursday,4,0,1,0.0,0.0,0.0,0.0,0.0,Low,0.0
2026-04-23 17:09:08,Sadang Station,여유,Low,0,17,Thursday,4,0,1,0.0,0.0,0.0,0.0,0.0,Medium,1.0
2026-04-23 19:00:45,Sadang Station,보통,Medium,1,19,Thursday,4,0,1,0.0,0.0,0.0,0.0,0.0,Medium,1.0
2026-04-23 20:21:39,Sadang Station,보통,Medium,1,20,Thursday,4,0,0,1.0,0.0,0.0,0.3333333333333333,0.5773502691896258,Medium,1.0
2026-04-23 21:13:23,Sadang Station,보통,Medium,1,21,Thursday,4,0,0,1.0,1.0,0.0,0.6666666666666666,0.5773502691896258,Low,0.0
2026-04-23 23:17:04,Sadang Station,여유,Low,0,23,Thursday,4,0,0,1.0,1.0,1.0,1.0,0.0,Low,0.0
2026-04-24 02:51:50,Sadang Station,여유,Low,0,2,Friday,4,0,0,0.0,1.0,1.0,0.6666666666666666,0.5773502691896258,Low,0.0
2026-04-24 03:57:00,Sadang Station,여유,Low,0,3,Friday,4,0,0,0.0,0.0,1.0,0.3333333333333333,0.5773502691896258,Low,0.0
2026-04-24 05:11:42,Sadang Station,여유,Low,0,5,Friday,4,0,0,0.0,0.0,0.0,0.0,0.0,Low,0.0
2026-04-24 06:11:40,Sadang Station,여유,Low,0,6,Friday,4,0,0,0.0,0.0,0.0,0.0,0.0,Low,0.0
2026-04-24 07:05:29,Sadang Station,여유,Low,0,7,Friday,4,0,0,0.0,0.0,0.0,0.0,0.0,Low,0.0
2026-04-24 08:04:00,Sadang Station,여유,Low,0,8,Friday,4,0,1,0.0,0.0,0.0,0.0,0.0,Low,0.0
2026-04-24 12:46:55,Sadang Station,여유,Low,0,12,Friday,4,0,0,0.0,0.0,0.0,0.0,0.0,Low,0.0
2026-04-24 15:00:58,Sadang Station,여유,Low,0,15,Friday,4,0,1,0.0,0.0,0.0,0.0,0.0,Low,0.0
2026-04-24 17:20:33,Sadang Station,여유,Low,0,17,Friday,4,0,1,0.0,0.0,0.0,0.0,0.0,High,2.0
2026-04-24 18:58:58,Sadang Station,붐빔,High,2,18,Friday,4,0,1,0.0,0.0,0.0,0.0,0.0,High,2.0
2026-04-24 20:20:49,Sadang Station,붐빔,High,2,20,Friday,4,0,0,2.0,0.0,0.0,0.6666666666666666,1.1547005383792517,High,2.0
2026-04-24 21:12:00,Sadang Station,붐빔,High,2,21,Friday,4,0,0,2.0,2.0,0.0,1.3333333333333333,1.1547005383792517,Medium,1.0
2026-04-24 23:12:14,Sadang Station,보통,Medium,1,23,Friday,4,0,0,2.0,2.0,2.0,2.0,0.0,Low,0.0
2026-04-25 00:43:11,Sadang Station,여유,Low,0,0,Saturday,4,1,0,1.0,2.0,2.0,1.6666666666666667,0.5773502691896258,Low,0.0
2026-04-25 01:42:27,Sadang Station,여유,Low,0,1,Saturday,4,1,0,0.0,1.0,2.0,1.0,1.0,Low,0.0
2026-04-25 02:41:14,Sadang Station,여유,Low,0,2,Saturday,4,1,0,0.0,0.0,1.0,0.3333333333333333,0.5773502691896258,Low,0.0
2026-04-25 03:33:14,Sadang Station,여유,Low,0,3,Saturday,4,1,0,0.0,0.0,0.0,0.0,0.0,Low,0.0
2026-04-25 04:36:20,Sadang Station,여유,Low,0,4,Saturday,4,1,0,0.0,0.0,0.0,0.0,0.0,Low,0.0
2026-04-25 05:28:09,Sadang Station,여유,Low,0,5,Saturday,4,1,0,0.0,0.0,0.0,0.0,0.0,Low,0.0
2026-04-25 06:30:45,Sadang Station,여유,Low,0,6,Saturday,4,1,0,0.0,0.0,0.0,0.0,0.0,Low,0.0
2026-04-25 07:26:12,Sadang Station,여유,Low,0,7,Saturday,4,1,0,0.0,0.0,0.0,0.0,0.0,Low,0.0
2026-04-25 08:23:21,Sadang Station,여유,Low,0,8,Saturday,4,1,1,0.0,0.0,0.0,0.0,0.0,Low,0.0
2026-04-25 09:02:54,Sadang Station,여유,Low,0,9,Saturday,4,1,0,0.0,0.0,0.0,0.0,0.0,Low,0.0
2026-04-25 12:29:57,Sadang Station,여유,Low,0,12,Saturday,4,1,0,0.0,0.0,0.0,0.0,0.0,Low,0.0
2026-04-25 14:31:09,Sadang Station,여유,Low,0,14,Saturday,4,1,1,0.0,0.0,0.0,0.0,0.0,Low,0.0
2026-04-25 15:55:11,Sadang Station,여유,Low,0,15,Saturday,4,1,1,0.0,0.0,0.0,0.0,0.0,Low,0.0
2026-04-25 17:10:51,Sadang Station,여유,Low,0,17,Saturday,4,1,1,0.0,0.0,0.0,0.0,0.0,Medium,1.0
2026-04-25 18:14:18,Sadang Station,보통,Medium,1,18,Saturday,4,1,1,0.0,0.0,0.0,0.0,0.0,High,2.0
2026-04-25 19:10:24,Sadang Station,약간 붐빔,High,2,19,Saturday,4,1,1,1.0,0.0,0.0,0.3333333333333333,0.5773502691896258,High,2.0
2026-04-25 20:08:07,Sadang Station,약간 붐빔,High,2,20,Saturday,4,1,0,2.0,1.0,0.0,1.0,1.0,Medium,1.0
2026-04-25 22:37:39,Sadang Station,보통,Medium,1,22,Saturday,4,1,0,2.0,2.0,1.0,1.6666666666666667,0.5773502691896257,Low,0.0
2026-04-25 23:27:36,Sadang Station,여유,Low,0,23,Saturday,4,1,0,1.0,2.0,2.0,1.6666666666666667,0.5773502691896258,Low,0.0
2026-04-26 00:24:27,Sadang Station,여유,Low,0,0,Sunday,4,1,0,0.0,1.0,2.0,1.0,1.0,Low,0.0
2026-04-26 01:09:00,Sadang Station,여유,Low,0,1,Sunday,4,1,0,0.0,0.0,1.0,0.3333333333333333,0.5773502691896258,Low,0.0
2026-04-26 02:05:06,Sadang Station,여유,Low,0,2,Sunday,4,1,0,0.0,0.0,0.0,0.0,0.0,Low,0.0
2026-04-26 04:08:56,Sadang Station,여유,Low,0,4,Sunday,4,1,0,0.0,0.0,0.0,0.0,0.0,Low,0.0
2026-04-26 05:54:05,Sadang Station,여유,Low,0,5,Sunday,4,1,0,0.0,0.0,0.0,0.0,0.0,Low,0.0
2026-04-26 06:50:53,Sadang Station,여유,Low,0,6,Sunday,4,1,0,0.0,0.0,0.0,0.0,0.0,Low,0.0
2026-04-26 07:24:38,Sadang Station,여유,Low,0,7,Sunday,4,1,0,0.0,0.0,0.0,0.0,0.0,Low,0.0
2026-04-26 08:20:58,Sadang Station,여유,Low,0,8,Sunday,4,1,1,0.0,0.0,0.0,0.0,0.0,Low,0.0
2026-04-26 12:52:55,Sadang Station,여유,Low,0,12,Sunday,4,1,0,0.0,0.0,0.0,0.0,0.0,Low,0.0
2026-04-26 15:03:48,Sadang Station,여유,Low,0,15,Sunday,4,1,1,0.0,0.0,0.0,0.0,0.0,Low,0.0
2026-04-26 16:53:05,Sadang Station,여유,Low,0,16,Sunday,4,1,1,0.0,0.0,0.0,0.0,0.0,Low,0.0
2026-04-26 17:54:58,Sadang Station,여유,Low,0,17,Sunday,4,1,1,0.0,0.0,0.0,0.0,0.0,Low,0.0
2026-04-26 19:04:36,Sadang Station,여유,Low,0,19,Sunday,4,1,1,0.0,0.0,0.0,0.0,0.0,Low,0.0
2026-04-26 20:00:34,Sadang Station,여유,Low,0,20,Sunday,4,1,0,0.0,0.0,0.0,0.0,0.0,Low,0.0
2026-04-26 21:48:39,Sadang Station,여유,Low,0,21,Sunday,4,1,0,0.0,0.0,0.0,0.0,0.0,Low,0.0
2026-04-26 22:56:47,Sadang Station,여유,Low,0,22,Sunday,4,1,0,0.0,0.0,0.0,0.0,0.0,Low,0.0
2026-04-26 23:59:17,Sadang Station,여유,Low,0,23,Sunday,4,1,0,0.0,0.0,0.0,0.0,0.0,Low,0.0
2026-04-27 00:54:41,Sadang Station,여유,Low,0,0,Monday,4,0,0,0.0,0.0,0.0,0.0,0.0,Low,0.0
2026-04-27 01:59:41,Sadang Station,여유,Low,0,1,Monday,4,0,0,0.0,0.0,0.0,0.0,0.0,Low,0.0
2026-04-27 02:55:28,Sadang Station,여유,Low,0,2,Monday,4,0,0,0.0,0.0,0.0,0.0,0.0,Low,0.0
2026-04-27 04:11:27,Sadang Station,여유,Low,0,4,Monday,4,0,0,0.0,0.0,0.0,0.0,0.0,Low,0.0
2026-04-27 05:00:04,Sadang Station,여유,Low,0,5,Monday,4,0,0,0.0,0.0,0.0,0.0,0.0,Low,0.0
2026-04-27 06:52:28,Sadang Station,여유,Low,0,6,Monday,4,0,0,0.0,0.0,0.0,0.0,0.0,Low,0.0
2026-04-27 07:31:23,Sadang Station,여유,Low,0,7,Monday,4,0,0,0.0,0.0,0.0,0.0,0.0,Low,0.0
2026-04-27 08:22:50,Sadang Station,여유,Low,0,8,Monday,4,0,1,0.0,0.0,0.0,0.0,0.0,Medium,1.0
2026-04-27 09:02:48,Sadang Station,보통,Medium,1,9,Monday,4,0,0,0.0,0.0,0.0,0.0,0.0,Low,0.0
2026-04-27 12:57:05,Sadang Station,여유,Low,0,12,Monday,4,0,0,1.0,0.0,0.0,0.3333333333333333,0.5773502691896258,Low,0.0
2026-04-27 15:40:07,Sadang Station,여유,Low,0,15,Monday,4,0,1,0.0,1.0,0.0,0.3333333333333333,0.5773502691896258,Low,0.0
2026-04-27 18:11:19,Sadang Station,여유,Low,0,18,Monday,4,0,1,0.0,0.0,1.0,0.3333333333333333,0.5773502691896258,Medium,1.0
2026-04-27 20:20:42,Sadang Station,보통,Medium,1,20,Monday,4,0,0,0.0,0.0,0.0,0.0,0.0,Low,0.0
2026-04-27 21:57:55,Sadang Station,여유,Low,0,21,Monday,4,0,0,1.0,0.0,0.0,0.3333333333333333,0.5773502691896258,Low,0.0
2026-04-28 00:16:57,Sadang Station,여유,Low,0,0,Tuesday,4,0,0,0.0,1.0,0.0,0.3333333333333333,0.5773502691896258,Low,0.0
2026-04-28 02:00:02,Sadang Station,여유,Low,0,2,Tuesday,4,0,0,0.0,0.0,1.0,0.3333333333333333,0.5773502691896258,Low,0.0
2026-04-28 03:18:10,Sadang Station,여유,Low,0,3,Tuesday,4,0,0,0.0,0.0,0.0,0.0,0.0,Low,0.0
2026-04-28 04:52:10,Sadang Station,여유,Low,0,4,Tuesday,4,0,0,0.0,0.0,0.0,0.0,0.0,Low,0.0
2026-04-28 05:54:35,Sadang Station,여유,Low,0,5,Tuesday,4,0,0,0.0,0.0,0.0,0.0,0.0,Low,0.0
2026-04-28 07:05:02,Sadang Station,여유,Low,0,7,Tuesday,4,0,0,0.0,0.0,0.0,0.0,0.0,Low,0.0
2026-04-28 08:08:14,Sadang Station,여유,Low,0,8,Tuesday,4,0,1,0.0,0.0,0.0,0.0,0.0,Low,0.0
2026-04-28 09:05:45,Sadang Station,여유,Low,0,9,Tuesday,4,0,0,0.0,0.0,0.0,0.0,0.0,Low,0.0
2026-04-28 13:03:17,Sadang Station,여유,Low,0,13,Tuesday,4,0,0,0.0,0.0,0.0,0.0,0.0,Low,0.0
2026-04-28 15:41:37,Sadang Station,여유,Low,0,15,Tuesday,4,0,1,0.0,0.0,0.0,0.0,0.0,Low,0.0
2026-04-28 18:12:50,Sadang Station,여유,Low,0,18,Tuesday,4,0,1,0.0,0.0,0.0,0.0,0.0,Medium,1.0
2026-04-28 20:20:21,Sadang Station,보통,Medium,1,20,Tuesday,4,0,0,0.0,0.0,0.0,0.0,0.0,Low,0.0
2026-04-28 22:04:30,Sadang Station,여유,Low,0,22,Tuesday,4,0,0,1.0,0.0,0.0,0.3333333333333333,0.5773502691896258,Low,0.0
2026-04-29 00:35:39,Sadang Station,여유,Low,0,0,Wednesday,4,0,0,0.0,1.0,0.0,0.3333333333333333,0.5773502691896258,Low,0.0
2026-04-29 02:16:27,Sadang Station,여유,Low,0,2,Wednesday,4,0,0,0.0,0.0,1.0,0.3333333333333333,0.5773502691896258,Low,0.0
2026-04-29 03:57:59,Sadang Station,여유,Low,0,3,Wednesday,4,0,0,0.0,0.0,0.0,0.0,0.0,Low,0.0
2026-04-29 05:38:22,Sadang Station,여유,Low,0,5,Wednesday,4,0,0,0.0,0.0,0.0,0.0,0.0,Low,0.0
2026-04-29 06:42:32,Sadang Station,여유,Low,0,6,Wednesday,4,0,0,0.0,0.0,0.0,0.0,0.0,Low,0.0
2026-04-29 07:42:59,Sadang Station,여유,Low,0,7,Wednesday,4,0,0,0.0,0.0,0.0,0.0,0.0,Low,0.0
2026-04-29 08:42:03,Sadang Station,여유,Low,0,8,Wednesday,4,0,1,0.0,0.0,0.0,0.0,0.0,Low,0.0
2026-04-29 10:27:40,Sadang Station,여유,Low,0,10,Wednesday,4,0,0,0.0,0.0,0.0,0.0,0.0,Low,0.0
2026-04-29 13:59:44,Sadang Station,여유,Low,0,13,Wednesday,4,0,0,0.0,0.0,0.0,0.0,0.0,Low,0.0
2026-04-29 16:33:53,Sadang Station,여유,Low,0,16,Wednesday,4,0,1,0.0,0.0,0.0,0.0,0.0,Medium,1.0
2026-04-29 18:36:59,Sadang Station,보통,Medium,1,18,Wednesday,4,0,1,0.0,0.0,0.0,0.0,0.0,Medium,1.0
2026-04-29 20:18:28,Sadang Station,보통,Medium,1,20,Wednesday,4,0,0,1.0,0.0,0.0,0.3333333333333333,0.5773502691896258,Low,0.0
2026-04-29 22:00:25,Sadang Station,여유,Low,0,22,Wednesday,4,0,0,1.0,1.0,0.0,0.6666666666666666,0.5773502691896258,Low,0.0
2026-04-30 00:25:21,Sadang Station,여유,Low,0,0,Thursday,4,0,0,0.0,1.0,1.0,0.6666666666666666,0.5773502691896258,Low,0.0
2026-04-30 02:09:26,Sadang Station,여유,Low,0,2,Thursday,4,0,0,0.0,0.0,1.0,0.3333333333333333,0.5773502691896258,Low,0.0
2026-04-30 03:52:57,Sadang Station,여유,Low,0,3,Thursday,4,0,0,0.0,0.0,0.0,0.0,0.0,Low,0.0
2026-04-30 05:08:17,Sadang Station,여유,Low,0,5,Thursday,4,0,0,0.0,0.0,0.0,0.0,0.0,Low,0.0
2026-04-30 06:18:17,Sadang Station,여유,Low,0,6,Thursday,4,0,0,0.0,0.0,0.0,0.0,0.0,Low,0.0
2026-04-30 07:15:19,Sadang Station,여유,Low,0,7,Thursday,4,0,0,0.0,0.0,0.0,0.0,0.0,Low,0.0
2026-04-30 08:15:22,Sadang Station,여유,Low,0,8,Thursday,4,0,1,0.0,0.0,0.0,0.0,0.0,Low,0.0
2026-04-30 09:12:29,Sadang Station,여유,Low,0,9,Thursday,4,0,0,0.0,0.0,0.0,0.0,0.0,Low,0.0
2026-04-30 13:09:18,Sadang Station,여유,Low,0,13,Thursday,4,0,0,0.0,0.0,0.0,0.0,0.0,Low,0.0
2026-04-30 15:44:40,Sadang Station,여유,Low,0,15,Thursday,4,0,1,0.0,0.0,0.0,0.0,0.0,Medium,1.0
2026-04-30 18:06:44,Sadang Station,보통,Medium,1,18,Thursday,4,0,1,0.0,0.0,0.0,0.0,0.0,High,2.0
2026-04-30 20:05:05,Sadang Station,약간 붐빔,High,2,20,Thursday,4,0,0,1.0,0.0,0.0,0.3333333333333333,0.5773502691896258,High,2.0
2026-04-30 21:22:43,Sadang Station,약간 붐빔,High,2,21,Thursday,4,0,0,2.0,1.0,0.0,1.0,1.0,Low,0.0
2026-04-30 23:31:35,Sadang Station,여유,Low,0,23,Thursday,4,0,0,2.0,2.0,1.0,1.6666666666666667,0.5773502691896257,Low,0.0
2026-05-01 01:08:12,Sadang Station,여유,Low,0,1,Friday,5,0,0,0.0,2.0,2.0,1.3333333333333333,1.1547005383792517,Low,0.0
2026-05-01 02:44:43,Sadang Station,여유,Low,0,2,Friday,5,0,0,0.0,0.0,2.0,0.6666666666666666,1.1547005383792517,Low,0.0
2026-05-01 04:01:51,Sadang Station,여유,Low,0,4,Friday,5,0,0,0.0,0.0,0.0,0.0,0.0,Low,0.0
2026-05-01 05:17:45,Sadang Station,여유,Low,0,5,Friday,5,0,0,0.0,0.0,0.0,0.0,0.0,Low,0.0
2026-05-01 06:30:21,Sadang Station,여유,Low,0,6,Friday,5,0,0,0.0,0.0,0.0,0.0,0.0,Low,0.0
2026-05-01 07:32:33,Sadang Station,여유,Low,0,7,Friday,5,0,0,0.0,0.0,0.0,0.0,0.0,Low,0.0
2026-05-01 08:32:57,Sadang Station,여유,Low,0,8,Friday,5,0,1,0.0,0.0,0.0,0.0,0.0,Low,0.0
2026-05-01 10:25:30,Sadang Station,여유,Low,0,10,Friday,5,0,0,0.0,0.0,0.0,0.0,0.0,Low,0.0
2026-05-01 14:27:36,Sadang Station,여유,Low,0,14,Friday,5,0,1,0.0,0.0,0.0,0.0,0.0,Low,0.0
2026-05-01 16:52:00,Sadang Station,여유,Low,0,16,Friday,5,0,1,0.0,0.0,0.0,0.0,0.0,Low,0.0
2026-05-01 18:26:52,Sadang Station,여유,Low,0,18,Friday,5,0,1,0.0,0.0,0.0,0.0,0.0,Medium,1.0
2026-05-01 19:55:05,Sadang Station,보통,Medium,1,19,Friday,5,0,1,0.0,0.0,0.0,0.0,0.0,Low,0.0
2026-05-01 21:05:03,Sadang Station,여유,Low,0,21,Friday,5,0,0,1.0,0.0,0.0,0.3333333333333333,0.5773502691896258,Low,0.0
2026-05-01 22:51:47,Sadang Station,여유,Low,0,22,Friday,5,0,0,0.0,1.0,0.0,0.3333333333333333,0.5773502691896258,Low,0.0
2026-05-01 23:47:14,Sadang Station,여유,Low,0,23,Friday,5,0,0,0.0,0.0,1.0,0.3333333333333333,0.5773502691896258,Low,0.0
2026-05-02 00:43:23,Sadang Station,여유,Low,0,0,Saturday,5,1,0,0.0,0.0,0.0,0.0,0.0,Low,0.0
2026-05-02 01:41:24,Sadang Station,여유,Low,0,1,Saturday,5,1,0,0.0,0.0,0.0,0.0,0.0,Low,0.0
2026-05-02 02:45:07,Sadang Station,여유,Low,0,2,Saturday,5,1,0,0.0,0.0,0.0,0.0,0.0,Low,0.0
2026-05-02 03:51:46,Sadang Station,여유,Low,0,3,Saturday,5,1,0,0.0,0.0,0.0,0.0,0.0,Low,0.0
2026-05-02 05:00:53,Sadang Station,여유,Low,0,5,Saturday,5,1,0,0.0,0.0,0.0,0.0,0.0,Low,0.0
2026-05-02 06:05:43,Sadang Station,여유,Low,0,6,Saturday,5,1,0,0.0,0.0,0.0,0.0,0.0,Low,0.0
2026-05-02 07:03:18,Sadang Station,여유,Low,0,7,Saturday,5,1,0,0.0,0.0,0.0,0.0,0.0,Low,0.0
2026-05-02 08:04:24,Sadang Station,여유,Low,0,8,Saturday,5,1,1,0.0,0.0,0.0,0.0,0.0,Low,0.0
2026-05-02 09:01:33,Sadang Station,여유,Low,0,9,Saturday,5,1,0,0.0,0.0,0.0,0.0,0.0,Low,0.0
2026-05-02 12:47:07,Sadang Station,여유,Low,0,12,Saturday,5,1,0,0.0,0.0,0.0,0.0,0.0,Low,0.0
2026-05-02 14:58:22,Sadang Station,여유,Low,0,14,Saturday,5,1,1,0.0,0.0,0.0,0.0,0.0,Low,0.0
2026-05-02 16:58:19,Sadang Station,여유,Low,0,16,Saturday,5,1,1,0.0,0.0,0.0,0.0,0.0,Low,0.0
2026-05-02 18:18:32,Sadang Station,여유,Low,0,18,Saturday,5,1,1,0.0,0.0,0.0,0.0,0.0,Medium,1.0
2026-05-02 19:14:34,Sadang Station,보통,Medium,1,19,Saturday,5,1,1,0.0,0.0,0.0,0.0,0.0,Medium,1.0
2026-05-02 20:11:41,Sadang Station,보통,Medium,1,20,Saturday,5,1,0,1.0,0.0,0.0,0.3333333333333333,0.5773502691896258,Low,0.0
2026-05-02 21:03:41,Sadang Station,여유,Low,0,21,Saturday,5,1,0,1.0,1.0,0.0,0.6666666666666666,0.5773502691896258,Low,0.0
2026-05-02 22:44:43,Sadang Station,여유,Low,0,22,Saturday,5,1,0,0.0,1.0,1.0,0.6666666666666666,0.5773502691896258,Low,0.0
2026-05-02 23:38:51,Sadang Station,여유,Low,0,23,Saturday,5,1,0,0.0,0.0,1.0,0.3333333333333333,0.5773502691896258,Low,0.0
2026-05-03 00:35:16,Sadang Station,여유,Low,0,0,Sunday,5,1,0,0.0,0.0,0.0,0.0,0.0,Low,0.0
2026-05-03 01:29:19,Sadang Station,여유,Low,0,1,Sunday,5,1,0,0.0,0.0,0.0,0.0,0.0,Low,0.0
2026-05-03 02:29:13,Sadang Station,여유,Low,0,2,Sunday,5,1,0,0.0,0.0,0.0,0.0,0.0,Low,0.0
2026-05-03 03:33:06,Sadang Station,여유,Low,0,3,Sunday,5,1,0,0.0,0.0,0.0,0.0,0.0,Low,0.0
2026-05-03 04:39:27,Sadang Station,여유,Low,0,4,Sunday,5,1,0,0.0,0.0,0.0,0.0,0.0,Low,0.0
2026-05-03 05:27:52,Sadang Station,여유,Low,0,5,Sunday,5,1,0,0.0,0.0,0.0,0.0,0.0,Low,0.0
2026-05-03 06:23:28,Sadang Station,여유,Low,0,6,Sunday,5,1,0,0.0,0.0,0.0,0.0,0.0,Low,0.0
2026-05-03 07:05:42,Sadang Station,여유,Low,0,7,Sunday,5,1,0,0.0,0.0,0.0,0.0,0.0,Low,0.0
2026-05-03 08:01:39,Sadang Station,여유,Low,0,8,Sunday,5,1,1,0.0,0.0,0.0,0.0,0.0,Low,0.0
2026-05-03 13:07:45,Sadang Station,여유,Low,0,13,Sunday,5,1,0,0.0,0.0,0.0,0.0,0.0,Low,0.0
2026-05-03 15:39:26,Sadang Station,여유,Low,0,15,Sunday,5,1,1,0.0,0.0,0.0,0.0,0.0,Low,0.0
2026-05-03 17:28:30,Sadang Station,여유,Low,0,17,Sunday,5,1,1,0.0,0.0,0.0,0.0,0.0,Low,0.0
2026-05-03 18:53:22,Sadang Station,여유,Low,0,18,Sunday,5,1,1,0.0,0.0,0.0,0.0,0.0,Low,0.0
2026-05-03 19:50:59,Sadang Station,여유,Low,0,19,Sunday,5,1,1,0.0,0.0,0.0,0.0,0.0,Low,0.0
2026-05-03 20:34:52,Sadang Station,여유,Low,0,20,Sunday,5,1,0,0.0,0.0,0.0,0.0,0.0,Low,0.0
2026-05-03 21:34:04,Sadang Station,여유,Low,0,21,Sunday,5,1,0,0.0,0.0,0.0,0.0,0.0,Low,0.0
2026-05-03 22:57:17,Sadang Station,여유,Low,0,22,Sunday,5,1,0,0.0,0.0,0.0,0.0,0.0,Low,0.0
2026-05-04 00:02:52,Sadang Station,여유,Low,0,0,Monday,5,0,0,0.0,0.0,0.0,0.0,0.0,Low,0.0
2026-05-04 02:04:56,Sadang Station,여유,Low,0,2,Monday,5,0,0,0.0,0.0,0.0,0.0,0.0,Low,0.0
2026-05-04 03:00:06,Sadang Station,여유,Low,0,3,Monday,5,0,0,0.0,0.0,0.0,0.0,0.0,Low,0.0
2026-05-04 04:15:16,Sadang Station,여유,Low,0,4,Monday,5,0,0,0.0,0.0,0.0,0.0,0.0,Low,0.0
2026-05-04 05:04:07,Sadang Station,여유,Low,0,5,Monday,5,0,0,0.0,0.0,0.0,0.0,0.0,Low,0.0
2026-05-04 06:57:07,Sadang Station,여유,Low,0,6,Monday,5,0,0,0.0,0.0,0.0,0.0,0.0,Low,0.0
2026-05-04 08:00:37,Sadang Station,여유,Low,0,8,Monday,5,0,1,0.0,0.0,0.0,0.0,0.0,Low,0.0
2026-05-04 09:00:21,Sadang Station,여유,Low,0,9,Monday,5,0,0,0.0,0.0,0.0,0.0,0.0,Low,0.0
2026-05-04 13:04:47,Sadang Station,여유,Low,0,13,Monday,5,0,0,0.0,0.0,0.0,0.0,0.0,Low,0.0
2026-05-04 15:51:52,Sadang Station,여유,Low,0,15,Monday,5,0,1,0.0,0.0,0.0,0.0,0.0,Low,0.0
2026-05-04 18:12:10,Sadang Station,여유,Low,0,18,Monday,5,0,1,0.0,0.0,0.0,0.0,0.0,Medium,1.0
2026-05-04 20:20:29,Sadang Station,보통,Medium,1,20,Monday,5,0,0,0.0,0.0,0.0,0.0,0.0,Medium,1.0
2026-05-04 22:01:43,Sadang Station,보통,Medium,1,22,Monday,5,0,0,1.0,0.0,0.0,0.3333333333333333,0.5773502691896258,Low,0.0
2026-05-05 00:17:47,Sadang Station,여유,Low,0,0,Tuesday,5,0,0,1.0,1.0,0.0,0.6666666666666666,0.5773502691896258,Low,0.0
2026-05-05 02:07:24,Sadang Station,여유,Low,0,2,Tuesday,5,0,0,0.0,1.0,1.0,0.6666666666666666,0.5773502691896258,Low,0.0
2026-05-05 03:54:31,Sadang Station,여유,Low,0,3,Tuesday,5,0,0,0.0,0.0,1.0,0.3333333333333333,0.5773502691896258,Low,0.0
2026-05-05 05:40:06,Sadang Station,여유,Low,0,5,Tuesday,5,0,0,0.0,0.0,0.0,0.0,0.0,Low,0.0
2026-05-05 06:48:14,Sadang Station,여유,Low,0,6,Tuesday,5,0,0,0.0,0.0,0.0,0.0,0.0,Low,0.0
2026-05-05 07:43:40,Sadang Station,여유,Low,0,7,Tuesday,5,0,0,0.0,0.0,0.0,0.0,0.0,Low,0.0
2026-05-05 08:40:24,Sadang Station,여유,Low,0,8,Tuesday,5,0,1,0.0,0.0,0.0,0.0,0.0,Low,0.0
2026-05-05 10:22:32,Sadang Station,여유,Low,0,10,Tuesday,5,0,0,0.0,0.0,0.0,0.0,0.0,Low,0.0
2026-05-05 13:38:06,Sadang Station,여유,Low,0,13,Tuesday,5,0,0,0.0,0.0,0.0,0.0,0.0,Low,0.0
2026-05-05 16:04:56,Sadang Station,여유,Low,0,16,Tuesday,5,0,1,0.0,0.0,0.0,0.0,0.0,Low,0.0
2026-05-05 18:18:15,Sadang Station,여유,Low,0,18,Tuesday,5,0,1,0.0,0.0,0.0,0.0,0.0,Low,0.0
2026-05-05 19:57:08,Sadang Station,여유,Low,0,19,Tuesday,5,0,1,0.0,0.0,0.0,0.0,0.0,Low,0.0
2026-05-05 21:11:52,Sadang Station,여유,Low,0,21,Tuesday,5,0,0,0.0,0.0,0.0,0.0,0.0,Low,0.0
2026-05-05 23:30:03,Sadang Station,여유,Low,0,23,Tuesday,5,0,0,0.0,0.0,0.0,0.0,0.0,Low,0.0
2026-05-06 01:14:17,Sadang Station,여유,Low,0,1,Wednesday,5,0,0,0.0,0.0,0.0,0.0,0.0,Low,0.0
2026-05-06 02:56:42,Sadang Station,여유,Low,0,2,Wednesday,5,0,0,0.0,0.0,0.0,0.0,0.0,Low,0.0
2026-05-06 04:50:00,Sadang Station,여유,Low,0,4,Wednesday,5,0,0,0.0,0.0,0.0,0.0,0.0,Low,0.0
2026-05-06 05:49:37,Sadang Station,여유,Low,0,5,Wednesday,5,0,0,0.0,0.0,0.0,0.0,0.0,Low,0.0
2026-05-06 06:48:06,Sadang Station,여유,Low,0,6,Wednesday,5,0,0,0.0,0.0,0.0,0.0,0.0,Low,0.0
2026-05-06 07:41:57,Sadang Station,여유,Low,0,7,Wednesday,5,0,0,0.0,0.0,0.0,0.0,0.0,Low,0.0
2026-05-06 08:37:02,Sadang Station,여유,Low,0,8,Wednesday,5,0,1,0.0,0.0,0.0,0.0,0.0,Low,0.0
2026-05-06 10:16:18,Sadang Station,여유,Low,0,10,Wednesday,5,0,0,0.0,0.0,0.0,0.0,0.0,Low,0.0
2026-05-06 13:47:11,Sadang Station,여유,Low,0,13,Wednesday,5,0,0,0.0,0.0,0.0,0.0,0.0,Low,0.0
2026-05-06 16:28:41,Sadang Station,여유,Low,0,16,Wednesday,5,0,1,0.0,0.0,0.0,0.0,0.0,Medium,1.0
2026-05-06 19:00:38,Sadang Station,보통,Medium,1,19,Wednesday,5,0,1,0.0,0.0,0.0,0.0,0.0,Medium,1.0
2026-05-06 21:03:36,Sadang Station,보통,Medium,1,21,Wednesday,5,0,0,1.0,0.0,0.0,0.3333333333333333,0.5773502691896258,Low,0.0
2026-05-06 23:42:43,Sadang Station,여유,Low,0,23,Wednesday,5,0,0,1.0,1.0,0.0,0.6666666666666666,0.5773502691896258,Low,0.0
2026-05-07 01:22:24,Sadang Station,여유,Low,0,1,Thursday,5,0,0,0.0,1.0,1.0,0.6666666666666666,0.5773502691896258,Low,0.0
2026-05-07 02:57:56,Sadang Station,여유,Low,0,2,Thursday,5,0,0,0.0,0.0,1.0,0.3333333333333333,0.5773502691896258,Low,0.0
2026-05-07 04:59:34,Sadang Station,여유,Low,0,4,Thursday,5,0,0,0.0,0.0,0.0,0.0,0.0,Low,0.0
2026-05-07 06:20:32,Sadang Station,여유,Low,0,6,Thursday,5,0,0,0.0,0.0,0.0,0.0,0.0,Low,0.0
2026-05-07 07:12:04,Sadang Station,여유,Low,0,7,Thursday,5,0,0,0.0,0.0,0.0,0.0,0.0,Low,0.0
2026-05-07 08:10:32,Sadang Station,여유,Low,0,8,Thursday,5,0,1,0.0,0.0,0.0,0.0,0.0,Low,0.0
2026-05-07 09:08:40,Sadang Station,여유,Low,0,9,Thursday,5,0,0,0.0,0.0,0.0,0.0,0.0,Low,0.0
2026-05-07 13:04:45,Sadang Station,여유,Low,0,13,Thursday,5,0,0,0.0,0.0,0.0,0.0,0.0,Low,0.0
2026-05-07 15:49:37,Sadang Station,여유,Low,0,15,Thursday,5,0,1,0.0,0.0,0.0,0.0,0.0,Medium,1.0
2026-05-07 18:23:21,Sadang Station,보통,Medium,1,18,Thursday,5,0,1,0.0,0.0,0.0,0.0,0.0,Medium,1.0
2026-05-07 20:25:31,Sadang Station,보통,Medium,1,20,Thursday,5,0,0,1.0,0.0,0.0,0.3333333333333333,0.5773502691896258,Low,0.0
2026-05-07 22:18:54,Sadang Station,여유,Low,0,22,Thursday,5,0,0,1.0,1.0,0.0,0.6666666666666666,0.5773502691896258,Low,0.0
2026-05-08 00:40:50,Sadang Station,여유,Low,0,0,Friday,5,0,0,0.0,1.0,1.0,0.6666666666666666,0.5773502691896258,Low,0.0
2026-05-08 02:28:07,Sadang Station,여유,Low,0,2,Friday,5,0,0,0.0,0.0,1.0,0.3333333333333333,0.5773502691896258,Low,0.0
2026-05-08 04:18:04,Sadang Station,여유,Low,0,4,Friday,5,0,0,0.0,0.0,0.0,0.0,0.0,Low,0.0
2026-05-08 05:43:57,Sadang Station,여유,Low,0,5,Friday,5,0,0,0.0,0.0,0.0,0.0,0.0,Low,0.0
2026-05-08 10:28:17,Sadang Station,여유,Low,0,10,Friday,5,0,0,0.0,0.0,0.0,0.0,0.0,Low,0.0
2026-05-08 13:43:33,Sadang Station,여유,Low,0,13,Friday,5,0,0,0.0,0.0,0.0,0.0,0.0,Low,0.0
2026-05-08 15:25:27,Sadang Station,여유,Low,0,15,Friday,5,0,1,0.0,0.0,0.0,0.0,0.0,Low,0.0
2026-05-08 17:12:46,Sadang Station,여유,Low,0,17,Friday,5,0,1,0.0,0.0,0.0,0.0,0.0,High,2.0
2026-05-08 18:58:57,Sadang Station,약간 붐빔,High,2,18,Friday,5,0,1,0.0,0.0,0.0,0.0,0.0,High,2.0
2026-05-08 20:42:43,Sadang Station,약간 붐빔,High,2,20,Friday,5,0,0,2.0,0.0,0.0,0.6666666666666666,1.1547005383792517,Medium,1.0
2026-05-08 22:01:33,Sadang Station,보통,Medium,1,22,Friday,5,0,0,2.0,2.0,0.0,1.3333333333333333,1.1547005383792517,Low,0.0
2026-05-09 00:02:22,Sadang Station,여유,Low,0,0,Saturday,5,1,0,1.0,2.0,2.0,1.6666666666666667,0.5773502691896258,Low,0.0
2026-05-09 01:43:34,Sadang Station,여유,Low,0,1,Saturday,5,1,0,0.0,1.0,2.0,1.0,1.0,Low,0.0
2026-05-09 03:01:31,Sadang Station,여유,Low,0,3,Saturday,5,1,0,0.0,0.0,1.0,0.3333333333333333,0.5773502691896258,Low,0.0
2026-05-09 04:42:55,Sadang Station,여유,Low,0,4,Saturday,5,1,0,0.0,0.0,0.0,0.0,0.0,Low,0.0
2026-05-09 05:43:35,Sadang Station,여유,Low,0,5,Saturday,5,1,0,0.0,0.0,0.0,0.0,0.0,Low,0.0
2026-05-09 06:45:24,Sadang Station,여유,Low,0,6,Saturday,5,1,0,0.0,0.0,0.0,0.0,0.0,Low,0.0
2026-05-09 07:41:55,Sadang Station,여유,Low,0,7,Saturday,5,1,0,0.0,0.0,0.0,0.0,0.0,Low,0.0
2026-05-09 08:42:27,Sadang Station,여유,Low,0,8,Saturday,5,1,1,0.0,0.0,0.0,0.0,0.0,Low,0.0
2026-05-09 10:26:02,Sadang Station,여유,Low,0,10,Saturday,5,1,0,0.0,0.0,0.0,0.0,0.0,Low,0.0
2026-05-09 13:55:30,Sadang Station,여유,Low,0,13,Saturday,5,1,0,0.0,0.0,0.0,0.0,0.0,Low,0.0
2026-05-09 16:19:51,Sadang Station,여유,Low,0,16,Saturday,5,1,1,0.0,0.0,0.0,0.0,0.0,Medium,1.0
2026-05-09 17:56:07,Sadang Station,보통,Medium,1,17,Saturday,5,1,1,0.0,0.0,0.0,0.0,0.0,High,2.0
2026-05-09 19:15:55,Sadang Station,약간 붐빔,High,2,19,Saturday,5,1,1,1.0,0.0,0.0,0.3333333333333333,0.5773502691896258,High,2.0
2026-05-09 20:15:10,Sadang Station,약간 붐빔,High,2,20,Saturday,5,1,0,2.0,1.0,0.0,1.0,1.0,Medium,1.0
2026-05-09 21:06:52,Sadang Station,보통,Medium,1,21,Saturday,5,1,0,2.0,2.0,1.0,1.6666666666666667,0.5773502691896257,Low,0.0
2026-05-09 22:50:51,Sadang Station,여유,Low,0,22,Saturday,5,1,0,1.0,2.0,2.0,1.6666666666666667,0.5773502691896258,Low,0.0
2026-05-09 23:42:17,Sadang Station,여유,Low,0,23,Saturday,5,1,0,0.0,1.0,2.0,1.0,1.0,Low,0.0
2026-05-10 00:38:07,Sadang Station,여유,Low,0,0,Sunday,5,1,0,0.0,0.0,1.0,0.3333333333333333,0.5773502691896258,Low,0.0
2026-05-10 01:34:55,Sadang Station,여유,Low,0,1,Sunday,5,1,0,0.0,0.0,0.0,0.0,0.0,Low,0.0
2026-05-10 02:34:44,Sadang Station,여유,Low,0,2,Sunday,5,1,0,0.0,0.0,0.0,0.0,0.0,Low,0.0
2026-05-10 03:36:27,Sadang Station,여유,Low,0,3,Sunday,5,1,0,0.0,0.0,0.0,0.0,0.0,Low,0.0
2026-05-10 04:43:59,Sadang Station,여유,Low,0,4,Sunday,5,1,0,0.0,0.0,0.0,0.0,0.0,Low,0.0
2026-05-10 05:31:05,Sadang Station,여유,Low,0,5,Sunday,5,1,0,0.0,0.0,0.0,0.0,0.0,Low,0.0
2026-05-10 06:26:57,Sadang Station,여유,Low,0,6,Sunday,5,1,0,0.0,0.0,0.0,0.0,0.0,Low,0.0
2026-05-10 07:24:10,Sadang Station,여유,Low,0,7,Sunday,5,1,0,0.0,0.0,0.0,0.0,0.0,Low,0.0
2026-05-10 08:28:37,Sadang Station,여유,Low,0,8,Sunday,5,1,1,0.0,0.0,0.0,0.0,0.0,Low,0.0
2026-05-10 10:24:30,Sadang Station,여유,Low,0,10,Sunday,5,1,0,0.0,0.0,0.0,0.0,0.0,Low,0.0
2026-05-10 14:08:48,Sadang Station,여유,Low,0,14,Sunday,5,1,1,0.0,0.0,0.0,0.0,0.0,Low,0.0
2026-05-10 16:37:00,Sadang Station,여유,Low,0,16,Sunday,5,1,1,0.0,0.0,0.0,0.0,0.0,Low,0.0
2026-05-10 18:16:47,Sadang Station,여유,Low,0,18,Sunday,5,1,1,0.0,0.0,0.0,0.0,0.0,Medium,1.0
2026-05-10 19:41:44,Sadang Station,보통,Medium,1,19,Sunday,5,1,1,0.0,0.0,0.0,0.0,0.0,Low,0.0
2026-05-10 20:38:21,Sadang Station,여유,Low,0,20,Sunday,5,1,0,1.0,0.0,0.0,0.3333333333333333,0.5773502691896258,Low,0.0
2026-05-10 21:41:16,Sadang Station,여유,Low,0,21,Sunday,5,1,0,0.0,1.0,0.0,0.3333333333333333,0.5773502691896258,Low,0.0
2026-05-10 23:13:26,Sadang Station,여유,Low,0,23,Sunday,5,1,0,0.0,0.0,1.0,0.3333333333333333,0.5773502691896258,Low,0.0
2026-05-11 00:28:18,Sadang Station,여유,Low,0,0,Monday,5,0,0,0.0,0.0,0.0,0.0,0.0,Low,0.0
2026-05-11 01:33:18,Sadang Station,여유,Low,0,1,Monday,5,0,0,0.0,0.0,0.0,0.0,0.0,Low,0.0
2026-05-11 02:34:43,Sadang Station,여유,Low,0,2,Monday,5,0,0,0.0,0.0,0.0,0.0,0.0,Low,0.0
2026-05-11 03:37:23,Sadang Station,여유,Low,0,3,Monday,5,0,0,0.0,0.0,0.0,0.0,0.0,Low,0.0
2026-05-11 04:44:45,Sadang Station,여유,Low,0,4,Monday,5,0,0,0.0,0.0,0.0,0.0,0.0,Low,0.0
2026-05-11 05:34:07,Sadang Station,여유,Low,0,5,Monday,5,0,0,0.0,0.0,0.0,0.0,0.0,Low,0.0
2026-05-11 06:31:00,Sadang Station,여유,Low,0,6,Monday,5,0,0,0.0,0.0,0.0,0.0,0.0,Low,0.0
2026-05-11 07:27:47,Sadang Station,여유,Low,0,7,Monday,5,0,0,0.0,0.0,0.0,0.0,0.0,Low,0.0
2026-05-11 08:33:16,Sadang Station,여유,Low,0,8,Monday,5,0,1,0.0,0.0,0.0,0.0,0.0,Low,0.0
2026-05-11 10:29:19,Sadang Station,여유,Low,0,10,Monday,5,0,0,0.0,0.0,0.0,0.0,0.0,Low,0.0
2026-05-11 14:42:38,Sadang Station,여유,Low,0,14,Monday,5,0,1,0.0,0.0,0.0,0.0,0.0,Low,0.0
2026-05-11 17:50:19,Sadang Station,여유,Low,0,17,Monday,5,0,1,0.0,0.0,0.0,0.0,0.0,Low,0.0
2026-05-11 20:54:20,Sadang Station,여유,Low,0,20,Monday,5,0,0,0.0,0.0,0.0,0.0,0.0,Low,0.0
2026-05-12 00:34:00,Sadang Station,여유,Low,0,0,Tuesday,5,0,0,0.0,0.0,0.0,0.0,0.0,Low,0.0
2026-05-12 02:35:39,Sadang Station,여유,Low,0,2,Tuesday,5,0,0,0.0,0.0,0.0,0.0,0.0,Low,0.0
2026-05-12 04:18:58,Sadang Station,여유,Low,0,4,Tuesday,5,0,0,0.0,0.0,0.0,0.0,0.0,Low,0.0
2026-05-12 05:57:12,Sadang Station,여유,Low,0,5,Tuesday,5,0,0,0.0,0.0,0.0,0.0,0.0,Low,0.0
2026-05-12 09:15:30,Sadang Station,여유,Low,0,9,Tuesday,5,0,0,0.0,0.0,0.0,0.0,0.0,Low,0.0
2026-05-12 13:11:55,Sadang Station,여유,Low,0,13,Tuesday,5,0,0,0.0,0.0,0.0,0.0,0.0,Low,0.0
2026-05-12 16:20:52,Sadang Station,여유,Low,0,16,Tuesday,5,0,1,0.0,0.0,0.0,0.0,0.0,Medium,1.0
2026-05-12 19:02:42,Sadang Station,보통,Medium,1,19,Tuesday,5,0,1,0.0,0.0,0.0,0.0,0.0,Medium,1.0
2026-05-12 21:08:28,Sadang Station,보통,Medium,1,21,Tuesday,5,0,0,1.0,0.0,0.0,0.3333333333333333,0.5773502691896258,Low,0.0
2026-05-12 23:49:20,Sadang Station,여유,Low,0,23,Tuesday,5,0,0,1.0,1.0,0.0,0.6666666666666666,0.5773502691896258,Low,0.0
2026-03-21 02:42:03,Seoul Natl Univ Station,여유,Low,0,2,Saturday,3,1,0,0.0,0.0,0.0,0.0,0.0,Low,0.0
2026-03-21 02:48:56,Seoul Natl Univ Station,여유,Low,0,2,Saturday,3,1,0,0.0,0.0,0.0,0.0,0.0,Medium,1.0
2026-03-21 21:49:02,Seoul Natl Univ Station,보통,Medium,1,21,Saturday,3,1,0,0.0,0.0,0.0,0.0,0.0,Low,0.0
2026-03-21 22:49:03,Seoul Natl Univ Station,여유,Low,0,22,Saturday,3,1,0,1.0,0.0,0.0,0.3333333333333333,0.5773502691896258,Low,0.0
2026-03-21 23:48:57,Seoul Natl Univ Station,여유,Low,0,23,Saturday,3,1,0,0.0,1.0,0.0,0.3333333333333333,0.5773502691896258,Low,0.0
2026-03-23 03:28:48,Seoul Natl Univ Station,여유,Low,0,3,Monday,3,0,0,0.0,0.0,1.0,0.3333333333333333,0.5773502691896258,Low,0.0
2026-03-23 04:20:04,Seoul Natl Univ Station,여유,Low,0,4,Monday,3,0,0,0.0,0.0,0.0,0.0,0.0,Low,0.0
2026-03-23 11:17:14,Seoul Natl Univ Station,여유,Low,0,11,Monday,3,0,0,0.0,0.0,0.0,0.0,0.0,Low,0.0
2026-03-23 13:38:23,Seoul Natl Univ Station,여유,Low,0,13,Monday,3,0,0,0.0,0.0,0.0,0.0,0.0,Low,0.0
2026-03-23 19:38:55,Seoul Natl Univ Station,여유,Low,0,19,Monday,3,0,1,0.0,0.0,0.0,0.0,0.0,Low,0.0
2026-03-23 23:46:38,Seoul Natl Univ Station,여유,Low,0,23,Monday,3,0,0,0.0,0.0,0.0,0.0,0.0,Low,0.0
2026-03-24 03:08:03,Seoul Natl Univ Station,여유,Low,0,3,Tuesday,3,0,0,0.0,0.0,0.0,0.0,0.0,Low,0.0
2026-03-24 05:08:46,Seoul Natl Univ Station,여유,Low,0,5,Tuesday,3,0,0,0.0,0.0,0.0,0.0,0.0,Low,0.0
2026-03-24 06:59:43,Seoul Natl Univ Station,여유,Low,0,6,Tuesday,3,0,0,0.0,0.0,0.0,0.0,0.0,Low,0.0
2026-03-24 08:57:13,Seoul Natl Univ Station,여유,Low,0,8,Tuesday,3,0,1,0.0,0.0,0.0,0.0,0.0,Low,0.0
2026-03-24 14:39:43,Seoul Natl Univ Station,여유,Low,0,14,Tuesday,3,0,1,0.0,0.0,0.0,0.0,0.0,Medium,1.0
2026-03-24 18:41:52,Seoul Natl Univ Station,보통,Medium,1,18,Tuesday,3,0,1,0.0,0.0,0.0,0.0,0.0,Medium,1.0
2026-03-24 21:08:54,Seoul Natl Univ Station,보통,Medium,1,21,Tuesday,3,0,0,1.0,0.0,0.0,0.3333333333333333,0.5773502691896258,Low,0.0
2026-03-25 02:25:15,Seoul Natl Univ Station,여유,Low,0,2,Wednesday,3,0,0,1.0,1.0,0.0,0.6666666666666666,0.5773502691896258,Low,0.0
2026-03-25 04:43:28,Seoul Natl Univ Station,여유,Low,0,4,Wednesday,3,0,0,0.0,1.0,1.0,0.6666666666666666,0.5773502691896258,Low,0.0
2026-03-25 06:55:32,Seoul Natl Univ Station,여유,Low,0,6,Wednesday,3,0,0,0.0,0.0,1.0,0.3333333333333333,0.5773502691896258,Low,0.0
2026-03-25 08:05:26,Seoul Natl Univ Station,여유,Low,0,8,Wednesday,3,0,1,0.0,0.0,0.0,0.0,0.0,Low,0.0
2026-03-25 09:01:28,Seoul Natl Univ Station,여유,Low,0,9,Wednesday,3,0,0,0.0,0.0,0.0,0.0,0.0,Low,0.0
2026-03-25 14:23:11,Seoul Natl Univ Station,여유,Low,0,14,Wednesday,3,0,1,0.0,0.0,0.0,0.0,0.0,Low,0.0
2026-03-25 17:03:38,Seoul Natl Univ Station,여유,Low,0,17,Wednesday,3,0,1,0.0,0.0,0.0,0.0,0.0,High,2.0
2026-03-25 19:35:56,Seoul Natl Univ Station,약간 붐빔,High,2,19,Wednesday,3,0,1,0.0,0.0,0.0,0.0,0.0,Medium,1.0
2026-03-25 21:07:59,Seoul Natl Univ Station,보통,Medium,1,21,Wednesday,3,0,0,2.0,0.0,0.0,0.6666666666666666,1.1547005383792517,Low,0.0
2026-03-25 23:23:05,Seoul Natl Univ Station,여유,Low,0,23,Wednesday,3,0,0,1.0,2.0,0.0,1.0,1.0,Low,0.0
2026-03-26 01:22:03,Seoul Natl Univ Station,여유,Low,0,1,Thursday,3,0,0,0.0,1.0,2.0,1.0,1.0,Low,0.0
2026-03-26 04:31:24,Seoul Natl Univ Station,여유,Low,0,4,Thursday,3,0,0,0.0,0.0,1.0,0.3333333333333333,0.577350269189626,Low,0.0
2026-03-26 06:07:45,Seoul Natl Univ Station,여유,Low,0,6,Thursday,3,0,0,0.0,0.0,0.0,0.0,0.0,Low,0.0
2026-03-26 08:04:39,Seoul Natl Univ Station,여유,Low,0,8,Thursday,3,0,1,0.0,0.0,0.0,0.0,0.0,Low,0.0
2026-03-26 09:05:42,Seoul Natl Univ Station,여유,Low,0,9,Thursday,3,0,0,0.0,0.0,0.0,0.0,0.0,Low,0.0
2026-03-26 10:59:28,Seoul Natl Univ Station,여유,Low,0,10,Thursday,3,0,0,0.0,0.0,0.0,0.0,0.0,Low,0.0
2026-03-26 14:54:24,Seoul Natl Univ Station,여유,Low,0,14,Thursday,3,0,1,0.0,0.0,0.0,0.0,0.0,Medium,1.0
2026-03-26 18:46:27,Seoul Natl Univ Station,보통,Medium,1,18,Thursday,3,0,1,0.0,0.0,0.0,0.0,0.0,Medium,1.0
2026-03-26 21:06:27,Seoul Natl Univ Station,보통,Medium,1,21,Thursday,3,0,0,1.0,0.0,0.0,0.3333333333333333,0.5773502691896258,Low,0.0
2026-03-27 01:21:54,Seoul Natl Univ Station,여유,Low,0,1,Friday,3,0,0,1.0,1.0,0.0,0.6666666666666666,0.5773502691896258,Low,0.0
2026-03-27 04:46:53,Seoul Natl Univ Station,여유,Low,0,4,Friday,3,0,0,0.0,1.0,1.0,0.6666666666666666,0.5773502691896258,Low,0.0
2026-03-27 06:05:55,Seoul Natl Univ Station,여유,Low,0,6,Friday,3,0,0,0.0,0.0,1.0,0.3333333333333333,0.5773502691896258,Low,0.0
2026-03-27 08:01:39,Seoul Natl Univ Station,여유,Low,0,8,Friday,3,0,1,0.0,0.0,0.0,0.0,0.0,Low,0.0
2026-03-27 09:03:45,Seoul Natl Univ Station,여유,Low,0,9,Friday,3,0,0,0.0,0.0,0.0,0.0,0.0,Low,0.0
2026-03-27 14:54:30,Seoul Natl Univ Station,여유,Low,0,14,Friday,3,0,1,0.0,0.0,0.0,0.0,0.0,Low,0.0
2026-03-27 17:10:47,Seoul Natl Univ Station,여유,Low,0,17,Friday,3,0,1,0.0,0.0,0.0,0.0,0.0,High,2.0
2026-03-27 20:10:34,Seoul Natl Univ Station,약간 붐빔,High,2,20,Friday,3,0,0,0.0,0.0,0.0,0.0,0.0,Low,0.0
2026-03-27 23:39:48,Seoul Natl Univ Station,여유,Low,0,23,Friday,3,0,0,2.0,0.0,0.0,0.6666666666666666,1.1547005383792517,Low,0.0
2026-03-28 02:39:59,Seoul Natl Univ Station,여유,Low,0,2,Saturday,3,1,0,0.0,2.0,0.0,0.6666666666666666,1.1547005383792517,Low,0.0
2026-03-28 04:54:15,Seoul Natl Univ Station,여유,Low,0,4,Saturday,3,1,0,0.0,0.0,2.0,0.6666666666666666,1.1547005383792517,Low,0.0
2026-03-28 06:54:26,Seoul Natl Univ Station,여유,Low,0,6,Saturday,3,1,0,0.0,0.0,0.0,0.0,0.0,Low,0.0
2026-03-28 08:47:56,Seoul Natl Univ Station,여유,Low,0,8,Saturday,3,1,1,0.0,0.0,0.0,0.0,0.0,Medium,1.0
2026-03-28 14:15:11,Seoul Natl Univ Station,보통,Medium,1,14,Saturday,3,1,1,0.0,0.0,0.0,0.0,0.0,Low,0.0
2026-03-28 16:52:06,Seoul Natl Univ Station,여유,Low,0,16,Saturday,3,1,1,1.0,0.0,0.0,0.3333333333333333,0.5773502691896258,Medium,1.0
2026-03-28 18:55:46,Seoul Natl Univ Station,보통,Medium,1,18,Saturday,3,1,1,0.0,1.0,0.0,0.3333333333333333,0.5773502691896258,Medium,1.0
2026-03-28 20:04:49,Seoul Natl Univ Station,보통,Medium,1,20,Saturday,3,1,0,1.0,0.0,1.0,0.6666666666666666,0.5773502691896258,Low,0.0
2026-03-28 23:05:12,Seoul Natl Univ Station,여유,Low,0,23,Saturday,3,1,0,1.0,1.0,0.0,0.6666666666666666,0.5773502691896258,Low,0.0
2026-03-29 00:05:45,Seoul Natl Univ Station,여유,Low,0,0,Sunday,3,1,0,0.0,1.0,1.0,0.6666666666666666,0.5773502691896258,Low,0.0
2026-03-29 01:03:28,Seoul Natl Univ Station,여유,Low,0,1,Sunday,3,1,0,0.0,0.0,1.0,0.3333333333333333,0.5773502691896258,Low,0.0
2026-03-29 02:50:57,Seoul Natl Univ Station,여유,Low,0,2,Sunday,3,1,0,0.0,0.0,0.0,0.0,0.0,Low,0.0
2026-03-29 04:27:13,Seoul Natl Univ Station,여유,Low,0,4,Sunday,3,1,0,0.0,0.0,0.0,0.0,0.0,Low,0.0
2026-03-29 05:03:34,Seoul Natl Univ Station,여유,Low,0,5,Sunday,3,1,0,0.0,0.0,0.0,0.0,0.0,Low,0.0
2026-03-29 06:03:59,Seoul Natl Univ Station,여유,Low,0,6,Sunday,3,1,0,0.0,0.0,0.0,0.0,0.0,Low,0.0
2026-03-29 08:04:02,Seoul Natl Univ Station,여유,Low,0,8,Sunday,3,1,1,0.0,0.0,0.0,0.0,0.0,Low,0.0
2026-03-29 09:02:32,Seoul Natl Univ Station,여유,Low,0,9,Sunday,3,1,0,0.0,0.0,0.0,0.0,0.0,Low,0.0
2026-03-29 14:56:39,Seoul Natl Univ Station,여유,Low,0,14,Sunday,3,1,1,0.0,0.0,0.0,0.0,0.0,Low,0.0
2026-03-29 17:04:17,Seoul Natl Univ Station,여유,Low,0,17,Sunday,3,1,1,0.0,0.0,0.0,0.0,0.0,Low,0.0
2026-03-29 19:00:15,Seoul Natl Univ Station,여유,Low,0,19,Sunday,3,1,1,0.0,0.0,0.0,0.0,0.0,Low,0.0
2026-03-29 20:44:51,Seoul Natl Univ Station,여유,Low,0,20,Sunday,3,1,0,0.0,0.0,0.0,0.0,0.0,Low,0.0
2026-03-29 23:04:29,Seoul Natl Univ Station,여유,Low,0,23,Sunday,3,1,0,0.0,0.0,0.0,0.0,0.0,Low,0.0
2026-03-30 00:49:52,Seoul Natl Univ Station,여유,Low,0,0,Monday,3,0,0,0.0,0.0,0.0,0.0,0.0,Low,0.0
2026-03-30 02:04:58,Seoul Natl Univ Station,여유,Low,0,2,Monday,3,0,0,0.0,0.0,0.0,0.0,0.0,Low,0.0
2026-03-30 03:03:46,Seoul Natl Univ Station,여유,Low,0,3,Monday,3,0,0,0.0,0.0,0.0,0.0,0.0,Low,0.0
2026-03-30 04:52:14,Seoul Natl Univ Station,여유,Low,0,4,Monday,3,0,0,0.0,0.0,0.0,0.0,0.0,Low,0.0
2026-03-30 06:03:02,Seoul Natl Univ Station,여유,Low,0,6,Monday,3,0,0,0.0,0.0,0.0,0.0,0.0,Low,0.0
2026-03-30 07:04:06,Seoul Natl Univ Station,여유,Low,0,7,Monday,3,0,0,0.0,0.0,0.0,0.0,0.0,Low,0.0
2026-03-30 08:51:00,Seoul Natl Univ Station,여유,Low,0,8,Monday,3,0,1,0.0,0.0,0.0,0.0,0.0,Low,0.0
2026-03-30 15:17:57,Seoul Natl Univ Station,여유,Low,0,15,Monday,3,0,1,0.0,0.0,0.0,0.0,0.0,Medium,1.0
2026-03-30 19:48:01,Seoul Natl Univ Station,보통,Medium,1,19,Monday,3,0,1,0.0,0.0,0.0,0.0,0.0,Low,0.0
2026-03-30 23:53:55,Seoul Natl Univ Station,여유,Low,0,23,Monday,3,0,0,1.0,0.0,0.0,0.3333333333333333,0.5773502691896258,Low,0.0
2026-03-31 03:09:44,Seoul Natl Univ Station,여유,Low,0,3,Tuesday,3,0,0,0.0,1.0,0.0,0.3333333333333333,0.5773502691896258,Low,0.0
2026-03-31 05:08:47,Seoul Natl Univ Station,여유,Low,0,5,Tuesday,3,0,0,0.0,0.0,1.0,0.3333333333333333,0.5773502691896258,Low,0.0
2026-03-31 07:07:03,Seoul Natl Univ Station,여유,Low,0,7,Tuesday,3,0,0,0.0,0.0,0.0,0.0,0.0,Low,0.0
2026-03-31 08:55:33,Seoul Natl Univ Station,여유,Low,0,8,Tuesday,3,0,1,0.0,0.0,0.0,0.0,0.0,Low,0.0
2026-03-31 14:59:57,Seoul Natl Univ Station,여유,Low,0,14,Tuesday,3,0,1,0.0,0.0,0.0,0.0,0.0,Medium,1.0
2026-03-31 18:48:46,Seoul Natl Univ Station,보통,Medium,1,18,Tuesday,3,0,1,0.0,0.0,0.0,0.0,0.0,Medium,1.0
2026-03-31 21:06:06,Seoul Natl Univ Station,보통,Medium,1,21,Tuesday,3,0,0,1.0,0.0,0.0,0.3333333333333333,0.5773502691896258,Low,0.0
2026-04-01 00:55:24,Seoul Natl Univ Station,여유,Low,0,0,Wednesday,4,0,0,1.0,1.0,0.0,0.6666666666666666,0.5773502691896258,Low,0.0
2026-04-01 04:41:08,Seoul Natl Univ Station,여유,Low,0,4,Wednesday,4,0,0,0.0,1.0,1.0,0.6666666666666666,0.5773502691896258,Low,0.0
2026-04-01 06:58:24,Seoul Natl Univ Station,여유,Low,0,6,Wednesday,4,0,0,0.0,0.0,1.0,0.3333333333333333,0.5773502691896258,Low,0.0
2026-04-01 08:53:18,Seoul Natl Univ Station,여유,Low,0,8,Wednesday,4,0,1,0.0,0.0,0.0,0.0,0.0,Low,0.0
2026-04-01 15:14:06,Seoul Natl Univ Station,여유,Low,0,15,Wednesday,4,0,1,0.0,0.0,0.0,0.0,0.0,Medium,1.0
2026-04-01 19:16:28,Seoul Natl Univ Station,보통,Medium,1,19,Wednesday,4,0,1,0.0,0.0,0.0,0.0,0.0,Low,0.0
2026-04-01 23:52:35,Seoul Natl Univ Station,여유,Low,0,23,Wednesday,4,0,0,1.0,0.0,0.0,0.3333333333333333,0.5773502691896258,Low,0.0
2026-04-02 02:39:55,Seoul Natl Univ Station,여유,Low,0,2,Thursday,4,0,0,0.0,1.0,0.0,0.3333333333333333,0.5773502691896258,Low,0.0
2026-04-02 05:07:01,Seoul Natl Univ Station,여유,Low,0,5,Thursday,4,0,0,0.0,0.0,1.0,0.3333333333333333,0.5773502691896258,Low,0.0
2026-04-02 07:05:23,Seoul Natl Univ Station,여유,Low,0,7,Thursday,4,0,0,0.0,0.0,0.0,0.0,0.0,Low,0.0
2026-04-02 08:52:48,Seoul Natl Univ Station,여유,Low,0,8,Thursday,4,0,1,0.0,0.0,0.0,0.0,0.0,Low,0.0
2026-04-02 14:51:19,Seoul Natl Univ Station,여유,Low,0,14,Thursday,4,0,1,0.0,0.0,0.0,0.0,0.0,Medium,1.0
2026-04-02 18:40:24,Seoul Natl Univ Station,보통,Medium,1,18,Thursday,4,0,1,0.0,0.0,0.0,0.0,0.0,Medium,1.0
2026-04-02 21:04:04,Seoul Natl Univ Station,보통,Medium,1,21,Thursday,4,0,0,1.0,0.0,0.0,0.3333333333333333,0.5773502691896258,Low,0.0
2026-04-03 00:40:35,Seoul Natl Univ Station,여유,Low,0,0,Friday,4,0,0,1.0,1.0,0.0,0.6666666666666666,0.5773502691896258,Low,0.0
2026-04-03 03:08:22,Seoul Natl Univ Station,여유,Low,0,3,Friday,4,0,0,0.0,1.0,1.0,0.6666666666666666,0.5773502691896258,Low,0.0
2026-04-03 05:02:47,Seoul Natl Univ Station,여유,Low,0,5,Friday,4,0,0,0.0,0.0,1.0,0.3333333333333333,0.5773502691896258,Low,0.0
2026-04-03 06:56:44,Seoul Natl Univ Station,여유,Low,0,6,Friday,4,0,0,0.0,0.0,0.0,0.0,0.0,Low,0.0
2026-04-03 08:53:00,Seoul Natl Univ Station,여유,Low,0,8,Friday,4,0,1,0.0,0.0,0.0,0.0,0.0,Low,0.0
2026-04-03 14:52:07,Seoul Natl Univ Station,여유,Low,0,14,Friday,4,0,1,0.0,0.0,0.0,0.0,0.0,Low,0.0
2026-04-03 17:36:28,Seoul Natl Univ Station,여유,Low,0,17,Friday,4,0,1,0.0,0.0,0.0,0.0,0.0,Medium,1.0
2026-04-03 20:07:37,Seoul Natl Univ Station,보통,Medium,1,20,Friday,4,0,0,0.0,0.0,0.0,0.0,0.0,Low,0.0
2026-04-03 23:09:05,Seoul Natl Univ Station,여유,Low,0,23,Friday,4,0,0,1.0,0.0,0.0,0.3333333333333333,0.5773502691896258,Low,0.0
2026-04-04 01:04:41,Seoul Natl Univ Station,여유,Low,0,1,Saturday,4,1,0,0.0,1.0,0.0,0.3333333333333333,0.5773502691896258,Low,0.0
2026-04-04 02:56:21,Seoul Natl Univ Station,여유,Low,0,2,Saturday,4,1,0,0.0,0.0,1.0,0.3333333333333333,0.5773502691896258,Low,0.0
2026-04-04 04:57:13,Seoul Natl Univ Station,여유,Low,0,4,Saturday,4,1,0,0.0,0.0,0.0,0.0,0.0,Low,0.0
2026-04-04 06:53:03,Seoul Natl Univ Station,여유,Low,0,6,Saturday,4,1,0,0.0,0.0,0.0,0.0,0.0,Low,0.0
2026-04-04 08:06:01,Seoul Natl Univ Station,여유,Low,0,8,Saturday,4,1,1,0.0,0.0,0.0,0.0,0.0,Low,0.0
2026-04-04 09:04:04,Seoul Natl Univ Station,여유,Low,0,9,Saturday,4,1,0,0.0,0.0,0.0,0.0,0.0,Medium,1.0
2026-04-04 14:17:02,Seoul Natl Univ Station,보통,Medium,1,14,Saturday,4,1,1,0.0,0.0,0.0,0.0,0.0,Low,0.0
2026-04-04 16:55:44,Seoul Natl Univ Station,여유,Low,0,16,Saturday,4,1,1,1.0,0.0,0.0,0.3333333333333333,0.5773502691896258,Low,0.0
2026-04-04 19:01:19,Seoul Natl Univ Station,여유,Low,0,19,Saturday,4,1,1,0.0,1.0,0.0,0.3333333333333333,0.5773502691896258,Low,0.0
2026-04-04 20:44:33,Seoul Natl Univ Station,여유,Low,0,20,Saturday,4,1,0,0.0,0.0,1.0,0.3333333333333333,0.5773502691896258,Low,0.0
2026-04-04 23:04:00,Seoul Natl Univ Station,여유,Low,0,23,Saturday,4,1,0,0.0,0.0,0.0,0.0,0.0,Low,0.0
2026-04-05 00:06:07,Seoul Natl Univ Station,여유,Low,0,0,Sunday,4,1,0,0.0,0.0,0.0,0.0,0.0,Low,0.0
2026-04-05 01:02:51,Seoul Natl Univ Station,여유,Low,0,1,Sunday,4,1,0,0.0,0.0,0.0,0.0,0.0,Low,0.0
2026-04-05 02:51:33,Seoul Natl Univ Station,여유,Low,0,2,Sunday,4,1,0,0.0,0.0,0.0,0.0,0.0,Low,0.0
2026-04-05 04:45:15,Seoul Natl Univ Station,여유,Low,0,4,Sunday,4,1,0,0.0,0.0,0.0,0.0,0.0,Low,0.0
2026-04-05 06:02:45,Seoul Natl Univ Station,여유,Low,0,6,Sunday,4,1,0,0.0,0.0,0.0,0.0,0.0,Low,0.0
2026-04-05 08:05:10,Seoul Natl Univ Station,여유,Low,0,8,Sunday,4,1,1,0.0,0.0,0.0,0.0,0.0,Low,0.0
2026-04-05 09:03:06,Seoul Natl Univ Station,여유,Low,0,9,Sunday,4,1,0,0.0,0.0,0.0,0.0,0.0,Low,0.0
2026-04-05 14:58:14,Seoul Natl Univ Station,여유,Low,0,14,Sunday,4,1,1,0.0,0.0,0.0,0.0,0.0,Low,0.0
2026-04-05 17:06:10,Seoul Natl Univ Station,여유,Low,0,17,Sunday,4,1,1,0.0,0.0,0.0,0.0,0.0,Low,0.0
2026-04-05 19:04:05,Seoul Natl Univ Station,여유,Low,0,19,Sunday,4,1,1,0.0,0.0,0.0,0.0,0.0,Low,0.0
2026-04-05 20:47:00,Seoul Natl Univ Station,여유,Low,0,20,Sunday,4,1,0,0.0,0.0,0.0,0.0,0.0,Low,0.0
2026-04-05 23:04:37,Seoul Natl Univ Station,여유,Low,0,23,Sunday,4,1,0,0.0,0.0,0.0,0.0,0.0,Low,0.0
2026-04-06 00:50:34,Seoul Natl Univ Station,여유,Low,0,0,Monday,4,0,0,0.0,0.0,0.0,0.0,0.0,Low,0.0
2026-04-06 02:19:18,Seoul Natl Univ Station,여유,Low,0,2,Monday,4,0,0,0.0,0.0,0.0,0.0,0.0,Low,0.0
2026-04-06 04:25:09,Seoul Natl Univ Station,여유,Low,0,4,Monday,4,0,0,0.0,0.0,0.0,0.0,0.0,Low,0.0
2026-04-06 06:02:18,Seoul Natl Univ Station,여유,Low,0,6,Monday,4,0,0,0.0,0.0,0.0,0.0,0.0,Low,0.0
2026-04-06 07:01:11,Seoul Natl Univ Station,여유,Low,0,7,Monday,4,0,0,0.0,0.0,0.0,0.0,0.0,Low,0.0
2026-04-06 08:52:50,Seoul Natl Univ Station,여유,Low,0,8,Monday,4,0,1,0.0,0.0,0.0,0.0,0.0,Low,0.0
2026-04-06 15:18:53,Seoul Natl Univ Station,여유,Low,0,15,Monday,4,0,1,0.0,0.0,0.0,0.0,0.0,Medium,1.0
2026-04-06 19:37:07,Seoul Natl Univ Station,보통,Medium,1,19,Monday,4,0,1,0.0,0.0,0.0,0.0,0.0,Low,0.0
2026-04-06 23:16:07,Seoul Natl Univ Station,여유,Low,0,23,Monday,4,0,0,1.0,0.0,0.0,0.3333333333333333,0.5773502691896258,Low,0.0
2026-04-07 02:11:53,Seoul Natl Univ Station,여유,Low,0,2,Tuesday,4,0,0,0.0,1.0,0.0,0.3333333333333333,0.5773502691896258,Low,0.0
2026-04-07 04:58:18,Seoul Natl Univ Station,여유,Low,0,4,Tuesday,4,0,0,0.0,0.0,1.0,0.3333333333333333,0.5773502691896258,Low,0.0
2026-04-07 06:55:08,Seoul Natl Univ Station,여유,Low,0,6,Tuesday,4,0,0,0.0,0.0,0.0,0.0,0.0,Low,0.0
2026-04-07 08:54:55,Seoul Natl Univ Station,여유,Low,0,8,Tuesday,4,0,1,0.0,0.0,0.0,0.0,0.0,Low,0.0
2026-04-07 15:06:56,Seoul Natl Univ Station,여유,Low,0,15,Tuesday,4,0,1,0.0,0.0,0.0,0.0,0.0,Medium,1.0
2026-04-07 18:55:15,Seoul Natl Univ Station,보통,Medium,1,18,Tuesday,4,0,1,0.0,0.0,0.0,0.0,0.0,Low,0.0
2026-04-07 21:11:19,Seoul Natl Univ Station,여유,Low,0,21,Tuesday,4,0,0,1.0,0.0,0.0,0.3333333333333333,0.5773502691896258,Low,0.0
2026-04-08 01:18:51,Seoul Natl Univ Station,여유,Low,0,1,Wednesday,4,0,0,0.0,1.0,0.0,0.3333333333333333,0.5773502691896258,Low,0.0
2026-04-08 04:46:23,Seoul Natl Univ Station,여유,Low,0,4,Wednesday,4,0,0,0.0,0.0,1.0,0.3333333333333333,0.5773502691896258,Low,0.0
2026-04-08 07:02:08,Seoul Natl Univ Station,여유,Low,0,7,Wednesday,4,0,0,0.0,0.0,0.0,0.0,0.0,Low,0.0
2026-04-08 09:01:11,Seoul Natl Univ Station,여유,Low,0,9,Wednesday,4,0,0,0.0,0.0,0.0,0.0,0.0,Low,0.0
2026-04-08 15:08:40,Seoul Natl Univ Station,여유,Low,0,15,Wednesday,4,0,1,0.0,0.0,0.0,0.0,0.0,Medium,1.0
2026-04-08 18:55:20,Seoul Natl Univ Station,보통,Medium,1,18,Wednesday,4,0,1,0.0,0.0,0.0,0.0,0.0,Low,0.0
2026-04-08 23:55:26,Seoul Natl Univ Station,여유,Low,0,23,Wednesday,4,0,0,1.0,0.0,0.0,0.3333333333333333,0.5773502691896258,Low,0.0
2026-04-09 04:48:27,Seoul Natl Univ Station,여유,Low,0,4,Thursday,4,0,0,0.0,1.0,0.0,0.3333333333333333,0.5773502691896258,Low,0.0
2026-04-09 07:05:43,Seoul Natl Univ Station,여유,Low,0,7,Thursday,4,0,0,0.0,0.0,1.0,0.3333333333333333,0.5773502691896258,Low,0.0
2026-04-09 08:56:10,Seoul Natl Univ Station,여유,Low,0,8,Thursday,4,0,1,0.0,0.0,0.0,0.0,0.0,Low,0.0
2026-04-09 15:09:09,Seoul Natl Univ Station,여유,Low,0,15,Thursday,4,0,1,0.0,0.0,0.0,0.0,0.0,Medium,1.0
2026-04-09 19:42:27,Seoul Natl Univ Station,보통,Medium,1,19,Thursday,4,0,1,0.0,0.0,0.0,0.0,0.0,Low,0.0
2026-04-10 01:07:11,Seoul Natl Univ Station,여유,Low,0,1,Friday,4,0,0,1.0,0.0,0.0,0.3333333333333333,0.5773502691896258,Low,0.0
2026-04-10 04:55:14,Seoul Natl Univ Station,여유,Low,0,4,Friday,4,0,0,0.0,1.0,0.0,0.3333333333333333,0.5773502691896258,Low,0.0
2026-04-10 07:09:01,Seoul Natl Univ Station,여유,Low,0,7,Friday,4,0,0,0.0,0.0,1.0,0.3333333333333333,0.5773502691896258,Low,0.0
2026-04-10 09:05:27,Seoul Natl Univ Station,여유,Low,0,9,Friday,4,0,0,0.0,0.0,0.0,0.0,0.0,Low,0.0
2026-04-10 15:22:11,Seoul Natl Univ Station,여유,Low,0,15,Friday,4,0,1,0.0,0.0,0.0,0.0,0.0,Medium,1.0
2026-04-10 19:17:44,Seoul Natl Univ Station,보통,Medium,1,19,Friday,4,0,1,0.0,0.0,0.0,0.0,0.0,Low,0.0
2026-04-10 23:32:53,Seoul Natl Univ Station,여유,Low,0,23,Friday,4,0,0,1.0,0.0,0.0,0.3333333333333333,0.5773502691896258,Low,0.0
2026-04-11 02:36:06,Seoul Natl Univ Station,여유,Low,0,2,Saturday,4,1,0,0.0,1.0,0.0,0.3333333333333333,0.5773502691896258,Low,0.0
2026-04-11 04:56:17,Seoul Natl Univ Station,여유,Low,0,4,Saturday,4,1,0,0.0,0.0,1.0,0.3333333333333333,0.5773502691896258,Low,0.0
2026-04-11 07:03:18,Seoul Natl Univ Station,여유,Low,0,7,Saturday,4,1,0,0.0,0.0,0.0,0.0,0.0,Low,0.0
2026-04-11 08:55:30,Seoul Natl Univ Station,여유,Low,0,8,Saturday,4,1,1,0.0,0.0,0.0,0.0,0.0,Low,0.0
2026-04-11 11:22:46,Seoul Natl Univ Station,여유,Low,0,11,Saturday,4,1,0,0.0,0.0,0.0,0.0,0.0,Medium,1.0
2026-04-11 13:38:49,Seoul Natl Univ Station,보통,Medium,1,13,Saturday,4,1,0,0.0,0.0,0.0,0.0,0.0,Medium,1.0
2026-04-11 14:39:33,Seoul Natl Univ Station,보통,Medium,1,14,Saturday,4,1,1,1.0,0.0,0.0,0.3333333333333333,0.5773502691896258,Low,0.0
2026-04-11 17:01:43,Seoul Natl Univ Station,여유,Low,0,17,Saturday,4,1,1,1.0,1.0,0.0,0.6666666666666666,0.5773502691896258,Medium,1.0
2026-04-11 19:05:25,Seoul Natl Univ Station,보통,Medium,1,19,Saturday,4,1,1,0.0,1.0,1.0,0.6666666666666666,0.5773502691896258,Medium,1.0
2026-04-11 20:46:54,Seoul Natl Univ Station,보통,Medium,1,20,Saturday,4,1,0,1.0,0.0,1.0,0.6666666666666666,0.5773502691896258,Low,0.0
2026-04-11 23:06:09,Seoul Natl Univ Station,여유,Low,0,23,Saturday,4,1,0,1.0,1.0,0.0,0.6666666666666666,0.5773502691896258,Low,0.0
2026-04-12 00:50:45,Seoul Natl Univ Station,여유,Low,0,0,Sunday,4,1,0,0.0,1.0,1.0,0.6666666666666666,0.5773502691896258,Low,0.0
2026-04-12 02:21:05,Seoul Natl Univ Station,여유,Low,0,2,Sunday,4,1,0,0.0,0.0,1.0,0.3333333333333333,0.5773502691896258,Low,0.0
2026-04-12 04:26:12,Seoul Natl Univ Station,여유,Low,0,4,Sunday,4,1,0,0.0,0.0,0.0,0.0,0.0,Low,0.0
2026-04-12 06:02:58,Seoul Natl Univ Station,여유,Low,0,6,Sunday,4,1,0,0.0,0.0,0.0,0.0,0.0,Low,0.0
2026-04-12 07:02:06,Seoul Natl Univ Station,여유,Low,0,7,Sunday,4,1,0,0.0,0.0,0.0,0.0,0.0,Low,0.0
2026-04-12 08:54:28,Seoul Natl Univ Station,여유,Low,0,8,Sunday,4,1,1,0.0,0.0,0.0,0.0,0.0,Low,0.0
2026-04-12 15:13:16,Seoul Natl Univ Station,여유,Low,0,15,Sunday,4,1,1,0.0,0.0,0.0,0.0,0.0,Low,0.0
2026-04-12 18:08:54,Seoul Natl Univ Station,여유,Low,0,18,Sunday,4,1,1,0.0,0.0,0.0,0.0,0.0,Low,0.0
2026-04-12 20:22:22,Seoul Natl Univ Station,여유,Low,0,20,Sunday,4,1,0,0.0,0.0,0.0,0.0,0.0,Low,0.0
2026-04-12 23:06:36,Seoul Natl Univ Station,여유,Low,0,23,Sunday,4,1,0,0.0,0.0,0.0,0.0,0.0,Low,0.0
2026-04-13 00:55:36,Seoul Natl Univ Station,여유,Low,0,0,Monday,4,0,0,0.0,0.0,0.0,0.0,0.0,Low,0.0
2026-04-13 02:55:55,Seoul Natl Univ Station,여유,Low,0,2,Monday,4,0,0,0.0,0.0,0.0,0.0,0.0,Low,0.0
2026-04-13 04:56:19,Seoul Natl Univ Station,여유,Low,0,4,Monday,4,0,0,0.0,0.0,0.0,0.0,0.0,Low,0.0
2026-04-13 06:54:18,Seoul Natl Univ Station,여유,Low,0,6,Monday,4,0,0,0.0,0.0,0.0,0.0,0.0,Low,0.0
2026-04-13 08:56:45,Seoul Natl Univ Station,여유,Low,0,8,Monday,4,0,1,0.0,0.0,0.0,0.0,0.0,Low,0.0
2026-04-13 16:29:01,Seoul Natl Univ Station,여유,Low,0,16,Monday,4,0,1,0.0,0.0,0.0,0.0,0.0,Medium,1.0
2026-04-13 20:57:42,Seoul Natl Univ Station,보통,Medium,1,20,Monday,4,0,0,0.0,0.0,0.0,0.0,0.0,Low,0.0
2026-04-14 01:42:18,Seoul Natl Univ Station,여유,Low,0,1,Tuesday,4,0,0,1.0,0.0,0.0,0.3333333333333333,0.5773502691896258,Low,0.0
2026-04-14 05:14:28,Seoul Natl Univ Station,여유,Low,0,5,Tuesday,4,0,0,0.0,1.0,0.0,0.3333333333333333,0.5773502691896258,Low,0.0
2026-04-14 08:06:32,Seoul Natl Univ Station,여유,Low,0,8,Tuesday,4,0,1,0.0,0.0,1.0,0.3333333333333333,0.5773502691896258,Low,0.0
2026-04-14 15:14:00,Seoul Natl Univ Station,여유,Low,0,15,Tuesday,4,0,1,0.0,0.0,0.0,0.0,0.0,Medium,1.0
2026-04-14 19:48:55,Seoul Natl Univ Station,보통,Medium,1,19,Tuesday,4,0,1,0.0,0.0,0.0,0.0,0.0,Low,0.0
2026-04-15 00:51:11,Seoul Natl Univ Station,여유,Low,0,0,Wednesday,4,0,0,1.0,0.0,0.0,0.3333333333333333,0.5773502691896258,Low,0.0
2026-04-15 04:54:56,Seoul Natl Univ Station,여유,Low,0,4,Wednesday,4,0,0,0.0,1.0,0.0,0.3333333333333333,0.5773502691896258,Low,0.0
2026-04-15 07:34:08,Seoul Natl Univ Station,여유,Low,0,7,Wednesday,4,0,0,0.0,0.0,1.0,0.3333333333333333,0.5773502691896258,Low,0.0
2026-04-15 15:08:12,Seoul Natl Univ Station,여유,Low,0,15,Wednesday,4,0,1,0.0,0.0,0.0,0.0,0.0,Medium,1.0
2026-04-15 19:44:15,Seoul Natl Univ Station,보통,Medium,1,19,Wednesday,4,0,1,0.0,0.0,0.0,0.0,0.0,Low,0.0
2026-04-15 23:57:41,Seoul Natl Univ Station,여유,Low,0,23,Wednesday,4,0,0,1.0,0.0,0.0,0.3333333333333333,0.5773502691896258,Low,0.0
2026-04-16 03:55:59,Seoul Natl Univ Station,여유,Low,0,3,Thursday,4,0,0,0.0,1.0,0.0,0.3333333333333333,0.5773502691896258,Low,0.0
2026-04-16 07:06:13,Seoul Natl Univ Station,여유,Low,0,7,Thursday,4,0,0,0.0,0.0,1.0,0.3333333333333333,0.5773502691896258,Low,0.0
2026-04-16 14:53:42,Seoul Natl Univ Station,여유,Low,0,14,Thursday,4,0,1,0.0,0.0,0.0,0.0,0.0,Medium,1.0
2026-04-16 19:44:34,Seoul Natl Univ Station,보통,Medium,1,19,Thursday,4,0,1,0.0,0.0,0.0,0.0,0.0,Low,0.0
2026-04-17 01:11:08,Seoul Natl Univ Station,여유,Low,0,1,Friday,4,0,0,1.0,0.0,0.0,0.3333333333333333,0.5773502691896258,Low,0.0
2026-04-17 05:03:37,Seoul Natl Univ Station,여유,Low,0,5,Friday,4,0,0,0.0,1.0,0.0,0.3333333333333333,0.5773502691896258,Low,0.0
2026-04-17 07:10:31,Seoul Natl Univ Station,여유,Low,0,7,Friday,4,0,0,0.0,0.0,1.0,0.3333333333333333,0.5773502691896258,Low,0.0
2026-04-17 09:09:53,Seoul Natl Univ Station,여유,Low,0,9,Friday,4,0,0,0.0,0.0,0.0,0.0,0.0,Low,0.0
2026-04-17 15:26:30,Seoul Natl Univ Station,여유,Low,0,15,Friday,4,0,1,0.0,0.0,0.0,0.0,0.0,Low,0.0
2026-04-17 17:15:29,Seoul Natl Univ Station,여유,Low,0,17,Friday,4,0,1,0.0,0.0,0.0,0.0,0.0,Medium,1.0
2026-04-17 18:51:41,Seoul Natl Univ Station,보통,Medium,1,18,Friday,4,0,1,0.0,0.0,0.0,0.0,0.0,Medium,1.0
2026-04-17 19:47:41,Seoul Natl Univ Station,보통,Medium,1,19,Friday,4,0,1,1.0,0.0,0.0,0.3333333333333333,0.5773502691896258,Medium,1.0
2026-04-17 20:40:17,Seoul Natl Univ Station,보통,Medium,1,20,Friday,4,0,0,1.0,1.0,0.0,0.6666666666666666,0.5773502691896258,Medium,1.0
2026-04-17 21:46:26,Seoul Natl Univ Station,보통,Medium,1,21,Friday,4,0,0,1.0,1.0,1.0,1.0,0.0,Low,0.0
2026-04-17 23:14:03,Seoul Natl Univ Station,여유,Low,0,23,Friday,4,0,0,1.0,1.0,1.0,1.0,0.0,Low,0.0
2026-04-18 00:33:18,Seoul Natl Univ Station,여유,Low,0,0,Saturday,4,1,0,0.0,1.0,1.0,0.6666666666666666,0.5773502691896258,Low,0.0
2026-04-18 01:32:00,Seoul Natl Univ Station,여유,Low,0,1,Saturday,4,1,0,0.0,0.0,1.0,0.3333333333333333,0.5773502691896258,Low,0.0
2026-04-18 02:30:13,Seoul Natl Univ Station,여유,Low,0,2,Saturday,4,1,0,0.0,0.0,0.0,0.0,0.0,Low,0.0
2026-04-18 03:32:30,Seoul Natl Univ Station,여유,Low,0,3,Saturday,4,1,0,0.0,0.0,0.0,0.0,0.0,Low,0.0
2026-04-18 04:42:54,Seoul Natl Univ Station,여유,Low,0,4,Saturday,4,1,0,0.0,0.0,0.0,0.0,0.0,Low,0.0
2026-04-18 05:32:11,Seoul Natl Univ Station,여유,Low,0,5,Saturday,4,1,0,0.0,0.0,0.0,0.0,0.0,Low,0.0
2026-04-18 06:25:19,Seoul Natl Univ Station,여유,Low,0,6,Saturday,4,1,0,0.0,0.0,0.0,0.0,0.0,Low,0.0
2026-04-18 07:21:07,Seoul Natl Univ Station,여유,Low,0,7,Saturday,4,1,0,0.0,0.0,0.0,0.0,0.0,Low,0.0
2026-04-18 08:06:37,Seoul Natl Univ Station,여유,Low,0,8,Saturday,4,1,1,0.0,0.0,0.0,0.0,0.0,Medium,1.0
2026-04-18 12:27:47,Seoul Natl Univ Station,보통,Medium,1,12,Saturday,4,1,0,0.0,0.0,0.0,0.0,0.0,Medium,1.0
2026-04-18 14:25:56,Seoul Natl Univ Station,보통,Medium,1,14,Saturday,4,1,1,1.0,0.0,0.0,0.3333333333333333,0.5773502691896258,Low,0.0
2026-04-18 15:49:18,Seoul Natl Univ Station,여유,Low,0,15,Saturday,4,1,1,1.0,1.0,0.0,0.6666666666666666,0.5773502691896258,Medium,1.0
2026-04-18 16:50:36,Seoul Natl Univ Station,보통,Medium,1,16,Saturday,4,1,1,0.0,1.0,1.0,0.6666666666666666,0.5773502691896258,Medium,1.0
2026-04-18 17:35:49,Seoul Natl Univ Station,보통,Medium,1,17,Saturday,4,1,1,1.0,0.0,1.0,0.6666666666666666,0.5773502691896258,Medium,1.0
2026-04-18 18:32:27,Seoul Natl Univ Station,보통,Medium,1,18,Saturday,4,1,1,1.0,1.0,0.0,0.6666666666666666,0.5773502691896258,Medium,1.0
2026-04-18 19:24:35,Seoul Natl Univ Station,보통,Medium,1,19,Saturday,4,1,1,1.0,1.0,1.0,1.0,0.0,Medium,1.0
2026-04-18 20:20:27,Seoul Natl Univ Station,보통,Medium,1,20,Saturday,4,1,0,1.0,1.0,1.0,1.0,0.0,Low,0.0
2026-04-18 22:24:30,Seoul Natl Univ Station,여유,Low,0,22,Saturday,4,1,0,1.0,1.0,1.0,1.0,0.0,Low,0.0
2026-04-18 23:23:14,Seoul Natl Univ Station,여유,Low,0,23,Saturday,4,1,0,0.0,1.0,1.0,0.6666666666666666,0.5773502691896258,Low,0.0
2026-04-19 00:04:48,Seoul Natl Univ Station,여유,Low,0,0,Sunday,4,1,0,0.0,0.0,1.0,0.3333333333333333,0.5773502691896258,Low,0.0
2026-04-19 01:30:00,Seoul Natl Univ Station,여유,Low,0,1,Sunday,4,1,0,0.0,0.0,0.0,0.0,0.0,Low,0.0
2026-04-19 02:19:38,Seoul Natl Univ Station,여유,Low,0,2,Sunday,4,1,0,0.0,0.0,0.0,0.0,0.0,Low,0.0
2026-04-19 04:07:23,Seoul Natl Univ Station,여유,Low,0,4,Sunday,4,1,0,0.0,0.0,0.0,0.0,0.0,Low,0.0
2026-04-19 05:28:04,Seoul Natl Univ Station,여유,Low,0,5,Sunday,4,1,0,0.0,0.0,0.0,0.0,0.0,Low,0.0
2026-04-19 06:05:53,Seoul Natl Univ Station,여유,Low,0,6,Sunday,4,1,0,0.0,0.0,0.0,0.0,0.0,Low,0.0
2026-04-19 07:20:02,Seoul Natl Univ Station,여유,Low,0,7,Sunday,4,1,0,0.0,0.0,0.0,0.0,0.0,Low,0.0
2026-04-19 08:49:59,Seoul Natl Univ Station,여유,Low,0,8,Sunday,4,1,1,0.0,0.0,0.0,0.0,0.0,Low,0.0
2026-04-19 10:14:16,Seoul Natl Univ Station,여유,Low,0,10,Sunday,4,1,0,0.0,0.0,0.0,0.0,0.0,Low,0.0
2026-04-19 13:26:49,Seoul Natl Univ Station,여유,Low,0,13,Sunday,4,1,0,0.0,0.0,0.0,0.0,0.0,Low,0.0
2026-04-19 15:17:43,Seoul Natl Univ Station,여유,Low,0,15,Sunday,4,1,1,0.0,0.0,0.0,0.0,0.0,Low,0.0
2026-04-19 16:51:15,Seoul Natl Univ Station,여유,Low,0,16,Sunday,4,1,1,0.0,0.0,0.0,0.0,0.0,Low,0.0
2026-04-19 17:42:23,Seoul Natl Univ Station,여유,Low,0,17,Sunday,4,1,1,0.0,0.0,0.0,0.0,0.0,Medium,1.0
2026-04-19 18:35:46,Seoul Natl Univ Station,보통,Medium,1,18,Sunday,4,1,1,0.0,0.0,0.0,0.0,0.0,Low,0.0
2026-04-19 19:23:16,Seoul Natl Univ Station,여유,Low,0,19,Sunday,4,1,1,1.0,0.0,0.0,0.3333333333333333,0.5773502691896258,Low,0.0
2026-04-19 20:06:26,Seoul Natl Univ Station,여유,Low,0,20,Sunday,4,1,0,0.0,1.0,0.0,0.3333333333333333,0.5773502691896258,Low,0.0
2026-04-19 21:30:02,Seoul Natl Univ Station,여유,Low,0,21,Sunday,4,1,0,0.0,0.0,1.0,0.3333333333333333,0.5773502691896258,Low,0.0
2026-04-19 22:45:06,Seoul Natl Univ Station,여유,Low,0,22,Sunday,4,1,0,0.0,0.0,0.0,0.0,0.0,Low,0.0
2026-04-19 23:31:01,Seoul Natl Univ Station,여유,Low,0,23,Sunday,4,1,0,0.0,0.0,0.0,0.0,0.0,Low,0.0
2026-04-20 00:22:23,Seoul Natl Univ Station,여유,Low,0,0,Monday,4,0,0,0.0,0.0,0.0,0.0,0.0,Low,0.0
2026-04-20 01:56:35,Seoul Natl Univ Station,여유,Low,0,1,Monday,4,0,0,0.0,0.0,0.0,0.0,0.0,Low,0.0
2026-04-20 02:51:09,Seoul Natl Univ Station,여유,Low,0,2,Monday,4,0,0,0.0,0.0,0.0,0.0,0.0,Low,0.0
2026-04-20 03:33:11,Seoul Natl Univ Station,여유,Low,0,3,Monday,4,0,0,0.0,0.0,0.0,0.0,0.0,Low,0.0
2026-04-20 04:28:33,Seoul Natl Univ Station,여유,Low,0,4,Monday,4,0,0,0.0,0.0,0.0,0.0,0.0,Low,0.0
2026-04-20 05:05:06,Seoul Natl Univ Station,여유,Low,0,5,Monday,4,0,0,0.0,0.0,0.0,0.0,0.0,Low,0.0
2026-04-20 06:28:44,Seoul Natl Univ Station,여유,Low,0,6,Monday,4,0,0,0.0,0.0,0.0,0.0,0.0,Low,0.0
2026-04-20 07:04:05,Seoul Natl Univ Station,여유,Low,0,7,Monday,4,0,0,0.0,0.0,0.0,0.0,0.0,Low,0.0
2026-04-20 08:32:55,Seoul Natl Univ Station,여유,Low,0,8,Monday,4,0,1,0.0,0.0,0.0,0.0,0.0,Low,0.0
2026-04-20 09:06:16,Seoul Natl Univ Station,여유,Low,0,9,Monday,4,0,0,0.0,0.0,0.0,0.0,0.0,Low,0.0
2026-04-20 12:50:39,Seoul Natl Univ Station,여유,Low,0,12,Monday,4,0,0,0.0,0.0,0.0,0.0,0.0,Low,0.0
2026-04-20 15:07:56,Seoul Natl Univ Station,여유,Low,0,15,Monday,4,0,1,0.0,0.0,0.0,0.0,0.0,Low,0.0
2026-04-20 17:27:16,Seoul Natl Univ Station,여유,Low,0,17,Monday,4,0,1,0.0,0.0,0.0,0.0,0.0,Medium,1.0
2026-04-20 19:21:46,Seoul Natl Univ Station,보통,Medium,1,19,Monday,4,0,1,0.0,0.0,0.0,0.0,0.0,Low,0.0
2026-04-20 20:49:45,Seoul Natl Univ Station,여유,Low,0,20,Monday,4,0,0,1.0,0.0,0.0,0.3333333333333333,0.5773502691896258,Low,0.0
2026-04-20 21:57:01,Seoul Natl Univ Station,여유,Low,0,21,Monday,4,0,0,0.0,1.0,0.0,0.3333333333333333,0.5773502691896258,Low,0.0
2026-04-20 23:57:48,Seoul Natl Univ Station,여유,Low,0,23,Monday,4,0,0,0.0,0.0,1.0,0.3333333333333333,0.5773502691896258,Low,0.0
2026-04-21 01:20:33,Seoul Natl Univ Station,여유,Low,0,1,Tuesday,4,0,0,0.0,0.0,0.0,0.0,0.0,Low,0.0
2026-04-21 02:33:51,Seoul Natl Univ Station,여유,Low,0,2,Tuesday,4,0,0,0.0,0.0,0.0,0.0,0.0,Low,0.0
2026-04-21 03:39:35,Seoul Natl Univ Station,여유,Low,0,3,Tuesday,4,0,0,0.0,0.0,0.0,0.0,0.0,Low,0.0
2026-04-21 04:50:51,Seoul Natl Univ Station,여유,Low,0,4,Tuesday,4,0,0,0.0,0.0,0.0,0.0,0.0,Low,0.0
2026-04-21 05:35:17,Seoul Natl Univ Station,여유,Low,0,5,Tuesday,4,0,0,0.0,0.0,0.0,0.0,0.0,Low,0.0
2026-04-21 06:30:32,Seoul Natl Univ Station,여유,Low,0,6,Tuesday,4,0,0,0.0,0.0,0.0,0.0,0.0,Low,0.0
2026-04-21 07:27:24,Seoul Natl Univ Station,여유,Low,0,7,Tuesday,4,0,0,0.0,0.0,0.0,0.0,0.0,Low,0.0
2026-04-21 08:25:52,Seoul Natl Univ Station,여유,Low,0,8,Tuesday,4,0,1,0.0,0.0,0.0,0.0,0.0,Low,0.0
2026-04-21 10:08:50,Seoul Natl Univ Station,여유,Low,0,10,Tuesday,4,0,0,0.0,0.0,0.0,0.0,0.0,Low,0.0
2026-04-21 13:23:31,Seoul Natl Univ Station,여유,Low,0,13,Tuesday,4,0,0,0.0,0.0,0.0,0.0,0.0,Low,0.0
2026-04-21 15:19:35,Seoul Natl Univ Station,여유,Low,0,15,Tuesday,4,0,1,0.0,0.0,0.0,0.0,0.0,Low,0.0
2026-04-21 17:13:42,Seoul Natl Univ Station,여유,Low,0,17,Tuesday,4,0,1,0.0,0.0,0.0,0.0,0.0,Medium,1.0
2026-04-21 18:55:32,Seoul Natl Univ Station,보통,Medium,1,18,Tuesday,4,0,1,0.0,0.0,0.0,0.0,0.0,Medium,1.0
2026-04-21 20:21:55,Seoul Natl Univ Station,보통,Medium,1,20,Tuesday,4,0,0,1.0,0.0,0.0,0.3333333333333333,0.5773502691896258,Low,0.0
2026-04-21 21:12:50,Seoul Natl Univ Station,여유,Low,0,21,Tuesday,4,0,0,1.0,1.0,0.0,0.6666666666666666,0.5773502691896258,Low,0.0
2026-04-21 23:12:48,Seoul Natl Univ Station,여유,Low,0,23,Tuesday,4,0,0,0.0,1.0,1.0,0.6666666666666666,0.5773502691896258,Low,0.0
2026-04-22 00:48:03,Seoul Natl Univ Station,여유,Low,0,0,Wednesday,4,0,0,0.0,0.0,1.0,0.3333333333333333,0.5773502691896258,Low,0.0
2026-04-22 01:45:10,Seoul Natl Univ Station,여유,Low,0,1,Wednesday,4,0,0,0.0,0.0,0.0,0.0,0.0,Low,0.0
2026-04-22 02:47:19,Seoul Natl Univ Station,여유,Low,0,2,Wednesday,4,0,0,0.0,0.0,0.0,0.0,0.0,Low,0.0
2026-04-22 03:51:03,Seoul Natl Univ Station,여유,Low,0,3,Wednesday,4,0,0,0.0,0.0,0.0,0.0,0.0,Low,0.0
2026-04-22 04:59:12,Seoul Natl Univ Station,여유,Low,0,4,Wednesday,4,0,0,0.0,0.0,0.0,0.0,0.0,Low,0.0
2026-04-22 06:03:03,Seoul Natl Univ Station,여유,Low,0,6,Wednesday,4,0,0,0.0,0.0,0.0,0.0,0.0,Low,0.0
2026-04-22 07:56:28,Seoul Natl Univ Station,여유,Low,0,7,Wednesday,4,0,0,0.0,0.0,0.0,0.0,0.0,Low,0.0
2026-04-22 08:50:06,Seoul Natl Univ Station,여유,Low,0,8,Wednesday,4,0,1,0.0,0.0,0.0,0.0,0.0,Low,0.0
2026-04-22 10:10:23,Seoul Natl Univ Station,여유,Low,0,10,Wednesday,4,0,0,0.0,0.0,0.0,0.0,0.0,Low,0.0
2026-04-22 13:21:57,Seoul Natl Univ Station,여유,Low,0,13,Wednesday,4,0,0,0.0,0.0,0.0,0.0,0.0,Low,0.0
2026-04-22 15:17:59,Seoul Natl Univ Station,여유,Low,0,15,Wednesday,4,0,1,0.0,0.0,0.0,0.0,0.0,Low,0.0
2026-04-22 17:12:39,Seoul Natl Univ Station,여유,Low,0,17,Wednesday,4,0,1,0.0,0.0,0.0,0.0,0.0,Medium,1.0
2026-04-22 18:57:12,Seoul Natl Univ Station,보통,Medium,1,18,Wednesday,4,0,1,0.0,0.0,0.0,0.0,0.0,Medium,1.0
2026-04-22 20:19:58,Seoul Natl Univ Station,보통,Medium,1,20,Wednesday,4,0,0,1.0,0.0,0.0,0.3333333333333333,0.5773502691896258,Low,0.0
2026-04-22 21:12:07,Seoul Natl Univ Station,여유,Low,0,21,Wednesday,4,0,0,1.0,1.0,0.0,0.6666666666666666,0.5773502691896258,Low,0.0
2026-04-22 23:13:50,Seoul Natl Univ Station,여유,Low,0,23,Wednesday,4,0,0,0.0,1.0,1.0,0.6666666666666666,0.5773502691896258,Low,0.0
2026-04-23 00:46:22,Seoul Natl Univ Station,여유,Low,0,0,Thursday,4,0,0,0.0,0.0,1.0,0.3333333333333333,0.5773502691896258,Low,0.0
2026-04-23 01:46:19,Seoul Natl Univ Station,여유,Low,0,1,Thursday,4,0,0,0.0,0.0,0.0,0.0,0.0,Low,0.0
2026-04-23 02:47:43,Seoul Natl Univ Station,여유,Low,0,2,Thursday,4,0,0,0.0,0.0,0.0,0.0,0.0,Low,0.0
2026-04-23 03:53:21,Seoul Natl Univ Station,여유,Low,0,3,Thursday,4,0,0,0.0,0.0,0.0,0.0,0.0,Low,0.0
2026-04-23 05:03:02,Seoul Natl Univ Station,여유,Low,0,5,Thursday,4,0,0,0.0,0.0,0.0,0.0,0.0,Low,0.0
2026-04-23 06:08:29,Seoul Natl Univ Station,여유,Low,0,6,Thursday,4,0,0,0.0,0.0,0.0,0.0,0.0,Low,0.0
2026-04-23 07:04:18,Seoul Natl Univ Station,여유,Low,0,7,Thursday,4,0,0,0.0,0.0,0.0,0.0,0.0,Low,0.0
2026-04-23 08:02:51,Seoul Natl Univ Station,여유,Low,0,8,Thursday,4,0,1,0.0,0.0,0.0,0.0,0.0,Low,0.0
2026-04-23 12:43:32,Seoul Natl Univ Station,여유,Low,0,12,Thursday,4,0,0,0.0,0.0,0.0,0.0,0.0,Low,0.0
2026-04-23 14:57:39,Seoul Natl Univ Station,여유,Low,0,14,Thursday,4,0,1,0.0,0.0,0.0,0.0,0.0,Low,0.0
2026-04-23 17:09:09,Seoul Natl Univ Station,여유,Low,0,17,Thursday,4,0,1,0.0,0.0,0.0,0.0,0.0,Medium,1.0
2026-04-23 19:00:46,Seoul Natl Univ Station,보통,Medium,1,19,Thursday,4,0,1,0.0,0.0,0.0,0.0,0.0,Medium,1.0
2026-04-23 20:21:40,Seoul Natl Univ Station,보통,Medium,1,20,Thursday,4,0,0,1.0,0.0,0.0,0.3333333333333333,0.5773502691896258,Medium,1.0
2026-04-23 21:13:25,Seoul Natl Univ Station,보통,Medium,1,21,Thursday,4,0,0,1.0,1.0,0.0,0.6666666666666666,0.5773502691896258,Low,0.0
2026-04-23 23:17:04,Seoul Natl Univ Station,여유,Low,0,23,Thursday,4,0,0,1.0,1.0,1.0,1.0,0.0,Low,0.0
2026-04-24 02:51:51,Seoul Natl Univ Station,여유,Low,0,2,Friday,4,0,0,0.0,1.0,1.0,0.6666666666666666,0.5773502691896258,Low,0.0
2026-04-24 03:57:02,Seoul Natl Univ Station,여유,Low,0,3,Friday,4,0,0,0.0,0.0,1.0,0.3333333333333333,0.5773502691896258,Low,0.0
2026-04-24 05:11:44,Seoul Natl Univ Station,여유,Low,0,5,Friday,4,0,0,0.0,0.0,0.0,0.0,0.0,Low,0.0
2026-04-24 06:11:41,Seoul Natl Univ Station,여유,Low,0,6,Friday,4,0,0,0.0,0.0,0.0,0.0,0.0,Low,0.0
2026-04-24 07:05:30,Seoul Natl Univ Station,여유,Low,0,7,Friday,4,0,0,0.0,0.0,0.0,0.0,0.0,Low,0.0
2026-04-24 08:04:02,Seoul Natl Univ Station,여유,Low,0,8,Friday,4,0,1,0.0,0.0,0.0,0.0,0.0,Low,0.0
2026-04-24 12:46:57,Seoul Natl Univ Station,여유,Low,0,12,Friday,4,0,0,0.0,0.0,0.0,0.0,0.0,Low,0.0
2026-04-24 15:00:59,Seoul Natl Univ Station,여유,Low,0,15,Friday,4,0,1,0.0,0.0,0.0,0.0,0.0,Medium,1.0
2026-04-24 17:20:35,Seoul Natl Univ Station,보통,Medium,1,17,Friday,4,0,1,0.0,0.0,0.0,0.0,0.0,High,2.0
2026-04-24 18:58:59,Seoul Natl Univ Station,약간 붐빔,High,2,18,Friday,4,0,1,1.0,0.0,0.0,0.3333333333333333,0.5773502691896258,High,2.0
2026-04-24 20:20:51,Seoul Natl Univ Station,약간 붐빔,High,2,20,Friday,4,0,0,2.0,1.0,0.0,1.0,1.0,Medium,1.0
2026-04-24 21:12:01,Seoul Natl Univ Station,보통,Medium,1,21,Friday,4,0,0,2.0,2.0,1.0,1.6666666666666667,0.5773502691896257,Low,0.0
2026-04-24 23:12:15,Seoul Natl Univ Station,여유,Low,0,23,Friday,4,0,0,1.0,2.0,2.0,1.6666666666666667,0.5773502691896258,Low,0.0
2026-04-25 00:43:12,Seoul Natl Univ Station,여유,Low,0,0,Saturday,4,1,0,0.0,1.0,2.0,1.0,1.0,Low,0.0
2026-04-25 01:42:28,Seoul Natl Univ Station,여유,Low,0,1,Saturday,4,1,0,0.0,0.0,1.0,0.3333333333333333,0.5773502691896258,Low,0.0
2026-04-25 02:41:16,Seoul Natl Univ Station,여유,Low,0,2,Saturday,4,1,0,0.0,0.0,0.0,0.0,0.0,Low,0.0
2026-04-25 03:33:15,Seoul Natl Univ Station,여유,Low,0,3,Saturday,4,1,0,0.0,0.0,0.0,0.0,0.0,Low,0.0
2026-04-25 04:36:21,Seoul Natl Univ Station,여유,Low,0,4,Saturday,4,1,0,0.0,0.0,0.0,0.0,0.0,Low,0.0
2026-04-25 05:28:10,Seoul Natl Univ Station,여유,Low,0,5,Saturday,4,1,0,0.0,0.0,0.0,0.0,0.0,Low,0.0
2026-04-25 06:30:46,Seoul Natl Univ Station,여유,Low,0,6,Saturday,4,1,0,0.0,0.0,0.0,0.0,0.0,Low,0.0
2026-04-25 07:26:13,Seoul Natl Univ Station,여유,Low,0,7,Saturday,4,1,0,0.0,0.0,0.0,0.0,0.0,Low,0.0
2026-04-25 08:23:22,Seoul Natl Univ Station,여유,Low,0,8,Saturday,4,1,1,0.0,0.0,0.0,0.0,0.0,Low,0.0
2026-04-25 09:02:55,Seoul Natl Univ Station,여유,Low,0,9,Saturday,4,1,0,0.0,0.0,0.0,0.0,0.0,Low,0.0
2026-04-25 12:29:58,Seoul Natl Univ Station,여유,Low,0,12,Saturday,4,1,0,0.0,0.0,0.0,0.0,0.0,Medium,1.0
2026-04-25 14:31:11,Seoul Natl Univ Station,보통,Medium,1,14,Saturday,4,1,1,0.0,0.0,0.0,0.0,0.0,Low,0.0
2026-04-25 15:55:13,Seoul Natl Univ Station,여유,Low,0,15,Saturday,4,1,1,1.0,0.0,0.0,0.3333333333333333,0.5773502691896258,Medium,1.0
2026-04-25 17:10:53,Seoul Natl Univ Station,보통,Medium,1,17,Saturday,4,1,1,0.0,1.0,0.0,0.3333333333333333,0.5773502691896258,Medium,1.0
2026-04-25 18:14:19,Seoul Natl Univ Station,보통,Medium,1,18,Saturday,4,1,1,1.0,0.0,1.0,0.6666666666666666,0.5773502691896258,Medium,1.0
2026-04-25 19:10:26,Seoul Natl Univ Station,보통,Medium,1,19,Saturday,4,1,1,1.0,1.0,0.0,0.6666666666666666,0.5773502691896258,Medium,1.0
2026-04-25 20:08:09,Seoul Natl Univ Station,보통,Medium,1,20,Saturday,4,1,0,1.0,1.0,1.0,1.0,0.0,Low,0.0
2026-04-25 22:37:40,Seoul Natl Univ Station,여유,Low,0,22,Saturday,4,1,0,1.0,1.0,1.0,1.0,0.0,Low,0.0
2026-04-25 23:27:37,Seoul Natl Univ Station,여유,Low,0,23,Saturday,4,1,0,0.0,1.0,1.0,0.6666666666666666,0.5773502691896258,Low,0.0
2026-04-26 00:24:28,Seoul Natl Univ Station,여유,Low,0,0,Sunday,4,1,0,0.0,0.0,1.0,0.3333333333333333,0.5773502691896258,Low,0.0
2026-04-26 01:09:01,Seoul Natl Univ Station,여유,Low,0,1,Sunday,4,1,0,0.0,0.0,0.0,0.0,0.0,Low,0.0
2026-04-26 02:05:08,Seoul Natl Univ Station,여유,Low,0,2,Sunday,4,1,0,0.0,0.0,0.0,0.0,0.0,Low,0.0
2026-04-26 04:08:58,Seoul Natl Univ Station,여유,Low,0,4,Sunday,4,1,0,0.0,0.0,0.0,0.0,0.0,Low,0.0
2026-04-26 05:54:06,Seoul Natl Univ Station,여유,Low,0,5,Sunday,4,1,0,0.0,0.0,0.0,0.0,0.0,Low,0.0
2026-04-26 06:50:54,Seoul Natl Univ Station,여유,Low,0,6,Sunday,4,1,0,0.0,0.0,0.0,0.0,0.0,Low,0.0
2026-04-26 07:24:39,Seoul Natl Univ Station,여유,Low,0,7,Sunday,4,1,0,0.0,0.0,0.0,0.0,0.0,Low,0.0
2026-04-26 08:20:59,Seoul Natl Univ Station,여유,Low,0,8,Sunday,4,1,1,0.0,0.0,0.0,0.0,0.0,Low,0.0
2026-04-26 12:52:57,Seoul Natl Univ Station,여유,Low,0,12,Sunday,4,1,0,0.0,0.0,0.0,0.0,0.0,Low,0.0
2026-04-26 15:03:49,Seoul Natl Univ Station,여유,Low,0,15,Sunday,4,1,1,0.0,0.0,0.0,0.0,0.0,Low,0.0
2026-04-26 16:53:06,Seoul Natl Univ Station,여유,Low,0,16,Sunday,4,1,1,0.0,0.0,0.0,0.0,0.0,Low,0.0
2026-04-26 17:54:59,Seoul Natl Univ Station,여유,Low,0,17,Sunday,4,1,1,0.0,0.0,0.0,0.0,0.0,Low,0.0
2026-04-26 19:04:37,Seoul Natl Univ Station,여유,Low,0,19,Sunday,4,1,1,0.0,0.0,0.0,0.0,0.0,Low,0.0
2026-04-26 20:00:36,Seoul Natl Univ Station,여유,Low,0,20,Sunday,4,1,0,0.0,0.0,0.0,0.0,0.0,Low,0.0
2026-04-26 21:48:41,Seoul Natl Univ Station,여유,Low,0,21,Sunday,4,1,0,0.0,0.0,0.0,0.0,0.0,Low,0.0
2026-04-26 22:56:49,Seoul Natl Univ Station,여유,Low,0,22,Sunday,4,1,0,0.0,0.0,0.0,0.0,0.0,Low,0.0
2026-04-26 23:59:18,Seoul Natl Univ Station,여유,Low,0,23,Sunday,4,1,0,0.0,0.0,0.0,0.0,0.0,Low,0.0
2026-04-27 00:54:43,Seoul Natl Univ Station,여유,Low,0,0,Monday,4,0,0,0.0,0.0,0.0,0.0,0.0,Low,0.0
2026-04-27 01:59:42,Seoul Natl Univ Station,여유,Low,0,1,Monday,4,0,0,0.0,0.0,0.0,0.0,0.0,Low,0.0
2026-04-27 02:55:29,Seoul Natl Univ Station,여유,Low,0,2,Monday,4,0,0,0.0,0.0,0.0,0.0,0.0,Low,0.0
2026-04-27 04:11:29,Seoul Natl Univ Station,여유,Low,0,4,Monday,4,0,0,0.0,0.0,0.0,0.0,0.0,Low,0.0
2026-04-27 05:00:05,Seoul Natl Univ Station,여유,Low,0,5,Monday,4,0,0,0.0,0.0,0.0,0.0,0.0,Low,0.0
2026-04-27 06:52:29,Seoul Natl Univ Station,여유,Low,0,6,Monday,4,0,0,0.0,0.0,0.0,0.0,0.0,Low,0.0
2026-04-27 07:31:24,Seoul Natl Univ Station,여유,Low,0,7,Monday,4,0,0,0.0,0.0,0.0,0.0,0.0,Low,0.0
2026-04-27 08:22:51,Seoul Natl Univ Station,여유,Low,0,8,Monday,4,0,1,0.0,0.0,0.0,0.0,0.0,Low,0.0
2026-04-27 09:02:50,Seoul Natl Univ Station,여유,Low,0,9,Monday,4,0,0,0.0,0.0,0.0,0.0,0.0,Low,0.0
2026-04-27 12:57:06,Seoul Natl Univ Station,여유,Low,0,12,Monday,4,0,0,0.0,0.0,0.0,0.0,0.0,Low,0.0
2026-04-27 15:40:09,Seoul Natl Univ Station,여유,Low,0,15,Monday,4,0,1,0.0,0.0,0.0,0.0,0.0,Low,0.0
2026-04-27 18:11:20,Seoul Natl Univ Station,여유,Low,0,18,Monday,4,0,1,0.0,0.0,0.0,0.0,0.0,Medium,1.0
2026-04-27 20:20:43,Seoul Natl Univ Station,보통,Medium,1,20,Monday,4,0,0,0.0,0.0,0.0,0.0,0.0,Low,0.0
2026-04-27 21:57:56,Seoul Natl Univ Station,여유,Low,0,21,Monday,4,0,0,1.0,0.0,0.0,0.3333333333333333,0.5773502691896258,Low,0.0
2026-04-28 00:16:58,Seoul Natl Univ Station,여유,Low,0,0,Tuesday,4,0,0,0.0,1.0,0.0,0.3333333333333333,0.5773502691896258,Low,0.0
2026-04-28 02:00:03,Seoul Natl Univ Station,여유,Low,0,2,Tuesday,4,0,0,0.0,0.0,1.0,0.3333333333333333,0.5773502691896258,Low,0.0
2026-04-28 03:18:10,Seoul Natl Univ Station,여유,Low,0,3,Tuesday,4,0,0,0.0,0.0,0.0,0.0,0.0,Low,0.0
2026-04-28 04:52:11,Seoul Natl Univ Station,여유,Low,0,4,Tuesday,4,0,0,0.0,0.0,0.0,0.0,0.0,Low,0.0
2026-04-28 05:54:37,Seoul Natl Univ Station,여유,Low,0,5,Tuesday,4,0,0,0.0,0.0,0.0,0.0,0.0,Low,0.0
2026-04-28 07:05:03,Seoul Natl Univ Station,여유,Low,0,7,Tuesday,4,0,0,0.0,0.0,0.0,0.0,0.0,Low,0.0
2026-04-28 08:08:16,Seoul Natl Univ Station,여유,Low,0,8,Tuesday,4,0,1,0.0,0.0,0.0,0.0,0.0,Low,0.0
2026-04-28 09:05:46,Seoul Natl Univ Station,여유,Low,0,9,Tuesday,4,0,0,0.0,0.0,0.0,0.0,0.0,Low,0.0
2026-04-28 13:03:19,Seoul Natl Univ Station,여유,Low,0,13,Tuesday,4,0,0,0.0,0.0,0.0,0.0,0.0,Low,0.0
2026-04-28 15:41:39,Seoul Natl Univ Station,여유,Low,0,15,Tuesday,4,0,1,0.0,0.0,0.0,0.0,0.0,Low,0.0
2026-04-28 18:12:51,Seoul Natl Univ Station,여유,Low,0,18,Tuesday,4,0,1,0.0,0.0,0.0,0.0,0.0,Medium,1.0
2026-04-28 20:20:22,Seoul Natl Univ Station,보통,Medium,1,20,Tuesday,4,0,0,0.0,0.0,0.0,0.0,0.0,Low,0.0
2026-04-28 22:04:31,Seoul Natl Univ Station,여유,Low,0,22,Tuesday,4,0,0,1.0,0.0,0.0,0.3333333333333333,0.5773502691896258,Low,0.0
2026-04-29 00:35:39,Seoul Natl Univ Station,여유,Low,0,0,Wednesday,4,0,0,0.0,1.0,0.0,0.3333333333333333,0.5773502691896258,Low,0.0
2026-04-29 02:16:29,Seoul Natl Univ Station,여유,Low,0,2,Wednesday,4,0,0,0.0,0.0,1.0,0.3333333333333333,0.5773502691896258,Low,0.0
2026-04-29 03:58:00,Seoul Natl Univ Station,여유,Low,0,3,Wednesday,4,0,0,0.0,0.0,0.0,0.0,0.0,Low,0.0
2026-04-29 05:38:23,Seoul Natl Univ Station,여유,Low,0,5,Wednesday,4,0,0,0.0,0.0,0.0,0.0,0.0,Low,0.0
2026-04-29 06:42:33,Seoul Natl Univ Station,여유,Low,0,6,Wednesday,4,0,0,0.0,0.0,0.0,0.0,0.0,Low,0.0
2026-04-29 07:43:00,Seoul Natl Univ Station,여유,Low,0,7,Wednesday,4,0,0,0.0,0.0,0.0,0.0,0.0,Low,0.0
2026-04-29 08:42:04,Seoul Natl Univ Station,여유,Low,0,8,Wednesday,4,0,1,0.0,0.0,0.0,0.0,0.0,Low,0.0
2026-04-29 10:27:42,Seoul Natl Univ Station,여유,Low,0,10,Wednesday,4,0,0,0.0,0.0,0.0,0.0,0.0,Low,0.0
2026-04-29 13:59:46,Seoul Natl Univ Station,여유,Low,0,13,Wednesday,4,0,0,0.0,0.0,0.0,0.0,0.0,Low,0.0
2026-04-29 16:33:55,Seoul Natl Univ Station,여유,Low,0,16,Wednesday,4,0,1,0.0,0.0,0.0,0.0,0.0,High,2.0
2026-04-29 18:37:00,Seoul Natl Univ Station,약간 붐빔,High,2,18,Wednesday,4,0,1,0.0,0.0,0.0,0.0,0.0,Medium,1.0
2026-04-29 20:18:29,Seoul Natl Univ Station,보통,Medium,1,20,Wednesday,4,0,0,2.0,0.0,0.0,0.6666666666666666,1.1547005383792517,Medium,1.0
2026-04-29 22:00:26,Seoul Natl Univ Station,보통,Medium,1,22,Wednesday,4,0,0,1.0,2.0,0.0,1.0,1.0,Low,0.0
2026-04-30 00:25:22,Seoul Natl Univ Station,여유,Low,0,0,Thursday,4,0,0,1.0,1.0,2.0,1.3333333333333333,0.577350269189626,Low,0.0
2026-04-30 02:09:28,Seoul Natl Univ Station,여유,Low,0,2,Thursday,4,0,0,0.0,1.0,1.0,0.6666666666666666,0.5773502691896258,Low,0.0
2026-04-30 03:52:58,Seoul Natl Univ Station,여유,Low,0,3,Thursday,4,0,0,0.0,0.0,1.0,0.3333333333333333,0.5773502691896258,Low,0.0
2026-04-30 05:08:19,Seoul Natl Univ Station,여유,Low,0,5,Thursday,4,0,0,0.0,0.0,0.0,0.0,0.0,Low,0.0
2026-04-30 06:18:18,Seoul Natl Univ Station,여유,Low,0,6,Thursday,4,0,0,0.0,0.0,0.0,0.0,0.0,Low,0.0
2026-04-30 07:15:21,Seoul Natl Univ Station,여유,Low,0,7,Thursday,4,0,0,0.0,0.0,0.0,0.0,0.0,Low,0.0
2026-04-30 08:15:24,Seoul Natl Univ Station,여유,Low,0,8,Thursday,4,0,1,0.0,0.0,0.0,0.0,0.0,Low,0.0
2026-04-30 09:12:30,Seoul Natl Univ Station,여유,Low,0,9,Thursday,4,0,0,0.0,0.0,0.0,0.0,0.0,Low,0.0
2026-04-30 13:09:19,Seoul Natl Univ Station,여유,Low,0,13,Thursday,4,0,0,0.0,0.0,0.0,0.0,0.0,Low,0.0
2026-04-30 15:44:41,Seoul Natl Univ Station,여유,Low,0,15,Thursday,4,0,1,0.0,0.0,0.0,0.0,0.0,Medium,1.0
2026-04-30 18:06:45,Seoul Natl Univ Station,보통,Medium,1,18,Thursday,4,0,1,0.0,0.0,0.0,0.0,0.0,High,2.0
2026-04-30 20:05:07,Seoul Natl Univ Station,약간 붐빔,High,2,20,Thursday,4,0,0,1.0,0.0,0.0,0.3333333333333333,0.5773502691896258,Medium,1.0
2026-04-30 21:22:45,Seoul Natl Univ Station,보통,Medium,1,21,Thursday,4,0,0,2.0,1.0,0.0,1.0,1.0,Low,0.0
2026-04-30 23:31:37,Seoul Natl Univ Station,여유,Low,0,23,Thursday,4,0,0,1.0,2.0,1.0,1.3333333333333333,0.5773502691896257,Low,0.0
2026-05-01 01:08:14,Seoul Natl Univ Station,여유,Low,0,1,Friday,5,0,0,0.0,1.0,2.0,1.0,1.0,Low,0.0
2026-05-01 02:44:45,Seoul Natl Univ Station,여유,Low,0,2,Friday,5,0,0,0.0,0.0,1.0,0.3333333333333333,0.5773502691896258,Low,0.0
2026-05-01 04:01:53,Seoul Natl Univ Station,여유,Low,0,4,Friday,5,0,0,0.0,0.0,0.0,0.0,0.0,Low,0.0
2026-05-01 05:17:47,Seoul Natl Univ Station,여유,Low,0,5,Friday,5,0,0,0.0,0.0,0.0,0.0,0.0,Low,0.0
2026-05-01 06:30:23,Seoul Natl Univ Station,여유,Low,0,6,Friday,5,0,0,0.0,0.0,0.0,0.0,0.0,Low,0.0
2026-05-01 07:32:34,Seoul Natl Univ Station,여유,Low,0,7,Friday,5,0,0,0.0,0.0,0.0,0.0,0.0,Low,0.0
2026-05-01 08:32:59,Seoul Natl Univ Station,여유,Low,0,8,Friday,5,0,1,0.0,0.0,0.0,0.0,0.0,Low,0.0
2026-05-01 10:25:32,Seoul Natl Univ Station,여유,Low,0,10,Friday,5,0,0,0.0,0.0,0.0,0.0,0.0,Medium,1.0
2026-05-01 14:27:37,Seoul Natl Univ Station,보통,Medium,1,14,Friday,5,0,1,0.0,0.0,0.0,0.0,0.0,Low,0.0
2026-05-01 16:52:01,Seoul Natl Univ Station,여유,Low,0,16,Friday,5,0,1,1.0,0.0,0.0,0.3333333333333333,0.5773502691896258,Medium,1.0
2026-05-01 18:26:53,Seoul Natl Univ Station,보통,Medium,1,18,Friday,5,0,1,0.0,1.0,0.0,0.3333333333333333,0.5773502691896258,Medium,1.0
2026-05-01 19:55:06,Seoul Natl Univ Station,보통,Medium,1,19,Friday,5,0,1,1.0,0.0,1.0,0.6666666666666666,0.5773502691896258,Low,0.0
2026-05-01 21:05:04,Seoul Natl Univ Station,여유,Low,0,21,Friday,5,0,0,1.0,1.0,0.0,0.6666666666666666,0.5773502691896258,Low,0.0
2026-05-01 22:51:48,Seoul Natl Univ Station,여유,Low,0,22,Friday,5,0,0,0.0,1.0,1.0,0.6666666666666666,0.5773502691896258,Low,0.0
2026-05-01 23:47:15,Seoul Natl Univ Station,여유,Low,0,23,Friday,5,0,0,0.0,0.0,1.0,0.3333333333333333,0.5773502691896258,Low,0.0
2026-05-02 00:43:24,Seoul Natl Univ Station,여유,Low,0,0,Saturday,5,1,0,0.0,0.0,0.0,0.0,0.0,Low,0.0
2026-05-02 01:41:25,Seoul Natl Univ Station,여유,Low,0,1,Saturday,5,1,0,0.0,0.0,0.0,0.0,0.0,Low,0.0
2026-05-02 02:45:08,Seoul Natl Univ Station,여유,Low,0,2,Saturday,5,1,0,0.0,0.0,0.0,0.0,0.0,Low,0.0
2026-05-02 03:51:47,Seoul Natl Univ Station,여유,Low,0,3,Saturday,5,1,0,0.0,0.0,0.0,0.0,0.0,Low,0.0
2026-05-02 05:00:54,Seoul Natl Univ Station,여유,Low,0,5,Saturday,5,1,0,0.0,0.0,0.0,0.0,0.0,Low,0.0
2026-05-02 06:05:44,Seoul Natl Univ Station,여유,Low,0,6,Saturday,5,1,0,0.0,0.0,0.0,0.0,0.0,Low,0.0
2026-05-02 07:03:18,Seoul Natl Univ Station,여유,Low,0,7,Saturday,5,1,0,0.0,0.0,0.0,0.0,0.0,Low,0.0
2026-05-02 08:04:25,Seoul Natl Univ Station,여유,Low,0,8,Saturday,5,1,1,0.0,0.0,0.0,0.0,0.0,Low,0.0
2026-05-02 09:01:37,Seoul Natl Univ Station,여유,Low,0,9,Saturday,5,1,0,0.0,0.0,0.0,0.0,0.0,Low,0.0
2026-05-02 12:47:08,Seoul Natl Univ Station,여유,Low,0,12,Saturday,5,1,0,0.0,0.0,0.0,0.0,0.0,Low,0.0
2026-05-02 14:58:24,Seoul Natl Univ Station,여유,Low,0,14,Saturday,5,1,1,0.0,0.0,0.0,0.0,0.0,Low,0.0
2026-05-02 16:58:20,Seoul Natl Univ Station,여유,Low,0,16,Saturday,5,1,1,0.0,0.0,0.0,0.0,0.0,Low,0.0
2026-05-02 18:18:33,Seoul Natl Univ Station,여유,Low,0,18,Saturday,5,1,1,0.0,0.0,0.0,0.0,0.0,Medium,1.0
2026-05-02 19:14:35,Seoul Natl Univ Station,보통,Medium,1,19,Saturday,5,1,1,0.0,0.0,0.0,0.0,0.0,Low,0.0
2026-05-02 20:11:42,Seoul Natl Univ Station,여유,Low,0,20,Saturday,5,1,0,1.0,0.0,0.0,0.3333333333333333,0.5773502691896258,Low,0.0
2026-05-02 21:03:42,Seoul Natl Univ Station,여유,Low,0,21,Saturday,5,1,0,0.0,1.0,0.0,0.3333333333333333,0.5773502691896258,Low,0.0
2026-05-02 22:44:44,Seoul Natl Univ Station,여유,Low,0,22,Saturday,5,1,0,0.0,0.0,1.0,0.3333333333333333,0.5773502691896258,Low,0.0
2026-05-02 23:38:52,Seoul Natl Univ Station,여유,Low,0,23,Saturday,5,1,0,0.0,0.0,0.0,0.0,0.0,Low,0.0
2026-05-03 00:35:17,Seoul Natl Univ Station,여유,Low,0,0,Sunday,5,1,0,0.0,0.0,0.0,0.0,0.0,Low,0.0
2026-05-03 01:29:20,Seoul Natl Univ Station,여유,Low,0,1,Sunday,5,1,0,0.0,0.0,0.0,0.0,0.0,Low,0.0
2026-05-03 02:29:15,Seoul Natl Univ Station,여유,Low,0,2,Sunday,5,1,0,0.0,0.0,0.0,0.0,0.0,Low,0.0
2026-05-03 03:33:06,Seoul Natl Univ Station,여유,Low,0,3,Sunday,5,1,0,0.0,0.0,0.0,0.0,0.0,Low,0.0
2026-05-03 04:39:28,Seoul Natl Univ Station,여유,Low,0,4,Sunday,5,1,0,0.0,0.0,0.0,0.0,0.0,Low,0.0
2026-05-03 05:27:52,Seoul Natl Univ Station,여유,Low,0,5,Sunday,5,1,0,0.0,0.0,0.0,0.0,0.0,Low,0.0
2026-05-03 06:23:29,Seoul Natl Univ Station,여유,Low,0,6,Sunday,5,1,0,0.0,0.0,0.0,0.0,0.0,Low,0.0
2026-05-03 07:05:43,Seoul Natl Univ Station,여유,Low,0,7,Sunday,5,1,0,0.0,0.0,0.0,0.0,0.0,Low,0.0
2026-05-03 08:01:40,Seoul Natl Univ Station,여유,Low,0,8,Sunday,5,1,1,0.0,0.0,0.0,0.0,0.0,Low,0.0
2026-05-03 13:07:46,Seoul Natl Univ Station,여유,Low,0,13,Sunday,5,1,0,0.0,0.0,0.0,0.0,0.0,Low,0.0
2026-05-03 15:39:28,Seoul Natl Univ Station,여유,Low,0,15,Sunday,5,1,1,0.0,0.0,0.0,0.0,0.0,Low,0.0
2026-05-03 17:28:31,Seoul Natl Univ Station,여유,Low,0,17,Sunday,5,1,1,0.0,0.0,0.0,0.0,0.0,Low,0.0
2026-05-03 18:53:24,Seoul Natl Univ Station,여유,Low,0,18,Sunday,5,1,1,0.0,0.0,0.0,0.0,0.0,Low,0.0
2026-05-03 19:51:00,Seoul Natl Univ Station,여유,Low,0,19,Sunday,5,1,1,0.0,0.0,0.0,0.0,0.0,Low,0.0
2026-05-03 20:34:53,Seoul Natl Univ Station,여유,Low,0,20,Sunday,5,1,0,0.0,0.0,0.0,0.0,0.0,Low,0.0
2026-05-03 21:34:06,Seoul Natl Univ Station,여유,Low,0,21,Sunday,5,1,0,0.0,0.0,0.0,0.0,0.0,Low,0.0
2026-05-03 22:57:18,Seoul Natl Univ Station,여유,Low,0,22,Sunday,5,1,0,0.0,0.0,0.0,0.0,0.0,Low,0.0
2026-05-04 00:02:54,Seoul Natl Univ Station,여유,Low,0,0,Monday,5,0,0,0.0,0.0,0.0,0.0,0.0,Low,0.0
2026-05-04 02:04:57,Seoul Natl Univ Station,여유,Low,0,2,Monday,5,0,0,0.0,0.0,0.0,0.0,0.0,Low,0.0
2026-05-04 03:00:07,Seoul Natl Univ Station,여유,Low,0,3,Monday,5,0,0,0.0,0.0,0.0,0.0,0.0,Low,0.0
2026-05-04 04:15:18,Seoul Natl Univ Station,여유,Low,0,4,Monday,5,0,0,0.0,0.0,0.0,0.0,0.0,Low,0.0
2026-05-04 05:04:08,Seoul Natl Univ Station,여유,Low,0,5,Monday,5,0,0,0.0,0.0,0.0,0.0,0.0,Low,0.0
2026-05-04 06:57:08,Seoul Natl Univ Station,여유,Low,0,6,Monday,5,0,0,0.0,0.0,0.0,0.0,0.0,Low,0.0
2026-05-04 08:00:38,Seoul Natl Univ Station,여유,Low,0,8,Monday,5,0,1,0.0,0.0,0.0,0.0,0.0,Low,0.0
2026-05-04 09:00:22,Seoul Natl Univ Station,여유,Low,0,9,Monday,5,0,0,0.0,0.0,0.0,0.0,0.0,Low,0.0
2026-05-04 13:04:48,Seoul Natl Univ Station,여유,Low,0,13,Monday,5,0,0,0.0,0.0,0.0,0.0,0.0,Low,0.0
2026-05-04 15:51:53,Seoul Natl Univ Station,여유,Low,0,15,Monday,5,0,1,0.0,0.0,0.0,0.0,0.0,Medium,1.0
2026-05-04 18:12:12,Seoul Natl Univ Station,보통,Medium,1,18,Monday,5,0,1,0.0,0.0,0.0,0.0,0.0,High,2.0
2026-05-04 20:20:31,Seoul Natl Univ Station,약간 붐빔,High,2,20,Monday,5,0,0,1.0,0.0,0.0,0.3333333333333333,0.5773502691896258,Medium,1.0
2026-05-04 22:01:45,Seoul Natl Univ Station,보통,Medium,1,22,Monday,5,0,0,2.0,1.0,0.0,1.0,1.0,Low,0.0
2026-05-05 00:17:49,Seoul Natl Univ Station,여유,Low,0,0,Tuesday,5,0,0,1.0,2.0,1.0,1.3333333333333333,0.5773502691896257,Low,0.0
2026-05-05 02:07:25,Seoul Natl Univ Station,여유,Low,0,2,Tuesday,5,0,0,0.0,1.0,2.0,1.0,1.0,Low,0.0
2026-05-05 03:54:33,Seoul Natl Univ Station,여유,Low,0,3,Tuesday,5,0,0,0.0,0.0,1.0,0.3333333333333333,0.5773502691896258,Low,0.0
2026-05-05 05:40:07,Seoul Natl Univ Station,여유,Low,0,5,Tuesday,5,0,0,0.0,0.0,0.0,0.0,0.0,Low,0.0
2026-05-05 06:48:15,Seoul Natl Univ Station,여유,Low,0,6,Tuesday,5,0,0,0.0,0.0,0.0,0.0,0.0,Low,0.0
2026-05-05 07:43:42,Seoul Natl Univ Station,여유,Low,0,7,Tuesday,5,0,0,0.0,0.0,0.0,0.0,0.0,Low,0.0
2026-05-05 08:40:25,Seoul Natl Univ Station,여유,Low,0,8,Tuesday,5,0,1,0.0,0.0,0.0,0.0,0.0,Low,0.0
2026-05-05 10:22:34,Seoul Natl Univ Station,여유,Low,0,10,Tuesday,5,0,0,0.0,0.0,0.0,0.0,0.0,Low,0.0
2026-05-05 13:38:08,Seoul Natl Univ Station,여유,Low,0,13,Tuesday,5,0,0,0.0,0.0,0.0,0.0,0.0,Low,0.0
2026-05-05 16:04:57,Seoul Natl Univ Station,여유,Low,0,16,Tuesday,5,0,1,0.0,0.0,0.0,0.0,0.0,Low,0.0
2026-05-05 18:18:17,Seoul Natl Univ Station,여유,Low,0,18,Tuesday,5,0,1,0.0,0.0,0.0,0.0,0.0,Medium,1.0
2026-05-05 19:57:10,Seoul Natl Univ Station,보통,Medium,1,19,Tuesday,5,0,1,0.0,0.0,0.0,0.0,0.0,Low,0.0
2026-05-05 21:11:53,Seoul Natl Univ Station,여유,Low,0,21,Tuesday,5,0,0,1.0,0.0,0.0,0.3333333333333333,0.5773502691896258,Low,0.0
2026-05-05 23:30:04,Seoul Natl Univ Station,여유,Low,0,23,Tuesday,5,0,0,0.0,1.0,0.0,0.3333333333333333,0.5773502691896258,Low,0.0
2026-05-06 01:14:19,Seoul Natl Univ Station,여유,Low,0,1,Wednesday,5,0,0,0.0,0.0,1.0,0.3333333333333333,0.5773502691896258,Low,0.0
2026-05-06 02:56:43,Seoul Natl Univ Station,여유,Low,0,2,Wednesday,5,0,0,0.0,0.0,0.0,0.0,0.0,Low,0.0
2026-05-06 04:50:00,Seoul Natl Univ Station,여유,Low,0,4,Wednesday,5,0,0,0.0,0.0,0.0,0.0,0.0,Low,0.0
2026-05-06 05:49:38,Seoul Natl Univ Station,여유,Low,0,5,Wednesday,5,0,0,0.0,0.0,0.0,0.0,0.0,Low,0.0
2026-05-06 06:48:08,Seoul Natl Univ Station,여유,Low,0,6,Wednesday,5,0,0,0.0,0.0,0.0,0.0,0.0,Low,0.0
2026-05-06 07:41:59,Seoul Natl Univ Station,여유,Low,0,7,Wednesday,5,0,0,0.0,0.0,0.0,0.0,0.0,Low,0.0
2026-05-06 08:37:03,Seoul Natl Univ Station,여유,Low,0,8,Wednesday,5,0,1,0.0,0.0,0.0,0.0,0.0,Low,0.0
2026-05-06 10:16:20,Seoul Natl Univ Station,여유,Low,0,10,Wednesday,5,0,0,0.0,0.0,0.0,0.0,0.0,Low,0.0
2026-05-06 13:47:12,Seoul Natl Univ Station,여유,Low,0,13,Wednesday,5,0,0,0.0,0.0,0.0,0.0,0.0,Low,0.0
2026-05-06 16:28:42,Seoul Natl Univ Station,여유,Low,0,16,Wednesday,5,0,1,0.0,0.0,0.0,0.0,0.0,Medium,1.0
2026-05-06 19:00:40,Seoul Natl Univ Station,보통,Medium,1,19,Wednesday,5,0,1,0.0,0.0,0.0,0.0,0.0,Low,0.0
2026-05-06 21:03:38,Seoul Natl Univ Station,여유,Low,0,21,Wednesday,5,0,0,1.0,0.0,0.0,0.3333333333333333,0.5773502691896258,Low,0.0
2026-05-06 23:42:44,Seoul Natl Univ Station,여유,Low,0,23,Wednesday,5,0,0,0.0,1.0,0.0,0.3333333333333333,0.5773502691896258,Low,0.0
2026-05-07 01:22:25,Seoul Natl Univ Station,여유,Low,0,1,Thursday,5,0,0,0.0,0.0,1.0,0.3333333333333333,0.5773502691896258,Low,0.0
2026-05-07 02:57:57,Seoul Natl Univ Station,여유,Low,0,2,Thursday,5,0,0,0.0,0.0,0.0,0.0,0.0,Low,0.0
2026-05-07 04:59:35,Seoul Natl Univ Station,여유,Low,0,4,Thursday,5,0,0,0.0,0.0,0.0,0.0,0.0,Low,0.0
2026-05-07 06:20:33,Seoul Natl Univ Station,여유,Low,0,6,Thursday,5,0,0,0.0,0.0,0.0,0.0,0.0,Low,0.0
2026-05-07 07:12:05,Seoul Natl Univ Station,여유,Low,0,7,Thursday,5,0,0,0.0,0.0,0.0,0.0,0.0,Low,0.0
2026-05-07 08:10:33,Seoul Natl Univ Station,여유,Low,0,8,Thursday,5,0,1,0.0,0.0,0.0,0.0,0.0,Low,0.0
2026-05-07 09:08:42,Seoul Natl Univ Station,여유,Low,0,9,Thursday,5,0,0,0.0,0.0,0.0,0.0,0.0,Low,0.0
2026-05-07 13:04:47,Seoul Natl Univ Station,여유,Low,0,13,Thursday,5,0,0,0.0,0.0,0.0,0.0,0.0,Low,0.0
2026-05-07 15:49:38,Seoul Natl Univ Station,여유,Low,0,15,Thursday,5,0,1,0.0,0.0,0.0,0.0,0.0,Medium,1.0
2026-05-07 18:23:22,Seoul Natl Univ Station,보통,Medium,1,18,Thursday,5,0,1,0.0,0.0,0.0,0.0,0.0,Medium,1.0
2026-05-07 20:25:32,Seoul Natl Univ Station,보통,Medium,1,20,Thursday,5,0,0,1.0,0.0,0.0,0.3333333333333333,0.5773502691896258,Low,0.0
2026-05-07 22:18:55,Seoul Natl Univ Station,여유,Low,0,22,Thursday,5,0,0,1.0,1.0,0.0,0.6666666666666666,0.5773502691896258,Low,0.0
2026-05-08 00:40:51,Seoul Natl Univ Station,여유,Low,0,0,Friday,5,0,0,0.0,1.0,1.0,0.6666666666666666,0.5773502691896258,Low,0.0
2026-05-08 02:28:08,Seoul Natl Univ Station,여유,Low,0,2,Friday,5,0,0,0.0,0.0,1.0,0.3333333333333333,0.5773502691896258,Low,0.0
2026-05-08 04:18:06,Seoul Natl Univ Station,여유,Low,0,4,Friday,5,0,0,0.0,0.0,0.0,0.0,0.0,Low,0.0
2026-05-08 05:43:58,Seoul Natl Univ Station,여유,Low,0,5,Friday,5,0,0,0.0,0.0,0.0,0.0,0.0,Low,0.0
2026-05-08 10:28:18,Seoul Natl Univ Station,여유,Low,0,10,Friday,5,0,0,0.0,0.0,0.0,0.0,0.0,Low,0.0
2026-05-08 13:43:34,Seoul Natl Univ Station,여유,Low,0,13,Friday,5,0,0,0.0,0.0,0.0,0.0,0.0,Low,0.0
2026-05-08 15:25:28,Seoul Natl Univ Station,여유,Low,0,15,Friday,5,0,1,0.0,0.0,0.0,0.0,0.0,Low,0.0
2026-05-08 17:12:48,Seoul Natl Univ Station,여유,Low,0,17,Friday,5,0,1,0.0,0.0,0.0,0.0,0.0,High,2.0
2026-05-08 18:58:57,Seoul Natl Univ Station,약간 붐빔,High,2,18,Friday,5,0,1,0.0,0.0,0.0,0.0,0.0,Medium,1.0
2026-05-08 20:42:44,Seoul Natl Univ Station,보통,Medium,1,20,Friday,5,0,0,2.0,0.0,0.0,0.6666666666666666,1.1547005383792517,Medium,1.0
2026-05-08 22:01:35,Seoul Natl Univ Station,보통,Medium,1,22,Friday,5,0,0,1.0,2.0,0.0,1.0,1.0,Low,0.0
2026-05-09 00:02:23,Seoul Natl Univ Station,여유,Low,0,0,Saturday,5,1,0,1.0,1.0,2.0,1.3333333333333333,0.577350269189626,Low,0.0
2026-05-09 01:43:35,Seoul Natl Univ Station,여유,Low,0,1,Saturday,5,1,0,0.0,1.0,1.0,0.6666666666666666,0.5773502691896258,Low,0.0
2026-05-09 03:01:32,Seoul Natl Univ Station,여유,Low,0,3,Saturday,5,1,0,0.0,0.0,1.0,0.3333333333333333,0.5773502691896258,Low,0.0
2026-05-09 04:42:57,Seoul Natl Univ Station,여유,Low,0,4,Saturday,5,1,0,0.0,0.0,0.0,0.0,0.0,Low,0.0
2026-05-09 05:43:36,Seoul Natl Univ Station,여유,Low,0,5,Saturday,5,1,0,0.0,0.0,0.0,0.0,0.0,Low,0.0
2026-05-09 06:45:25,Seoul Natl Univ Station,여유,Low,0,6,Saturday,5,1,0,0.0,0.0,0.0,0.0,0.0,Low,0.0
2026-05-09 07:41:56,Seoul Natl Univ Station,여유,Low,0,7,Saturday,5,1,0,0.0,0.0,0.0,0.0,0.0,Low,0.0
2026-05-09 08:42:28,Seoul Natl Univ Station,여유,Low,0,8,Saturday,5,1,1,0.0,0.0,0.0,0.0,0.0,Low,0.0
2026-05-09 10:26:04,Seoul Natl Univ Station,여유,Low,0,10,Saturday,5,1,0,0.0,0.0,0.0,0.0,0.0,Medium,1.0
2026-05-09 13:55:31,Seoul Natl Univ Station,보통,Medium,1,13,Saturday,5,1,0,0.0,0.0,0.0,0.0,0.0,Low,0.0
2026-05-09 16:19:52,Seoul Natl Univ Station,여유,Low,0,16,Saturday,5,1,1,1.0,0.0,0.0,0.3333333333333333,0.5773502691896258,Medium,1.0
2026-05-09 17:56:08,Seoul Natl Univ Station,보통,Medium,1,17,Saturday,5,1,1,0.0,1.0,0.0,0.3333333333333333,0.5773502691896258,Medium,1.0
2026-05-09 19:15:56,Seoul Natl Univ Station,보통,Medium,1,19,Saturday,5,1,1,1.0,0.0,1.0,0.6666666666666666,0.5773502691896258,Medium,1.0
2026-05-09 20:15:12,Seoul Natl Univ Station,보통,Medium,1,20,Saturday,5,1,0,1.0,1.0,0.0,0.6666666666666666,0.5773502691896258,Medium,1.0
2026-05-09 21:06:55,Seoul Natl Univ Station,보통,Medium,1,21,Saturday,5,1,0,1.0,1.0,1.0,1.0,0.0,Low,0.0
2026-05-09 22:50:52,Seoul Natl Univ Station,여유,Low,0,22,Saturday,5,1,0,1.0,1.0,1.0,1.0,0.0,Low,0.0
2026-05-09 23:42:18,Seoul Natl Univ Station,여유,Low,0,23,Saturday,5,1,0,0.0,1.0,1.0,0.6666666666666666,0.5773502691896258,Low,0.0
2026-05-10 00:38:09,Seoul Natl Univ Station,여유,Low,0,0,Sunday,5,1,0,0.0,0.0,1.0,0.3333333333333333,0.5773502691896258,Low,0.0
2026-05-10 01:34:57,Seoul Natl Univ Station,여유,Low,0,1,Sunday,5,1,0,0.0,0.0,0.0,0.0,0.0,Low,0.0
2026-05-10 02:34:45,Seoul Natl Univ Station,여유,Low,0,2,Sunday,5,1,0,0.0,0.0,0.0,0.0,0.0,Low,0.0
2026-05-10 03:36:29,Seoul Natl Univ Station,여유,Low,0,3,Sunday,5,1,0,0.0,0.0,0.0,0.0,0.0,Low,0.0
2026-05-10 04:44:01,Seoul Natl Univ Station,여유,Low,0,4,Sunday,5,1,0,0.0,0.0,0.0,0.0,0.0,Low,0.0
2026-05-10 05:31:06,Seoul Natl Univ Station,여유,Low,0,5,Sunday,5,1,0,0.0,0.0,0.0,0.0,0.0,Low,0.0
2026-05-10 06:26:58,Seoul Natl Univ Station,여유,Low,0,6,Sunday,5,1,0,0.0,0.0,0.0,0.0,0.0,Low,0.0
2026-05-10 07:24:12,Seoul Natl Univ Station,여유,Low,0,7,Sunday,5,1,0,0.0,0.0,0.0,0.0,0.0,Low,0.0
2026-05-10 08:28:39,Seoul Natl Univ Station,여유,Low,0,8,Sunday,5,1,1,0.0,0.0,0.0,0.0,0.0,Low,0.0
2026-05-10 10:24:31,Seoul Natl Univ Station,여유,Low,0,10,Sunday,5,1,0,0.0,0.0,0.0,0.0,0.0,Low,0.0
2026-05-10 14:08:50,Seoul Natl Univ Station,여유,Low,0,14,Sunday,5,1,1,0.0,0.0,0.0,0.0,0.0,Low,0.0
2026-05-10 16:37:01,Seoul Natl Univ Station,여유,Low,0,16,Sunday,5,1,1,0.0,0.0,0.0,0.0,0.0,Low,0.0
2026-05-10 18:16:49,Seoul Natl Univ Station,여유,Low,0,18,Sunday,5,1,1,0.0,0.0,0.0,0.0,0.0,Medium,1.0
2026-05-10 19:41:45,Seoul Natl Univ Station,보통,Medium,1,19,Sunday,5,1,1,0.0,0.0,0.0,0.0,0.0,Low,0.0
2026-05-10 20:38:22,Seoul Natl Univ Station,여유,Low,0,20,Sunday,5,1,0,1.0,0.0,0.0,0.3333333333333333,0.5773502691896258,Low,0.0
2026-05-10 21:41:17,Seoul Natl Univ Station,여유,Low,0,21,Sunday,5,1,0,0.0,1.0,0.0,0.3333333333333333,0.5773502691896258,Low,0.0
2026-05-10 23:13:28,Seoul Natl Univ Station,여유,Low,0,23,Sunday,5,1,0,0.0,0.0,1.0,0.3333333333333333,0.5773502691896258,Low,0.0
2026-05-11 00:28:19,Seoul Natl Univ Station,여유,Low,0,0,Monday,5,0,0,0.0,0.0,0.0,0.0,0.0,Low,0.0
2026-05-11 01:33:19,Seoul Natl Univ Station,여유,Low,0,1,Monday,5,0,0,0.0,0.0,0.0,0.0,0.0,Low,0.0
2026-05-11 02:34:44,Seoul Natl Univ Station,여유,Low,0,2,Monday,5,0,0,0.0,0.0,0.0,0.0,0.0,Low,0.0
2026-05-11 03:37:24,Seoul Natl Univ Station,여유,Low,0,3,Monday,5,0,0,0.0,0.0,0.0,0.0,0.0,Low,0.0
2026-05-11 04:44:47,Seoul Natl Univ Station,여유,Low,0,4,Monday,5,0,0,0.0,0.0,0.0,0.0,0.0,Low,0.0
2026-05-11 05:34:08,Seoul Natl Univ Station,여유,Low,0,5,Monday,5,0,0,0.0,0.0,0.0,0.0,0.0,Low,0.0
2026-05-11 06:31:02,Seoul Natl Univ Station,여유,Low,0,6,Monday,5,0,0,0.0,0.0,0.0,0.0,0.0,Low,0.0
2026-05-11 07:27:48,Seoul Natl Univ Station,여유,Low,0,7,Monday,5,0,0,0.0,0.0,0.0,0.0,0.0,Low,0.0
2026-05-11 08:33:17,Seoul Natl Univ Station,여유,Low,0,8,Monday,5,0,1,0.0,0.0,0.0,0.0,0.0,Low,0.0
2026-05-11 10:29:21,Seoul Natl Univ Station,여유,Low,0,10,Monday,5,0,0,0.0,0.0,0.0,0.0,0.0,Low,0.0
2026-05-11 14:42:39,Seoul Natl Univ Station,여유,Low,0,14,Monday,5,0,1,0.0,0.0,0.0,0.0,0.0,Medium,1.0
2026-05-11 17:50:21,Seoul Natl Univ Station,보통,Medium,1,17,Monday,5,0,1,0.0,0.0,0.0,0.0,0.0,Medium,1.0
2026-05-11 20:54:22,Seoul Natl Univ Station,보통,Medium,1,20,Monday,5,0,0,1.0,0.0,0.0,0.3333333333333333,0.5773502691896258,Low,0.0
2026-05-12 00:34:02,Seoul Natl Univ Station,여유,Low,0,0,Tuesday,5,0,0,1.0,1.0,0.0,0.6666666666666666,0.5773502691896258,Low,0.0
2026-05-12 02:35:40,Seoul Natl Univ Station,여유,Low,0,2,Tuesday,5,0,0,0.0,1.0,1.0,0.6666666666666666,0.5773502691896258,Low,0.0
2026-05-12 04:18:59,Seoul Natl Univ Station,여유,Low,0,4,Tuesday,5,0,0,0.0,0.0,1.0,0.3333333333333333,0.5773502691896258,Low,0.0
2026-05-12 05:57:13,Seoul Natl Univ Station,여유,Low,0,5,Tuesday,5,0,0,0.0,0.0,0.0,0.0,0.0,Low,0.0
2026-05-12 09:15:31,Seoul Natl Univ Station,여유,Low,0,9,Tuesday,5,0,0,0.0,0.0,0.0,0.0,0.0,Low,0.0
2026-05-12 13:11:57,Seoul Natl Univ Station,여유,Low,0,13,Tuesday,5,0,0,0.0,0.0,0.0,0.0,0.0,Low,0.0
2026-05-12 16:20:54,Seoul Natl Univ Station,여유,Low,0,16,Tuesday,5,0,1,0.0,0.0,0.0,0.0,0.0,Medium,1.0
2026-05-12 19:02:44,Seoul Natl Univ Station,보통,Medium,1,19,Tuesday,5,0,1,0.0,0.0,0.0,0.0,0.0,Medium,1.0
2026-05-12 21:08:29,Seoul Natl Univ Station,보통,Medium,1,21,Tuesday,5,0,0,1.0,0.0,0.0,0.3333333333333333,0.5773502691896258,Low,0.0
2026-05-12 23:49:22,Seoul Natl Univ Station,여유,Low,0,23,Tuesday,5,0,0,1.0,1.0,0.0,0.6666666666666666,0.5773502691896258,Low,0.0
